shipment_id,origin,destination,transport_mode,carrier_id,route_id,cargo_priority,cargo_value_inr,weight_kg,dispatch_hour,day_of_week,month,remaining_distance_km,remaining_time_minutes,sla_hours,sla_buffer_minutes,weather_severity,precipitation,wind_speed,visibility,weather_event_distance,congestion_index,traffic_delay_minutes,incident_distance,road_closure,port_congestion,port_waiting_time,flight_delay,geopolitical_event_count,earthquake_exposure,infrastructure_disruption,route_historical_delay,carrier_reliability,target_actual_delay_minutes,target_sla_breached,target_delay_category
SH-2557,Bengaluru,Hyderabad,MARITIME,CARRIER-D,RT-BLR-HYD-01,3,2088600.0,8669.8,1,4,10,98.1,107.0,20.4,88.9,1.0,0.0,15.0,10.0,999.0,1.5,0.0,999.0,0,0.0,0.0,0.0,0,0.0,0.0,45.0,0.88,2.7,0,On-Time
SH-3681,Chennai,Hyderabad,ROAD,CARRIER-A,RT-MAA-HYD-01,2,2285500.0,14910.6,15,4,10,540.5,589.6,16.0,238.1,3.1,20.2,37.4,7.3,0.0,7.3,81.6,23.4,1,0.0,0.0,0.0,0,0.0,0.0,55.0,0.92,4.5,0,On-Time
SH-2257,Bengaluru,Chennai,ROAD,CARRIER-A,RT-BLR-MAA-01,2,1792300.0,11884.8,4,5,10,219.0,238.9,8.0,-5.8,6.0,39.0,49.0,6.5,0.0,7.0,92.4,21.8,0,0.0,0.0,0.0,0,0.0,0.0,30.0,0.92,83.8,1,Moderate (1-3h)
SH-3388,Chennai,Coimbatore,AIR,CARRIER-B,RT-MAA-CJB-01,2,390900.0,224.4,16,4,10,144.1,157.2,5.3,116.8,1.0,0.0,15.0,10.0,999.0,1.5,0.0,999.0,0,0.0,0.0,0.0,0,0.0,0.0,40.0,0.97,7.5,0,On-Time
SH-3557,Mumbai,Delhi,ROAD,CARRIER-C,RT-BOM-DEL-01,3,460000.0,8146.3,19,4,10,888.8,969.6,28.0,56.4,3.1,20.2,37.4,7.2,0.0,1.5,0.0,999.0,0,0.0,0.0,0.0,0,0.0,0.0,110.0,0.86,74.9,0,Moderate (1-3h)
SH-3688,Bengaluru,Chennai,AIR,CARRIER-B,RT-BLR-MAA-01,3,1674700.0,6081.5,15,4,10,169.1,184.5,3.4,8.9,1.0,0.0,15.0,10.0,999.0,1.5,0.0,999.0,0,0.0,0.0,0.0,0,0.0,0.0,30.0,0.97,61.1,1,Moderate (1-3h)
SH-2713,Chennai,Bengaluru,MARITIME,CARRIER-D,RT-MAA-BLR-01,2,2168400.0,9254.1,10,4,10,296.9,323.9,15.6,174.8,1.0,0.0,15.0,10.0,999.0,1.5,0.0,999.0,0,7.4,27.5,0.0,0,6.8,3.29,35.0,0.88,12.1,0,On-Time
SH-4139,Chennai,Bengaluru,AIR,CARRIER-B,RT-MAA-BLR-01,4,453200.0,5007.1,16,4,10,222.1,242.3,3.4,56.8,1.0,0.0,15.0,10.0,999.0,1.5,0.0,999.0,0,0.0,0.0,0.0,0,0.0,0.0,35.0,0.97,7.5,0,On-Time
SH-4498,Mumbai,Delhi,ROAD,CARRIER-C,RT-BOM-DEL-01,1,610500.0,13653.3,12,3,10,1079.2,1177.3,27.5,57.0,10.0,65.0,65.0,1.0,0.0,1.5,0.0,999.0,0,0.0,0.0,0.0,0,0.0,0.0,110.0,0.86,77.8,0,Moderate (1-3h)
SH-2347,Chennai,Coimbatore,MARITIME,CARRIER-D,RT-MAA-CJB-01,1,1440500.0,3502.3,15,3,10,172.0,187.6,20.1,176.1,1.0,0.0,15.0,10.0,999.0,1.5,0.0,999.0,0,7.4,27.5,0.0,0,6.8,3.29,40.0,0.88,9.1,0,On-Time
SH-4387,Chennai,Coimbatore,AIR,CARRIER-B,RT-MAA-CJB-01,2,773100.0,17227.1,23,4,10,60.9,66.4,4.8,88.9,1.0,0.0,15.0,10.0,999.0,1.5,0.0,999.0,0,0.0,0.0,0.0,0,0.0,0.0,40.0,0.97,2.6,0,On-Time
SH-4392,Bengaluru,Hyderabad,ROAD,CARRIER-A,RT-BLR-HYD-01,1,2206100.0,16031.2,11,4,10,457.9,499.5,14.5,136.1,4.3,27.9,42.2,7.3,0.0,1.5,0.0,999.0,0,0.0,0.0,0.0,0,0.0,0.0,45.0,0.92,131.3,0,Moderate (1-3h)
SH-2983,Mumbai,Delhi,MARITIME,CARRIER-D,RT-BOM-DEL-01,2,652500.0,3492.5,12,4,10,456.3,497.8,48.8,111.5,1.0,0.0,15.0,10.0,999.0,1.5,0.0,999.0,0,7.7,27.9,0.0,0,0.0,0.0,110.0,0.88,20.0,0,Minor (< 1h)
SH-3463,Mumbai,Pune,MARITIME,CARRIER-D,RT-BOM-PNQ-01,3,2245300.0,4339.0,9,4,10,90.7,98.9,10.3,204.8,1.0,0.0,15.0,10.0,999.0,1.5,0.0,999.0,0,7.7,27.9,0.0,0,0.0,0.0,25.0,0.88,43.8,0,Minor (< 1h)
SH-3340,Mumbai,Delhi,ROAD,CARRIER-C,RT-BOM-DEL-01,1,1360700.0,12222.3,2,5,10,1151.1,1255.7,30.0,233.7,3.1,20.2,37.4,7.2,0.0,1.5,0.0,999.0,0,0.0,0.0,0.0,0,0.0,0.0,110.0,0.86,14.9,0,On-Time
SH-2541,Mumbai,Pune,ROAD,CARRIER-C,RT-BOM-PNQ-01,2,1906200.0,17446.6,1,5,10,62.2,67.9,7.5,235.5,1.0,0.0,15.0,10.0,999.0,1.5,0.0,999.0,0,0.0,0.0,0.0,0,0.0,0.0,25.0,0.86,10.6,0,On-Time
SH-3847,Bengaluru,Hyderabad,MARITIME,CARRIER-D,RT-BLR-HYD-01,3,1559000.0,6205.6,15,4,10,62.4,68.1,20.9,101.9,1.0,0.0,15.0,10.0,999.0,1.5,0.0,999.0,0,0.0,0.0,0.0,0,0.0,0.0,45.0,0.88,42.7,0,Minor (< 1h)
SH-2395,Mumbai,Delhi,ROAD,CARRIER-A,RT-BOM-DEL-01,3,1120300.0,3915.3,19,3,10,1065.0,1161.8,27.5,87.3,10.0,65.0,65.0,1.0,0.0,1.5,0.0,999.0,0,0.0,0.0,0.0,0,0.0,0.0,110.0,0.92,6.3,0,On-Time
SH-3500,Mumbai,Pune,ROAD,CARRIER-A,RT-BOM-PNQ-01,3,1745600.0,13742.4,8,4,10,76.1,83.0,4.5,36.4,10.0,65.0,65.0,1.0,0.0,1.5,0.0,999.0,0,0.0,0.0,0.0,0,0.0,0.0,25.0,0.92,55.5,0,Minor (< 1h)
SH-4466,Mumbai,Pune,ROAD,CARRIER-A,RT-BOM-PNQ-01,3,1884100.0,8580.4,22,3,10,121.6,132.7,4.5,38.6,1.0,0.0,15.0,10.0,999.0,1.5,0.0,999.0,0,0.0,0.0,0.0,0,0.0,0.0,25.0,0.92,35.0,0,Minor (< 1h)
SH-4238,Mumbai,Delhi,ROAD,CARRIER-C,RT-BOM-DEL-01,3,2391100.0,13649.3,21,4,10,435.0,474.5,29.0,171.5,3.1,20.2,37.4,7.2,0.0,1.5,0.0,999.0,0,0.0,0.0,0.0,0,0.0,0.0,110.0,0.86,19.9,0,Minor (< 1h)
SH-3694,Bengaluru,Chennai,ROAD,CARRIER-C,RT-BLR-MAA-01,4,881800.0,9722.1,11,4,10,289.5,315.8,9.0,115.4,4.3,27.9,42.2,6.1,35.1,7.3,122.5,23.4,1,0.0,0.0,0.0,0,0.0,0.0,30.0,0.86,10.7,0,On-Time
SH-3344,Chennai,Bengaluru,MARITIME,CARRIER-D,RT-MAA-BLR-01,1,1176300.0,6456.0,13,3,10,34.8,38.0,13.6,59.6,1.0,0.0,15.0,10.0,999.0,1.5,0.0,999.0,0,7.4,27.5,0.0,0,0.0,0.0,35.0,0.88,1.0,0,On-Time
SH-3130,Chennai,Coimbatore,ROAD,CARRIER-C,RT-MAA-CJB-01,2,1079800.0,8319.8,7,4,10,104.7,114.2,11.5,119.2,3.1,20.2,37.4,7.2,37.7,7.3,122.5,23.4,1,0.0,0.0,0.0,0,0.0,0.0,40.0,0.86,1.9,0,On-Time
SH-4145,Bengaluru,Hyderabad,AIR,CARRIER-B,RT-BLR-HYD-01,4,992100.0,3388.3,11,4,10,378.7,413.1,7.7,239.8,1.0,0.0,15.0,10.0,999.0,1.5,0.0,999.0,0,0.0,0.0,0.0,0,0.0,0.0,45.0,0.97,0.4,0,On-Time
SH-3285,Bengaluru,Chennai,ROAD,CARRIER-C,RT-BLR-MAA-01,1,1601300.0,9731.5,14,3,10,243.3,265.4,9.0,114.1,1.0,0.0,15.0,10.0,999.0,6.4,110.3,18.7,0,0.0,0.0,0.0,0,0.0,0.0,30.0,0.86,13.9,0,On-Time
SH-2879,Chennai,Hyderabad,AIR,CARRIER-B,RT-MAA-HYD-01,4,1227200.0,17744.8,5,4,10,215.3,234.9,8.2,233.1,1.0,0.0,15.0,10.0,999.0,1.5,0.0,999.0,0,0.0,0.0,0.0,0,0.0,0.0,55.0,0.97,16.3,0,Minor (< 1h)
SH-3663,Bengaluru,Hyderabad,MARITIME,CARRIER-D,RT-BLR-HYD-01,1,542400.0,9763.4,23,4,10,466.8,509.2,21.9,173.1,1.0,0.0,15.0,10.0,999.0,1.5,0.0,999.0,0,0.0,0.0,0.0,0,0.0,0.0,45.0,0.88,16.2,0,Minor (< 1h)
SH-3069,Chennai,Coimbatore,AIR,CARRIER-B,RT-MAA-CJB-01,2,516400.0,14487.2,15,4,10,366.4,399.7,4.3,59.7,1.0,0.0,15.0,10.0,999.0,1.5,0.0,999.0,0,0.0,0.0,0.0,0,0.0,0.0,40.0,0.97,0.7,0,On-Time
SH-3045,Chennai,Coimbatore,ROAD,CARRIER-A,RT-MAA-CJB-01,4,763800.0,9322.4,12,3,10,334.7,365.1,12.5,118.5,1.0,0.0,15.0,10.0,999.0,6.4,110.3,18.7,0,0.0,0.0,0.0,0,0.0,0.0,40.0,0.92,82.2,0,Moderate (1-3h)
SH-2282,Chennai,Hyderabad,ROAD,CARRIER-C,RT-MAA-HYD-01,2,1345200.0,1737.2,19,4,10,394.5,430.4,13.5,84.5,8.2,53.3,57.8,2.6,37.7,1.5,0.0,999.0,0,0.0,0.0,0.0,0,0.0,0.0,55.0,0.86,13.0,0,On-Time
SH-2466,Chennai,Coimbatore,ROAD,CARRIER-A,RT-MAA-CJB-01,3,680000.0,16075.6,1,5,10,285.4,311.3,12.5,137.5,8.2,53.3,57.8,2.6,37.7,7.0,92.4,21.8,0,0.0,0.0,0.0,0,0.0,0.0,40.0,0.92,51.3,0,Minor (< 1h)
SH-3838,Mumbai,Delhi,AIR,CARRIER-B,RT-BOM-DEL-01,3,422600.0,13358.1,16,4,10,555.5,606.0,11.1,26.1,1.0,0.0,15.0,10.0,999.0,1.5,0.0,999.0,0,0.0,0.0,0.0,0,0.0,0.0,110.0,0.97,110.9,0,Moderate (1-3h)
SH-3450,Chennai,Hyderabad,AIR,CARRIER-B,RT-MAA-HYD-01,2,884200.0,8435.2,18,3,10,498.5,543.8,6.2,114.6,1.0,0.0,15.0,10.0,999.0,1.5,0.0,999.0,0,0.0,0.0,0.0,0,0.0,0.0,55.0,0.97,12.7,0,On-Time
SH-2936,Chennai,Coimbatore,AIR,CARRIER-B,RT-MAA-CJB-01,3,468200.0,7926.7,0,5,10,385.1,420.1,6.3,174.7,1.0,0.0,15.0,10.0,999.0,1.5,0.0,999.0,0,0.0,0.0,0.0,0,0.0,0.0,40.0,0.97,12.6,0,On-Time
SH-4368,Chennai,Hyderabad,ROAD,CARRIER-C,RT-MAA-HYD-01,1,1894000.0,5427.0,21,3,10,458.2,499.9,13.0,7.9,1.0,0.0,15.0,10.0,999.0,7.0,40.9,25.8,0,0.0,0.0,0.0,0,0.0,0.0,55.0,0.86,71.0,1,Moderate (1-3h)
SH-4323,Chennai,Bengaluru,ROAD,CARRIER-A,RT-MAA-BLR-01,4,1615100.0,11794.9,15,3,10,296.4,323.3,8.5,6.0,1.0,0.0,15.0,10.0,999.0,6.4,110.3,18.7,0,0.0,0.0,0.0,0,0.0,0.0,35.0,0.92,100.4,1,Moderate (1-3h)
SH-4499,Chennai,Bengaluru,AIR,CARRIER-B,RT-MAA-BLR-01,2,225100.0,4214.0,8,4,10,180.1,196.5,3.9,88.9,1.0,0.0,15.0,10.0,999.0,1.5,0.0,999.0,0,0.0,0.0,0.0,0,0.0,0.0,35.0,0.97,2.5,0,On-Time
SH-3506,Bengaluru,Hyderabad,MARITIME,CARRIER-D,RT-BLR-HYD-01,2,2438700.0,4823.7,2,4,10,259.4,283.0,22.9,102.5,1.0,0.0,15.0,10.0,999.0,1.5,0.0,999.0,0,0.0,0.0,0.0,0,0.0,0.0,45.0,0.88,168.3,0,Moderate (1-3h)
SH-2209,Chennai,Bengaluru,MARITIME,CARRIER-D,RT-MAA-BLR-01,2,1747300.0,645.7,14,3,10,172.7,188.4,14.6,117.5,1.0,0.0,15.0,10.0,999.0,1.5,0.0,999.0,0,7.4,27.5,0.0,0,0.0,0.0,35.0,0.88,5.9,0,On-Time
SH-2578,Mumbai,Pune,ROAD,CARRIER-C,RT-BOM-PNQ-01,1,116000.0,10050.0,9,3,10,105.8,115.4,5.0,90.0,1.0,0.0,15.0,10.0,999.0,1.5,0.0,999.0,0,0.0,0.0,0.0,0,0.0,0.0,25.0,0.86,0.1,0,On-Time
SH-3554,Mumbai,Delhi,ROAD,CARRIER-C,RT-BOM-DEL-01,3,1889400.0,6722.1,7,3,10,248.5,271.1,29.0,64.6,1.0,0.0,15.0,10.0,999.0,1.5,0.0,999.0,0,0.0,0.0,0.0,0,0.0,0.0,110.0,0.86,145.1,0,Moderate (1-3h)
SH-2847,Chennai,Hyderabad,MARITIME,CARRIER-D,RT-MAA-HYD-01,2,1453800.0,11075.1,22,3,10,353.3,385.4,23.6,111.1,1.0,0.0,15.0,10.0,999.0,1.5,0.0,999.0,0,7.4,27.5,0.0,0,6.8,3.29,55.0,0.88,20.9,0,Minor (< 1h)
SH-2045,Chennai,Hyderabad,AIR,CARRIER-B,RT-MAA-HYD-01,2,1486800.0,8980.6,0,4,10,330.5,360.5,5.2,20.6,1.0,0.0,15.0,10.0,999.0,1.5,0.0,999.0,0,0.0,0.0,0.0,0,0.0,0.0,55.0,0.97,60.9,1,Moderate (1-3h)
SH-2406,Bengaluru,Hyderabad,ROAD,CARRIER-C,RT-BLR-HYD-01,2,1238200.0,12956.6,14,4,10,439.6,479.6,14.5,187.5,4.3,27.9,42.2,7.3,0.0,1.5,0.0,999.0,0,0.0,0.0,0.0,0,0.0,0.0,45.0,0.86,65.8,0,Moderate (1-3h)
SH-3761,Mumbai,Delhi,ROAD,CARRIER-C,RT-BOM-DEL-01,3,1258900.0,2637.9,10,3,10,446.9,487.5,30.0,227.9,10.0,65.0,65.0,1.0,0.0,1.5,0.0,999.0,0,0.0,0.0,0.0,0,0.0,0.0,110.0,0.86,23.8,0,Minor (< 1h)
SH-2047,Mumbai,Pune,MARITIME,CARRIER-D,RT-BOM-PNQ-01,1,1026500.0,16528.6,6,4,10,94.1,102.7,7.3,55.0,1.0,0.0,15.0,10.0,999.0,1.5,0.0,999.0,0,7.7,27.9,0.0,0,0.0,0.0,25.0,0.88,11.7,0,On-Time
SH-3643,Chennai,Coimbatore,ROAD,CARRIER-C,RT-MAA-CJB-01,2,1362500.0,1108.0,14,4,10,140.1,152.8,12.5,174.5,3.1,20.2,37.4,7.2,37.7,7.3,81.6,23.4,1,0.0,0.0,0.0,0,0.0,0.0,40.0,0.86,12.8,0,On-Time
SH-3799,Chennai,Coimbatore,ROAD,CARRIER-C,RT-MAA-CJB-01,4,2341600.0,14448.3,4,4,10,256.2,279.5,13.5,221.2,3.1,20.2,37.4,7.2,37.7,7.0,40.9,25.8,0,0.0,0.0,0.0,0,0.0,0.0,40.0,0.86,23.4,0,Minor (< 1h)
SH-4016,Bengaluru,Chennai,MARITIME,CARRIER-D,RT-BLR-MAA-01,4,1902400.0,8785.1,21,4,10,97.0,105.8,13.6,-20.7,1.0,0.0,15.0,10.0,999.0,1.5,0.0,999.0,0,7.4,27.5,0.0,0,0.0,0.0,30.0,0.88,104.7,1,Moderate (1-3h)
SH-4174,Bengaluru,Chennai,ROAD,CARRIER-A,RT-BLR-MAA-01,2,2488300.0,11930.5,7,3,10,163.4,178.3,9.0,77.5,3.5,22.8,39.0,6.8,0.0,7.2,150.6,18.7,0,0.0,0.0,0.0,0,0.0,0.0,30.0,0.92,52.0,0,Minor (< 1h)
SH-2147,Bengaluru,Chennai,ROAD,CARRIER-C,RT-BLR-MAA-01,1,594800.0,8049.1,11,4,10,124.3,135.6,8.5,76.6,4.2,27.3,41.8,6.2,23.5,7.3,122.5,23.4,1,0.0,0.0,0.0,0,0.0,0.0,30.0,0.86,17.1,0,Minor (< 1h)
SH-2544,Chennai,Bengaluru,ROAD,CARRIER-A,RT-MAA-BLR-01,4,650000.0,4952.1,11,3,10,169.9,185.3,9.0,-39.1,3.5,22.8,39.0,6.8,0.0,7.2,150.6,18.7,0,0.0,0.0,0.0,0,0.0,0.0,35.0,0.92,207.8,1,Major (> 3h)
SH-2766,Bengaluru,Chennai,ROAD,CARRIER-A,RT-BLR-MAA-01,4,2480200.0,8680.0,18,4,10,298.1,325.2,10.0,90.9,1.0,0.0,15.0,10.0,999.0,1.5,0.0,999.0,0,0.0,0.0,0.0,0,0.0,0.0,30.0,0.92,111.1,0,Moderate (1-3h)
SH-4395,Bengaluru,Hyderabad,AIR,CARRIER-B,RT-BLR-HYD-01,2,138500.0,6724.2,3,4,10,374.4,408.4,7.7,232.7,1.0,0.0,15.0,10.0,999.0,1.5,0.0,999.0,0,0.0,0.0,0.0,0,0.0,0.0,45.0,0.97,17.1,0,Minor (< 1h)
SH-3543,Mumbai,Delhi,ROAD,CARRIER-A,RT-BOM-DEL-01,4,731900.0,17944.9,15,4,10,720.6,786.1,28.0,111.3,10.0,65.0,65.0,1.0,0.0,1.5,0.0,999.0,0,0.0,0.0,0.0,0,0.0,0.0,110.0,0.92,20.6,0,Minor (< 1h)
SH-2319,Bengaluru,Chennai,ROAD,CARRIER-C,RT-BLR-MAA-01,1,2384700.0,555.6,4,4,10,277.4,302.6,8.0,58.3,1.0,0.0,15.0,10.0,999.0,7.0,40.9,25.8,0,0.0,0.0,0.0,0,0.0,0.0,30.0,0.86,4.1,0,On-Time
SH-2619,Bengaluru,Chennai,MARITIME,CARRIER-D,RT-BLR-MAA-01,3,108900.0,9127.4,5,5,10,105.2,114.8,13.6,59.1,1.0,0.0,15.0,10.0,999.0,1.5,0.0,999.0,0,7.4,22.8,0.0,0,0.0,0.0,30.0,0.88,2.2,0,On-Time
SH-3724,Mumbai,Delhi,ROAD,CARRIER-A,RT-BOM-DEL-01,3,2280300.0,14100.0,6,4,10,1113.6,1214.8,30.0,236.7,10.0,65.0,65.0,1.0,0.0,1.5,0.0,999.0,0,0.0,0.0,0.0,0,0.0,0.0,110.0,0.92,7.8,0,On-Time
SH-3945,Mumbai,Pune,AIR,CARRIER-B,RT-BOM-PNQ-01,3,1539300.0,5546.5,4,4,10,52.9,57.7,5.0,138.5,1.0,0.0,15.0,10.0,999.0,1.5,0.0,999.0,0,0.0,0.0,0.0,0,0.0,0.0,25.0,0.97,58.6,0,Minor (< 1h)
SH-2365,Bengaluru,Hyderabad,AIR,CARRIER-B,RT-BLR-HYD-01,3,961400.0,10449.8,14,3,10,340.1,371.0,5.2,-57.9,1.0,0.0,15.0,10.0,999.0,1.5,0.0,999.0,0,0.0,0.0,0.0,0,0.0,0.0,45.0,0.97,176.3,1,Moderate (1-3h)
SH-4099,Mumbai,Pune,AIR,CARRIER-B,RT-BOM-PNQ-01,1,1528200.0,431.2,23,4,10,112.6,122.8,6.0,187.3,1.0,0.0,15.0,10.0,999.0,1.5,0.0,999.0,0,0.0,0.0,0.0,0,0.0,0.0,25.0,0.97,84.7,0,Moderate (1-3h)
SH-3014,Bengaluru,Hyderabad,MARITIME,CARRIER-D,RT-BLR-HYD-01,2,2153800.0,8439.9,5,4,10,345.6,377.0,20.9,115.4,1.0,0.0,15.0,10.0,999.0,1.5,0.0,999.0,0,0.0,0.0,0.0,0,0.0,0.0,45.0,0.88,10.8,0,On-Time
SH-2434,Bengaluru,Hyderabad,ROAD,CARRIER-C,RT-BLR-HYD-01,2,2393000.0,15779.3,13,3,10,363.5,396.5,12.0,86.9,1.0,0.0,15.0,10.0,999.0,1.5,0.0,999.0,0,0.0,0.0,0.0,0,0.0,0.0,45.0,0.86,7.4,0,On-Time
SH-2897,Chennai,Bengaluru,ROAD,CARRIER-A,RT-MAA-BLR-01,2,1037300.0,8690.9,23,4,10,227.9,248.6,10.0,59.0,6.0,39.0,49.0,6.5,0.0,7.0,92.4,21.8,0,0.0,0.0,0.0,0,0.0,0.0,35.0,0.92,149.2,0,Moderate (1-3h)
SH-2470,Mumbai,Delhi,MARITIME,CARRIER-D,RT-BOM-DEL-01,1,535800.0,14907.2,22,4,10,652.6,711.9,48.8,105.9,1.0,0.0,15.0,10.0,999.0,1.5,0.0,999.0,0,7.7,27.9,0.0,0,0.0,0.0,110.0,0.88,33.2,0,Minor (< 1h)
SH-3604,Mumbai,Pune,MARITIME,CARRIER-D,RT-BOM-PNQ-01,2,1784100.0,11276.7,2,4,10,76.9,83.9,7.8,55.8,1.0,0.0,15.0,10.0,999.0,1.5,0.0,999.0,0,7.7,27.9,0.0,0,0.0,0.0,25.0,0.88,80.5,0,Moderate (1-3h)
SH-3382,Mumbai,Pune,MARITIME,CARRIER-D,RT-BOM-PNQ-01,2,1658900.0,14693.1,5,4,10,30.3,33.1,9.3,176.6,1.0,0.0,15.0,10.0,999.0,1.5,0.0,999.0,0,7.7,27.9,0.0,0,0.0,0.0,25.0,0.88,8.0,0,On-Time
SH-2985,Chennai,Bengaluru,AIR,CARRIER-B,RT-MAA-BLR-01,3,864000.0,13989.7,14,3,10,280.4,305.9,4.4,117.9,1.0,0.0,15.0,10.0,999.0,1.5,0.0,999.0,0,0.0,0.0,0.0,0,0.0,0.0,35.0,0.97,4.9,0,On-Time
SH-2674,Chennai,Coimbatore,ROAD,CARRIER-A,RT-MAA-CJB-01,2,640900.0,6337.0,6,4,10,202.4,220.8,11.5,115.1,3.1,20.2,37.4,7.2,37.7,7.3,122.5,23.4,1,0.0,0.0,0.0,0,0.0,0.0,40.0,0.92,11.5,0,On-Time
SH-3776,Bengaluru,Hyderabad,ROAD,CARRIER-A,RT-BLR-HYD-01,3,407800.0,1825.0,15,3,10,383.8,418.7,12.5,31.5,1.0,0.0,15.0,10.0,999.0,1.5,0.0,999.0,0,0.0,0.0,0.0,0,0.0,0.0,45.0,0.92,106.0,0,Moderate (1-3h)
SH-4004,Bengaluru,Hyderabad,MARITIME,CARRIER-D,RT-BLR-HYD-01,1,647800.0,6944.0,6,3,10,190.9,208.3,22.9,239.0,1.0,0.0,15.0,10.0,999.0,1.5,0.0,999.0,0,0.0,0.0,0.0,0,0.0,0.0,45.0,0.88,2.3,0,On-Time
SH-3980,Mumbai,Pune,ROAD,CARRIER-C,RT-BOM-PNQ-01,2,1324500.0,10724.8,2,4,10,57.9,63.2,7.5,226.4,1.0,0.0,15.0,10.0,999.0,1.5,0.0,999.0,0,0.0,0.0,0.0,0,0.0,0.0,25.0,0.86,31.9,0,Minor (< 1h)
SH-3264,Bengaluru,Chennai,ROAD,CARRIER-C,RT-BLR-MAA-01,3,1882700.0,4522.2,0,5,10,270.2,294.8,8.0,58.1,8.2,53.3,57.8,2.6,37.7,1.5,0.0,999.0,0,0.0,0.0,0.0,0,0.0,0.0,30.0,0.86,4.5,0,On-Time
SH-4442,Chennai,Coimbatore,ROAD,CARRIER-C,RT-MAA-CJB-01,3,1605100.0,7428.3,2,5,10,197.0,214.9,12.5,176.5,8.2,53.3,57.8,2.6,37.7,7.0,92.4,21.8,0,0.0,0.0,0.0,0,0.0,0.0,40.0,0.86,8.2,0,On-Time
SH-2797,Chennai,Hyderabad,AIR,CARRIER-B,RT-MAA-HYD-01,4,2313300.0,15699.6,23,3,10,528.7,576.8,6.2,117.8,1.0,0.0,15.0,10.0,999.0,1.5,0.0,999.0,0,0.0,0.0,0.0,0,0.0,0.0,55.0,0.97,5.3,0,On-Time
SH-2361,Chennai,Coimbatore,ROAD,CARRIER-C,RT-MAA-CJB-01,2,1205400.0,15187.9,14,3,10,443.9,484.3,12.5,178.3,1.0,0.0,15.0,10.0,999.0,6.4,110.3,18.7,0,0.0,0.0,0.0,0,0.0,0.0,40.0,0.86,3.9,0,On-Time
SH-2795,Bengaluru,Hyderabad,ROAD,CARRIER-A,RT-BLR-HYD-01,2,1100200.0,9111.8,9,4,10,182.8,199.4,13.5,133.4,4.3,27.9,42.2,7.3,0.0,1.5,0.0,999.0,0,0.0,0.0,0.0,0,0.0,0.0,45.0,0.92,60.9,0,Moderate (1-3h)
SH-2800,Chennai,Coimbatore,ROAD,CARRIER-C,RT-MAA-CJB-01,3,1550900.0,14675.5,0,4,10,365.5,398.7,10.5,-28.3,1.0,0.0,15.0,10.0,999.0,7.0,40.9,25.8,0,0.0,0.0,0.0,0,0.0,0.0,40.0,0.86,108.2,1,Moderate (1-3h)
SH-3846,Chennai,Hyderabad,AIR,CARRIER-B,RT-MAA-HYD-01,1,1497600.0,13147.6,5,4,10,146.7,160.0,7.2,176.6,1.0,0.0,15.0,10.0,999.0,1.5,0.0,999.0,0,0.0,0.0,0.0,0,0.0,0.0,55.0,0.97,7.9,0,On-Time
SH-2739,Mumbai,Pune,ROAD,CARRIER-A,RT-BOM-PNQ-01,2,2425900.0,8650.4,11,3,10,51.6,56.3,7.5,28.5,1.0,0.0,15.0,10.0,999.0,1.5,0.0,999.0,0,0.0,0.0,0.0,0,0.0,0.0,25.0,0.92,275.0,1,Major (> 3h)
SH-2342,Chennai,Hyderabad,AIR,CARRIER-B,RT-MAA-HYD-01,3,65500.0,16357.0,18,3,10,357.5,390.0,7.2,124.3,1.0,0.0,15.0,10.0,999.0,1.5,0.0,999.0,0,0.0,0.0,0.0,0,0.0,0.0,55.0,0.97,88.6,0,Moderate (1-3h)
SH-2889,Bengaluru,Chennai,AIR,CARRIER-B,RT-BLR-MAA-01,2,611200.0,16855.0,3,5,10,146.4,159.7,6.4,178.2,1.0,0.0,15.0,10.0,999.0,1.5,0.0,999.0,0,0.0,0.0,0.0,0,0.0,0.0,30.0,0.97,73.7,0,Moderate (1-3h)
SH-2392,Chennai,Hyderabad,AIR,CARRIER-B,RT-MAA-HYD-01,2,717600.0,11926.9,5,5,10,313.1,341.6,5.7,66.7,1.0,0.0,15.0,10.0,999.0,1.5,0.0,999.0,0,0.0,0.0,0.0,0,0.0,0.0,55.0,0.97,54.9,0,Minor (< 1h)
SH-4294,Mumbai,Pune,ROAD,CARRIER-A,RT-BOM-PNQ-01,1,360600.0,4548.7,10,4,10,40.0,43.6,4.5,55.7,10.0,65.0,65.0,1.0,0.0,1.5,0.0,999.0,0,0.0,0.0,0.0,0,0.0,0.0,25.0,0.92,10.2,0,On-Time
SH-3853,Chennai,Hyderabad,MARITIME,CARRIER-D,RT-MAA-HYD-01,2,2392900.0,6666.1,0,4,10,350.7,382.6,23.6,98.1,1.0,0.0,15.0,10.0,999.0,1.5,0.0,999.0,0,7.4,27.5,0.0,0,6.8,3.29,55.0,0.88,33.3,0,Minor (< 1h)
SH-2215,Chennai,Bengaluru,AIR,CARRIER-B,RT-MAA-BLR-01,2,2333000.0,10367.6,5,4,10,61.5,67.1,4.4,85.9,1.0,0.0,15.0,10.0,999.0,1.5,0.0,999.0,0,0.0,0.0,0.0,0,0.0,0.0,35.0,0.97,80.2,0,Moderate (1-3h)
SH-4173,Chennai,Hyderabad,ROAD,CARRIER-A,RT-MAA-HYD-01,4,1367300.0,16421.7,15,3,10,383.7,418.6,16.0,195.3,1.0,0.0,15.0,10.0,999.0,6.4,110.3,18.7,0,0.0,0.0,0.0,0,0.0,0.0,55.0,0.92,60.7,0,Moderate (1-3h)
SH-4320,Chennai,Coimbatore,ROAD,CARRIER-A,RT-MAA-CJB-01,2,2090400.0,15121.7,4,4,10,343.0,374.2,13.5,238.2,3.1,20.2,37.4,7.2,37.7,7.0,40.9,25.8,0,0.0,0.0,0.0,0,0.0,0.0,40.0,0.92,4.2,0,On-Time
SH-3640,Chennai,Bengaluru,ROAD,CARRIER-A,RT-MAA-BLR-01,2,2482500.0,13055.1,13,4,10,61.3,66.9,8.0,59.5,4.3,27.9,42.2,6.1,35.8,7.3,81.6,23.4,1,0.0,0.0,0.0,0,0.0,0.0,35.0,0.92,1.1,0,On-Time
SH-4334,Mumbai,Delhi,ROAD,CARRIER-C,RT-BOM-DEL-01,2,1986200.0,16339.1,11,3,10,509.4,555.7,29.0,112.4,10.0,65.0,65.0,1.0,0.0,1.5,0.0,999.0,0,0.0,0.0,0.0,0,0.0,0.0,110.0,0.86,86.1,0,Moderate (1-3h)
SH-2878,Chennai,Hyderabad,AIR,CARRIER-B,RT-MAA-HYD-01,2,1887800.0,1928.2,7,3,10,166.0,181.1,7.2,122.1,1.0,0.0,15.0,10.0,999.0,1.5,0.0,999.0,0,0.0,0.0,0.0,0,0.0,0.0,55.0,0.97,72.6,0,Moderate (1-3h)
SH-2168,Chennai,Hyderabad,AIR,CARRIER-B,RT-MAA-HYD-01,3,272200.0,7741.1,5,4,10,540.9,590.1,5.2,56.0,1.0,0.0,15.0,10.0,999.0,1.5,0.0,999.0,0,0.0,0.0,0.0,0,0.0,0.0,55.0,0.97,9.5,0,On-Time
SH-2748,Chennai,Hyderabad,MARITIME,CARRIER-D,RT-MAA-HYD-01,3,1705100.0,6377.8,23,4,10,468.7,511.3,22.6,55.9,1.0,0.0,15.0,10.0,999.0,1.5,0.0,999.0,0,7.4,27.5,0.0,0,0.0,0.0,55.0,0.88,9.6,0,On-Time
SH-3270,Chennai,Bengaluru,AIR,CARRIER-B,RT-MAA-BLR-01,1,1539700.0,6465.8,20,4,10,251.4,274.3,3.9,-2.6,1.0,0.0,15.0,10.0,999.0,1.5,0.0,999.0,0,0.0,0.0,0.0,0,0.0,0.0,35.0,0.97,123.5,1,Moderate (1-3h)
SH-4025,Mumbai,Delhi,ROAD,CARRIER-A,RT-BOM-DEL-01,3,2110100.0,7314.0,12,3,10,1247.4,1360.8,27.0,56.2,10.0,65.0,65.0,1.0,0.0,1.5,0.0,999.0,0,0.0,0.0,0.0,0,0.0,0.0,110.0,0.92,9.0,0,On-Time
SH-2726,Chennai,Bengaluru,AIR,CARRIER-B,RT-MAA-BLR-01,4,860500.0,13449.3,16,4,10,219.9,239.9,3.4,47.8,1.0,0.0,15.0,10.0,999.0,1.5,0.0,999.0,0,0.0,0.0,0.0,0,0.0,0.0,35.0,0.97,28.6,0,Minor (< 1h)
SH-3367,Chennai,Hyderabad,ROAD,CARRIER-A,RT-MAA-HYD-01,1,1861600.0,11739.5,12,4,10,443.7,484.0,15.0,179.3,3.1,20.2,37.4,7.3,0.0,7.3,81.6,23.4,1,0.0,0.0,0.0,0,0.0,0.0,55.0,0.92,1.8,0,On-Time
SH-4171,Bengaluru,Hyderabad,MARITIME,CARRIER-D,RT-BLR-HYD-01,3,1615300.0,6398.4,1,4,10,178.8,195.1,20.4,26.6,1.0,0.0,15.0,10.0,999.0,1.5,0.0,999.0,0,0.0,0.0,0.0,0,0.0,0.0,45.0,0.88,79.3,0,Moderate (1-3h)
SH-2859,Chennai,Bengaluru,AIR,CARRIER-B,RT-MAA-BLR-01,2,2243500.0,14263.4,0,4,10,300.6,327.9,6.4,217.8,1.0,0.0,15.0,10.0,999.0,1.5,0.0,999.0,0,0.0,0.0,0.0,0,0.0,0.0,35.0,0.97,32.3,0,Minor (< 1h)
SH-2902,Chennai,Hyderabad,AIR,CARRIER-B,RT-MAA-HYD-01,4,1409900.0,8955.5,16,3,10,185.6,202.5,7.2,172.0,1.0,0.0,15.0,10.0,999.0,1.5,0.0,999.0,0,0.0,0.0,0.0,0,0.0,0.0,55.0,0.97,18.8,0,Minor (< 1h)
SH-3341,Chennai,Bengaluru,AIR,CARRIER-B,RT-MAA-BLR-01,1,1257600.0,5117.7,6,3,10,82.9,90.4,3.9,89.7,1.0,0.0,15.0,10.0,999.0,1.5,0.0,999.0,0,0.0,0.0,0.0,0,0.0,0.0,35.0,0.97,0.8,0,On-Time
SH-3715,Mumbai,Delhi,AIR,CARRIER-B,RT-BOM-DEL-01,2,1702200.0,10799.8,20,3,10,910.8,993.6,10.1,59.8,1.0,0.0,15.0,10.0,999.0,1.5,0.0,999.0,0,0.0,0.0,0.0,0,0.0,0.0,110.0,0.97,0.6,0,On-Time
SH-2001,Chennai,Bengaluru,MARITIME,CARRIER-D,RT-MAA-BLR-01,1,1153400.0,6800.2,3,4,10,41.2,44.9,14.1,84.1,1.0,0.0,15.0,10.0,999.0,1.5,0.0,999.0,0,7.4,27.5,0.0,0,6.8,3.29,35.0,0.88,13.9,0,On-Time
SH-4037,Chennai,Bengaluru,ROAD,CARRIER-C,RT-MAA-BLR-01,3,749300.0,10638.9,8,3,10,298.0,325.1,8.0,34.7,3.5,22.8,39.0,6.8,0.0,7.2,86.0,12.2,1,0.0,0.0,0.0,0,0.0,0.0,35.0,0.86,31.2,0,Minor (< 1h)
SH-3148,Chennai,Hyderabad,ROAD,CARRIER-C,RT-MAA-HYD-01,4,2430900.0,16377.3,16,3,10,554.8,605.2,13.0,36.0,1.0,0.0,15.0,10.0,999.0,6.4,110.3,18.7,0,0.0,0.0,0.0,0,0.0,0.0,55.0,0.86,36.5,0,Minor (< 1h)
SH-2285,Mumbai,Pune,ROAD,CARRIER-A,RT-BOM-PNQ-01,1,756100.0,13573.6,7,3,10,26.7,30.0,5.0,20.2,1.0,0.0,15.0,10.0,999.0,1.5,0.0,999.0,0,0.0,0.0,0.0,0,0.0,0.0,25.0,0.92,89.9,0,Moderate (1-3h)
SH-3227,Mumbai,Delhi,MARITIME,CARRIER-D,RT-BOM-DEL-01,1,1242600.0,14662.2,16,3,10,1075.4,1173.2,47.8,52.2,1.0,0.0,15.0,10.0,999.0,1.5,0.0,999.0,0,7.7,27.9,0.0,0,0.0,0.0,110.0,0.88,18.3,0,Minor (< 1h)
SH-4220,Chennai,Bengaluru,MARITIME,CARRIER-D,RT-MAA-BLR-01,3,2489100.0,8249.3,1,5,10,140.5,153.3,14.1,88.3,1.0,0.0,15.0,10.0,999.0,1.5,0.0,999.0,0,7.4,22.8,0.0,0,0.0,0.0,35.0,0.88,4.0,0,On-Time
SH-2080,Chennai,Bengaluru,AIR,CARRIER-B,RT-MAA-BLR-01,3,1198500.0,2921.2,11,4,10,258.8,282.3,4.4,116.6,1.0,0.0,15.0,10.0,999.0,1.5,0.0,999.0,0,0.0,0.0,0.0,0,0.0,0.0,35.0,0.97,8.0,0,On-Time
SH-3806,Chennai,Hyderabad,MARITIME,CARRIER-D,RT-MAA-HYD-01,1,2425600.0,6978.0,9,3,10,300.2,327.5,25.6,113.7,1.0,0.0,15.0,10.0,999.0,1.5,0.0,999.0,0,7.4,27.5,0.0,0,6.8,3.29,55.0,0.88,149.6,0,Moderate (1-3h)
SH-4118,Mumbai,Delhi,MARITIME,CARRIER-D,RT-BOM-DEL-01,1,1905600.0,11853.3,19,3,10,1269.4,1384.8,48.8,34.0,1.0,0.0,15.0,10.0,999.0,1.5,0.0,999.0,0,7.7,27.9,0.0,0,0.0,0.0,110.0,0.88,110.3,0,Moderate (1-3h)
SH-2776,Bengaluru,Hyderabad,ROAD,CARRIER-C,RT-BLR-HYD-01,3,1545700.0,8921.7,23,4,10,211.0,230.2,11.5,54.3,3.9,25.3,40.6,6.5,0.0,1.5,0.0,999.0,0,0.0,0.0,0.0,0,0.0,0.0,45.0,0.86,13.4,0,On-Time
SH-4039,Bengaluru,Chennai,MARITIME,CARRIER-D,RT-BLR-MAA-01,3,939500.0,256.0,12,4,10,286.9,313.0,13.6,50.0,1.0,0.0,15.0,10.0,999.0,1.5,0.0,999.0,0,7.4,27.5,0.0,0,6.8,3.29,30.0,0.88,23.4,0,Minor (< 1h)
SH-2008,Bengaluru,Hyderabad,AIR,CARRIER-B,RT-BLR-HYD-01,3,1143100.0,6982.2,21,4,10,183.6,200.3,4.7,18.4,1.0,0.0,15.0,10.0,999.0,1.5,0.0,999.0,0,0.0,0.0,0.0,0,0.0,0.0,45.0,0.97,50.7,0,Minor (< 1h)
SH-2029,Chennai,Coimbatore,MARITIME,CARRIER-D,RT-MAA-CJB-01,2,1330400.0,13797.8,18,3,10,385.3,420.3,19.1,119.2,1.0,0.0,15.0,10.0,999.0,1.5,0.0,999.0,0,7.4,27.5,0.0,0,6.8,3.29,40.0,0.88,1.9,0,On-Time
SH-3587,Mumbai,Delhi,ROAD,CARRIER-C,RT-BOM-DEL-01,4,64400.0,16448.9,13,3,10,777.0,847.6,29.0,177.4,10.0,65.0,65.0,1.0,0.0,1.5,0.0,999.0,0,0.0,0.0,0.0,0,0.0,0.0,110.0,0.86,6.2,0,On-Time
SH-3971,Bengaluru,Chennai,AIR,CARRIER-B,RT-BLR-MAA-01,2,2338500.0,6347.0,12,4,10,176.9,193.0,5.4,175.0,1.0,0.0,15.0,10.0,999.0,1.5,0.0,999.0,0,0.0,0.0,0.0,0,0.0,0.0,30.0,0.97,11.9,0,On-Time
SH-2660,Bengaluru,Hyderabad,MARITIME,CARRIER-D,RT-BLR-HYD-01,4,2370500.0,12057.1,3,4,10,69.4,75.7,20.9,112.4,1.0,0.0,15.0,10.0,999.0,1.5,0.0,999.0,0,0.0,0.0,0.0,0,0.0,0.0,45.0,0.88,17.9,0,Minor (< 1h)
SH-2972,Chennai,Hyderabad,MARITIME,CARRIER-D,RT-MAA-HYD-01,2,2114900.0,17363.9,1,4,10,227.5,248.2,23.6,113.7,1.0,0.0,15.0,10.0,999.0,1.5,0.0,999.0,0,7.4,27.5,0.0,0,6.8,3.29,55.0,0.88,14.8,0,On-Time
SH-2510,Chennai,Coimbatore,MARITIME,CARRIER-D,RT-MAA-CJB-01,2,126900.0,15259.7,6,4,10,395.0,430.9,19.1,115.3,1.0,0.0,15.0,10.0,999.0,1.5,0.0,999.0,0,7.4,27.5,0.0,0,6.8,3.29,40.0,0.88,11.2,0,On-Time
SH-2536,Chennai,Coimbatore,MARITIME,CARRIER-D,RT-MAA-CJB-01,3,1645500.0,3948.8,8,3,10,394.5,430.4,20.1,125.2,1.0,0.0,15.0,10.0,999.0,1.5,0.0,999.0,0,7.4,27.5,0.0,0,0.0,0.0,40.0,0.88,70.2,0,Moderate (1-3h)
SH-3470,Mumbai,Delhi,AIR,CARRIER-B,RT-BOM-DEL-01,3,2318600.0,13618.3,5,4,10,1271.6,1387.2,12.1,178.4,1.0,0.0,15.0,10.0,999.0,1.5,0.0,999.0,0,0.0,0.0,0.0,0,0.0,0.0,110.0,0.97,3.7,0,On-Time
SH-3798,Mumbai,Pune,ROAD,CARRIER-C,RT-BOM-PNQ-01,2,559500.0,16004.3,13,3,10,93.6,102.1,5.0,83.8,1.0,0.0,15.0,10.0,999.0,1.5,0.0,999.0,0,0.0,0.0,0.0,0,0.0,0.0,25.0,0.86,14.5,0,On-Time
SH-2132,Mumbai,Delhi,MARITIME,CARRIER-D,RT-BOM-DEL-01,1,559600.0,9436.7,19,4,10,1273.1,1388.8,50.8,232.9,1.0,0.0,15.0,10.0,999.0,1.5,0.0,999.0,0,7.7,27.9,0.0,0,0.0,0.0,110.0,0.88,16.7,0,Minor (< 1h)
SH-2734,Mumbai,Delhi,ROAD,CARRIER-A,RT-BOM-DEL-01,2,1014300.0,2331.6,8,3,10,387.8,423.1,28.0,113.4,1.0,0.0,15.0,10.0,999.0,1.5,0.0,999.0,0,0.0,0.0,0.0,0,0.0,0.0,110.0,0.92,15.5,0,Minor (< 1h)
SH-3779,Chennai,Hyderabad,ROAD,CARRIER-A,RT-MAA-HYD-01,2,1591500.0,14922.7,4,4,10,480.6,524.3,16.0,179.0,3.1,20.2,37.4,7.3,0.0,7.3,122.5,23.4,1,0.0,0.0,0.0,0,0.0,0.0,55.0,0.92,79.6,0,Moderate (1-3h)
SH-4191,Chennai,Coimbatore,AIR,CARRIER-B,RT-MAA-CJB-01,3,2238200.0,11924.6,21,3,10,422.3,460.7,6.3,112.0,1.0,0.0,15.0,10.0,999.0,1.5,0.0,999.0,0,0.0,0.0,0.0,0,0.0,0.0,40.0,0.97,83.4,0,Moderate (1-3h)
SH-4491,Bengaluru,Chennai,AIR,CARRIER-B,RT-BLR-MAA-01,3,1093800.0,14130.1,3,5,10,293.6,320.3,5.4,115.8,1.0,0.0,15.0,10.0,999.0,1.5,0.0,999.0,0,0.0,0.0,0.0,0,0.0,0.0,30.0,0.97,80.6,0,Moderate (1-3h)
SH-4098,Mumbai,Pune,ROAD,CARRIER-C,RT-BOM-PNQ-01,2,1366500.0,5897.1,16,3,10,129.0,140.7,5.5,112.9,1.0,0.0,15.0,10.0,999.0,1.5,0.0,999.0,0,0.0,0.0,0.0,0,0.0,0.0,25.0,0.86,16.8,0,Minor (< 1h)
SH-3529,Chennai,Hyderabad,AIR,CARRIER-B,RT-MAA-HYD-01,2,2047700.0,472.0,0,5,10,271.4,296.1,5.7,87.2,1.0,0.0,15.0,10.0,999.0,1.5,0.0,999.0,0,0.0,0.0,0.0,0,0.0,0.0,55.0,0.97,6.5,0,On-Time
SH-2554,Mumbai,Delhi,AIR,CARRIER-B,RT-BOM-DEL-01,3,1379600.0,15402.7,0,4,10,835.6,911.6,10.6,45.4,1.0,0.0,15.0,10.0,999.0,1.5,0.0,999.0,0,0.0,0.0,0.0,0,0.0,0.0,110.0,0.97,53.7,0,Minor (< 1h)
SH-3876,Bengaluru,Chennai,AIR,CARRIER-B,RT-BLR-MAA-01,3,1699500.0,12285.4,1,5,10,244.5,266.7,3.9,90.0,1.0,0.0,15.0,10.0,999.0,1.5,0.0,999.0,0,0.0,0.0,0.0,0,0.0,0.0,30.0,0.97,0.1,0,On-Time
SH-2436,Mumbai,Delhi,ROAD,CARRIER-A,RT-BOM-DEL-01,3,1917900.0,10586.2,19,4,10,900.7,982.6,28.0,117.4,3.1,20.2,37.4,7.2,0.0,1.5,0.0,999.0,0,0.0,0.0,0.0,0,0.0,0.0,110.0,0.92,6.1,0,On-Time
SH-3539,Bengaluru,Chennai,ROAD,CARRIER-C,RT-BLR-MAA-01,4,1052100.0,6371.0,21,3,10,187.4,204.4,9.0,110.4,1.0,0.0,15.0,10.0,999.0,1.5,0.0,999.0,0,0.0,0.0,0.0,0,0.0,0.0,30.0,0.86,22.5,0,Minor (< 1h)
SH-3721,Bengaluru,Hyderabad,ROAD,CARRIER-A,RT-BLR-HYD-01,4,1319300.0,5368.7,5,5,10,390.2,425.7,11.5,-45.0,3.9,25.3,40.6,6.5,0.0,1.5,0.0,999.0,0,0.0,0.0,0.0,0,0.0,0.0,45.0,0.92,133.1,1,Moderate (1-3h)
SH-4273,Mumbai,Pune,AIR,CARRIER-B,RT-BOM-PNQ-01,2,472800.0,616.9,23,4,10,87.0,94.9,5.0,174.0,1.0,0.0,15.0,10.0,999.0,1.5,0.0,999.0,0,0.0,0.0,0.0,0,0.0,0.0,25.0,0.97,14.2,0,On-Time
SH-2612,Bengaluru,Hyderabad,ROAD,CARRIER-C,RT-BLR-HYD-01,1,308800.0,3720.9,10,3,10,419.0,457.1,12.0,84.4,10.0,65.0,65.0,1.0,0.0,1.5,0.0,999.0,0,0.0,0.0,0.0,0,0.0,0.0,45.0,0.86,13.2,0,On-Time
SH-4103,Chennai,Bengaluru,ROAD,CARRIER-C,RT-MAA-BLR-01,3,2109900.0,15236.9,13,3,10,172.6,188.3,10.0,157.8,1.0,0.0,15.0,10.0,999.0,6.4,110.3,18.7,0,0.0,0.0,0.0,0,0.0,0.0,35.0,0.86,31.5,0,Minor (< 1h)
SH-2594,Bengaluru,Hyderabad,MARITIME,CARRIER-D,RT-BLR-HYD-01,2,1382200.0,921.4,15,4,10,510.4,556.8,20.4,86.8,1.0,0.0,15.0,10.0,999.0,1.5,0.0,999.0,0,0.0,0.0,0.0,0,0.0,0.0,45.0,0.88,7.5,0,On-Time
SH-3385,Mumbai,Pune,ROAD,CARRIER-C,RT-BOM-PNQ-01,3,578300.0,879.8,3,5,10,52.4,57.2,5.5,75.2,1.0,0.0,15.0,10.0,999.0,1.5,0.0,999.0,0,0.0,0.0,0.0,0,0.0,0.0,25.0,0.86,57.3,0,Minor (< 1h)
SH-3492,Chennai,Bengaluru,ROAD,CARRIER-C,RT-MAA-BLR-01,3,1852600.0,13576.2,5,5,10,43.3,47.2,10.0,177.6,6.0,39.0,49.0,6.5,0.0,7.0,92.4,21.8,0,0.0,0.0,0.0,0,0.0,0.0,35.0,0.86,5.7,0,On-Time
SH-3364,Bengaluru,Hyderabad,ROAD,CARRIER-C,RT-BLR-HYD-01,1,106400.0,469.1,19,4,10,210.4,229.5,11.5,-74.8,3.9,25.3,40.6,6.5,0.0,1.5,0.0,999.0,0,0.0,0.0,0.0,0,0.0,0.0,45.0,0.86,163.2,1,Moderate (1-3h)
SH-3922,Mumbai,Pune,ROAD,CARRIER-A,RT-BOM-PNQ-01,1,1898400.0,559.8,3,5,10,84.2,91.9,5.5,94.9,1.0,0.0,15.0,10.0,999.0,1.5,0.0,999.0,0,0.0,0.0,0.0,0,0.0,0.0,25.0,0.92,59.1,0,Minor (< 1h)
SH-2890,Mumbai,Pune,AIR,CARRIER-B,RT-BOM-PNQ-01,2,919900.0,17239.2,10,4,10,126.4,137.9,5.0,174.0,1.0,0.0,15.0,10.0,999.0,1.5,0.0,999.0,0,0.0,0.0,0.0,0,0.0,0.0,25.0,0.97,14.1,0,On-Time
SH-2400,Mumbai,Pune,ROAD,CARRIER-A,RT-BOM-PNQ-01,2,1594100.0,614.0,13,4,10,47.2,51.5,4.5,35.2,10.0,65.0,65.0,1.0,0.0,1.5,0.0,999.0,0,0.0,0.0,0.0,0,0.0,0.0,25.0,0.92,38.0,0,Minor (< 1h)
SH-2130,Mumbai,Pune,MARITIME,CARRIER-D,RT-BOM-PNQ-01,3,520200.0,3323.2,22,3,10,111.6,121.7,7.8,57.1,1.0,0.0,15.0,10.0,999.0,1.5,0.0,999.0,0,7.7,27.9,0.0,0,0.0,0.0,25.0,0.88,41.7,0,Minor (< 1h)
SH-4456,Chennai,Hyderabad,MARITIME,CARRIER-D,RT-MAA-HYD-01,2,2275400.0,1618.7,15,4,10,537.6,586.5,22.6,-51.0,1.0,0.0,15.0,10.0,999.0,1.5,0.0,999.0,0,7.4,27.5,0.0,0,6.8,3.29,55.0,0.88,137.4,1,Moderate (1-3h)
SH-2157,Chennai,Bengaluru,ROAD,CARRIER-C,RT-MAA-BLR-01,1,912900.0,12863.1,10,4,10,178.8,195.1,9.0,115.8,4.2,27.3,41.8,6.2,20.6,7.3,122.5,23.4,1,0.0,0.0,0.0,0,0.0,0.0,35.0,0.86,9.9,0,On-Time
SH-3976,Mumbai,Pune,ROAD,CARRIER-A,RT-BOM-PNQ-01,2,1289700.0,6540.0,6,4,10,93.6,102.1,7.5,236.9,1.0,0.0,15.0,10.0,999.0,1.5,0.0,999.0,0,0.0,0.0,0.0,0,0.0,0.0,25.0,0.92,7.2,0,On-Time
SH-3302,Bengaluru,Chennai,ROAD,CARRIER-A,RT-BLR-MAA-01,3,2252600.0,17840.3,4,4,10,246.4,268.8,8.0,30.2,4.3,27.9,42.2,6.1,35.8,7.0,40.9,25.8,0,0.0,0.0,0.0,0,0.0,0.0,30.0,0.92,43.2,0,Minor (< 1h)
SH-2248,Chennai,Coimbatore,ROAD,CARRIER-C,RT-MAA-CJB-01,2,1876900.0,1703.8,4,4,10,414.9,452.6,13.5,238.2,3.1,20.2,37.4,7.2,37.7,7.3,122.5,23.4,1,0.0,0.0,0.0,0,0.0,0.0,40.0,0.86,4.2,0,On-Time
SH-2242,Mumbai,Pune,ROAD,CARRIER-A,RT-BOM-PNQ-01,3,2210700.0,12069.6,10,4,10,51.3,56.0,5.5,115.0,10.0,65.0,65.0,1.0,0.0,1.5,0.0,999.0,0,0.0,0.0,0.0,0,0.0,0.0,25.0,0.92,11.8,0,On-Time
SH-2500,Chennai,Coimbatore,ROAD,CARRIER-A,RT-MAA-CJB-01,2,1836600.0,1381.1,23,4,10,420.9,459.2,10.5,-20.1,8.2,53.3,57.8,2.6,35.2,7.0,92.4,21.8,0,0.0,0.0,0.0,0,0.0,0.0,40.0,0.92,94.7,1,Moderate (1-3h)
SH-2848,Chennai,Coimbatore,ROAD,CARRIER-C,RT-MAA-CJB-01,4,1795200.0,15304.9,23,4,10,170.4,185.9,11.5,51.0,8.2,53.3,57.8,2.6,37.7,7.0,92.4,21.8,0,0.0,0.0,0.0,0,0.0,0.0,40.0,0.86,86.3,0,Moderate (1-3h)
SH-4086,Bengaluru,Chennai,ROAD,CARRIER-C,RT-BLR-MAA-01,4,1869600.0,12204.3,9,3,10,138.2,150.8,9.0,113.3,3.5,22.8,39.0,6.8,0.0,7.2,150.6,18.7,0,0.0,0.0,0.0,0,0.0,0.0,30.0,0.86,15.7,0,Minor (< 1h)
SH-3525,Bengaluru,Chennai,AIR,CARRIER-B,RT-BLR-MAA-01,3,707100.0,14637.1,18,4,10,308.8,336.9,6.4,233.8,1.0,0.0,15.0,10.0,999.0,1.5,0.0,999.0,0,0.0,0.0,0.0,0,0.0,0.0,30.0,0.97,14.6,0,On-Time
SH-4107,Chennai,Bengaluru,ROAD,CARRIER-C,RT-MAA-BLR-01,3,935500.0,9172.1,5,4,10,143.1,156.1,10.0,89.0,4.3,27.9,42.2,6.1,35.8,7.0,40.9,25.8,0,0.0,0.0,0.0,0,0.0,0.0,35.0,0.86,140.7,0,Moderate (1-3h)
SH-4300,Chennai,Coimbatore,ROAD,CARRIER-C,RT-MAA-CJB-01,3,218400.0,5449.6,21,4,10,440.1,480.1,10.5,55.6,1.0,0.0,15.0,10.0,999.0,1.5,0.0,999.0,0,0.0,0.0,0.0,0,0.0,0.0,40.0,0.86,10.5,0,On-Time
SH-3723,Mumbai,Pune,ROAD,CARRIER-A,RT-BOM-PNQ-01,2,1626000.0,13539.6,11,4,10,45.7,49.9,7.5,233.3,10.0,65.0,65.0,1.0,0.0,1.5,0.0,999.0,0,0.0,0.0,0.0,0,0.0,0.0,25.0,0.92,15.9,0,Minor (< 1h)
SH-2078,Mumbai,Delhi,AIR,CARRIER-B,RT-BOM-DEL-01,3,1252000.0,9629.5,7,4,10,210.1,229.2,10.6,73.8,1.0,0.0,15.0,10.0,999.0,1.5,0.0,999.0,0,0.0,0.0,0.0,0,0.0,0.0,110.0,0.97,38.1,0,Minor (< 1h)
SH-3049,Mumbai,Pune,MARITIME,CARRIER-D,RT-BOM-PNQ-01,2,553800.0,10541.1,19,4,10,93.8,102.3,7.3,57.3,1.0,0.0,15.0,10.0,999.0,1.5,0.0,999.0,0,7.7,27.9,0.0,0,0.0,0.0,25.0,0.88,6.3,0,On-Time
SH-2497,Bengaluru,Hyderabad,MARITIME,CARRIER-D,RT-BLR-HYD-01,2,1012200.0,1910.2,1,5,10,306.3,334.1,22.9,200.1,1.0,0.0,15.0,10.0,999.0,1.5,0.0,999.0,0,0.0,0.0,0.0,0,0.0,0.0,45.0,0.88,49.1,0,Minor (< 1h)
SH-3209,Chennai,Bengaluru,ROAD,CARRIER-A,RT-MAA-BLR-01,1,1351300.0,13399.4,15,3,10,164.1,179.0,9.0,95.1,1.0,0.0,15.0,10.0,999.0,6.4,110.3,18.7,0,0.0,0.0,0.0,0,0.0,0.0,35.0,0.92,36.7,0,Minor (< 1h)
SH-3747,Bengaluru,Hyderabad,ROAD,CARRIER-A,RT-BLR-HYD-01,2,2375800.0,15160.6,15,3,10,370.8,404.5,14.5,236.3,1.0,0.0,15.0,10.0,999.0,1.5,0.0,999.0,0,0.0,0.0,0.0,0,0.0,0.0,45.0,0.92,8.8,0,On-Time
SH-2665,Chennai,Hyderabad,ROAD,CARRIER-A,RT-MAA-HYD-01,3,1745900.0,7199.4,1,4,10,461.5,503.5,14.0,116.1,3.1,20.2,37.4,7.3,0.0,7.0,40.9,25.8,0,0.0,0.0,0.0,0,0.0,0.0,55.0,0.92,9.2,0,On-Time
SH-4465,Bengaluru,Hyderabad,MARITIME,CARRIER-D,RT-BLR-HYD-01,3,1521700.0,17516.0,18,4,10,339.6,370.5,20.9,111.8,1.0,0.0,15.0,10.0,999.0,1.5,0.0,999.0,0,0.0,0.0,0.0,0,0.0,0.0,45.0,0.88,19.3,0,Minor (< 1h)
SH-2379,Chennai,Coimbatore,AIR,CARRIER-B,RT-MAA-CJB-01,4,583600.0,2093.6,1,4,10,191.2,208.6,6.3,172.2,1.0,0.0,15.0,10.0,999.0,1.5,0.0,999.0,0,0.0,0.0,0.0,0,0.0,0.0,40.0,0.97,18.5,0,Minor (< 1h)
SH-2692,Bengaluru,Hyderabad,MARITIME,CARRIER-D,RT-BLR-HYD-01,3,1821700.0,15088.0,22,3,10,419.1,457.2,20.9,98.6,1.0,0.0,15.0,10.0,999.0,1.5,0.0,999.0,0,0.0,0.0,0.0,0,0.0,0.0,45.0,0.88,50.3,0,Minor (< 1h)
SH-2593,Chennai,Coimbatore,AIR,CARRIER-B,RT-MAA-CJB-01,3,2392200.0,2525.9,21,3,10,345.1,376.5,4.8,53.0,1.0,0.0,15.0,10.0,999.0,1.5,0.0,999.0,0,0.0,0.0,0.0,0,0.0,0.0,40.0,0.97,87.1,0,Moderate (1-3h)
SH-3083,Mumbai,Pune,ROAD,CARRIER-A,RT-BOM-PNQ-01,2,2481400.0,3109.3,7,3,10,100.8,110.0,4.5,36.7,1.0,0.0,15.0,10.0,999.0,1.5,0.0,999.0,0,0.0,0.0,0.0,0,0.0,0.0,25.0,0.92,40.3,0,Minor (< 1h)
SH-4159,Mumbai,Pune,MARITIME,CARRIER-D,RT-BOM-PNQ-01,3,971700.0,13671.3,13,3,10,24.8,30.0,10.3,236.2,1.0,0.0,15.0,10.0,999.0,1.5,0.0,999.0,0,5.7,17.3,0.0,0,0.0,0.0,25.0,0.88,9.0,0,On-Time
SH-3138,Mumbai,Pune,AIR,CARRIER-B,RT-BOM-PNQ-01,2,2086600.0,8145.8,23,3,10,97.0,105.8,3.0,55.2,1.0,0.0,15.0,10.0,999.0,1.5,0.0,999.0,0,0.0,0.0,0.0,0,0.0,0.0,25.0,0.97,11.2,0,On-Time
SH-3456,Bengaluru,Chennai,MARITIME,CARRIER-D,RT-BLR-MAA-01,3,490000.0,13078.7,5,5,10,95.7,104.4,14.1,2.4,1.0,0.0,15.0,10.0,999.0,1.5,0.0,999.0,0,7.4,22.8,0.0,0,0.0,0.0,30.0,0.88,107.0,1,Moderate (1-3h)
SH-2252,Bengaluru,Chennai,MARITIME,CARRIER-D,RT-BLR-MAA-01,2,2222100.0,1936.3,18,4,10,183.3,200.0,14.1,83.6,1.0,0.0,15.0,10.0,999.0,1.5,0.0,999.0,0,7.4,27.5,0.0,0,0.0,0.0,30.0,0.88,15.0,0,On-Time
SH-3155,Chennai,Hyderabad,MARITIME,CARRIER-D,RT-MAA-HYD-01,2,1120500.0,10851.2,1,4,10,505.0,550.9,23.1,3.6,1.0,0.0,15.0,10.0,999.0,1.5,0.0,999.0,0,7.4,27.5,0.0,0,6.8,3.29,55.0,0.88,137.7,1,Moderate (1-3h)
SH-2691,Chennai,Bengaluru,ROAD,CARRIER-C,RT-MAA-BLR-01,3,2454400.0,2329.4,11,3,10,61.8,67.4,11.0,238.6,3.5,22.8,39.0,6.8,0.0,7.2,150.6,18.7,0,0.0,0.0,0.0,0,0.0,0.0,35.0,0.86,3.2,0,On-Time
SH-2658,Bengaluru,Chennai,MARITIME,CARRIER-D,RT-BLR-MAA-01,3,1789900.0,3061.7,8,3,10,239.7,261.5,14.1,72.0,1.0,0.0,15.0,10.0,999.0,1.5,0.0,999.0,0,6.9,22.2,0.0,0,0.0,0.0,30.0,0.88,27.9,0,Minor (< 1h)
SH-4009,Chennai,Coimbatore,ROAD,CARRIER-C,RT-MAA-CJB-01,1,1805800.0,1520.4,14,3,10,253.9,277.0,11.0,-11.8,1.0,0.0,15.0,10.0,999.0,6.4,110.3,18.7,0,0.0,0.0,0.0,0,0.0,0.0,40.0,0.86,129.0,1,Moderate (1-3h)
SH-4439,Bengaluru,Chennai,MARITIME,CARRIER-D,RT-BLR-MAA-01,3,1766300.0,9920.6,7,4,10,98.0,106.9,16.6,232.6,1.0,0.0,15.0,10.0,999.0,1.5,0.0,999.0,0,7.4,27.5,0.0,0,6.8,3.29,30.0,0.88,17.4,0,Minor (< 1h)
SH-3112,Mumbai,Delhi,ROAD,CARRIER-A,RT-BOM-DEL-01,2,1881800.0,16265.0,17,4,10,385.7,420.8,30.0,130.3,10.0,65.0,65.0,1.0,0.0,1.5,0.0,999.0,0,0.0,0.0,0.0,0,0.0,0.0,110.0,0.92,151.7,0,Moderate (1-3h)
SH-3665,Bengaluru,Chennai,AIR,CARRIER-B,RT-BLR-MAA-01,1,544800.0,14058.6,22,4,10,96.5,105.3,6.4,121.8,1.0,0.0,15.0,10.0,999.0,1.5,0.0,999.0,0,0.0,0.0,0.0,0,0.0,0.0,30.0,0.97,148.5,0,Moderate (1-3h)
SH-3221,Bengaluru,Hyderabad,ROAD,CARRIER-C,RT-BLR-HYD-01,4,2179200.0,10460.5,20,3,10,312.5,340.9,13.5,151.4,1.0,0.0,15.0,10.0,999.0,1.5,0.0,999.0,0,0.0,0.0,0.0,0,0.0,0.0,45.0,0.86,37.2,0,Minor (< 1h)
SH-2393,Chennai,Bengaluru,ROAD,CARRIER-C,RT-MAA-BLR-01,1,725400.0,11867.7,16,3,10,309.3,337.4,8.5,63.6,1.0,0.0,15.0,10.0,999.0,6.4,110.3,18.7,0,0.0,0.0,0.0,0,0.0,0.0,35.0,0.86,37.5,0,Minor (< 1h)
SH-3176,Mumbai,Delhi,AIR,CARRIER-B,RT-BOM-DEL-01,4,255500.0,11163.8,5,5,10,1075.5,1173.3,12.1,176.8,1.0,0.0,15.0,10.0,999.0,1.5,0.0,999.0,0,0.0,0.0,0.0,0,0.0,0.0,110.0,0.97,7.4,0,On-Time
SH-2119,Chennai,Hyderabad,MARITIME,CARRIER-D,RT-MAA-HYD-01,3,1374200.0,3454.0,11,4,10,521.3,568.7,22.6,-46.6,1.0,0.0,15.0,10.0,999.0,1.5,0.0,999.0,0,7.4,27.5,0.0,0,6.8,3.29,55.0,0.88,134.8,1,Moderate (1-3h)
SH-3851,Bengaluru,Hyderabad,AIR,CARRIER-B,RT-BLR-HYD-01,2,771200.0,13223.2,15,4,10,397.4,433.5,5.7,113.5,1.0,0.0,15.0,10.0,999.0,1.5,0.0,999.0,0,0.0,0.0,0.0,0,0.0,0.0,45.0,0.97,15.4,0,Minor (< 1h)
SH-2186,Chennai,Bengaluru,ROAD,CARRIER-A,RT-MAA-BLR-01,1,2225700.0,13802.9,8,4,10,194.5,212.2,10.0,142.7,4.2,27.3,41.8,6.2,13.5,7.3,122.5,23.4,1,0.0,0.0,0.0,0,0.0,0.0,35.0,0.92,70.3,0,Moderate (1-3h)
SH-3752,Bengaluru,Chennai,MARITIME,CARRIER-D,RT-BLR-MAA-01,3,1299100.0,6966.6,19,4,10,193.5,211.1,14.1,84.5,1.0,0.0,15.0,10.0,999.0,1.5,0.0,999.0,0,7.4,27.5,0.0,0,0.0,0.0,30.0,0.88,12.9,0,On-Time
SH-2655,Chennai,Hyderabad,ROAD,CARRIER-A,RT-MAA-HYD-01,2,503200.0,8038.7,2,5,10,156.9,171.2,15.0,174.5,10.0,65.0,65.0,1.0,0.0,7.0,70.1,21.8,0,0.0,0.0,0.0,0,0.0,0.0,55.0,0.92,13.0,0,On-Time
SH-3421,Chennai,Hyderabad,MARITIME,CARRIER-D,RT-MAA-HYD-01,3,570700.0,7048.7,2,5,10,109.0,118.9,24.6,178.3,1.0,0.0,15.0,10.0,999.0,1.5,0.0,999.0,0,7.4,22.8,0.0,0,0.0,0.0,55.0,0.88,4.0,0,On-Time
SH-2070,Mumbai,Pune,ROAD,CARRIER-A,RT-BOM-PNQ-01,3,1867200.0,13214.2,23,4,10,47.0,51.3,5.0,88.2,1.0,0.0,15.0,10.0,999.0,1.5,0.0,999.0,0,0.0,0.0,0.0,0,0.0,0.0,25.0,0.92,4.2,0,On-Time
SH-3060,Chennai,Hyderabad,ROAD,CARRIER-A,RT-MAA-HYD-01,2,1643300.0,5780.8,1,5,10,384.3,419.2,16.0,239.3,10.0,65.0,65.0,1.0,0.0,7.0,70.1,21.8,0,0.0,0.0,0.0,0,0.0,0.0,55.0,0.92,1.7,0,On-Time
SH-2479,Chennai,Hyderabad,ROAD,CARRIER-C,RT-MAA-HYD-01,3,476300.0,6718.7,20,4,10,360.3,393.1,13.5,88.3,10.0,65.0,65.0,1.0,0.0,7.0,92.4,21.8,0,0.0,0.0,0.0,0,0.0,0.0,55.0,0.86,4.0,0,On-Time
SH-3384,Chennai,Hyderabad,ROAD,CARRIER-A,RT-MAA-HYD-01,2,1454600.0,1242.8,21,4,10,512.7,559.3,15.0,172.5,10.0,65.0,65.0,1.0,0.0,7.0,92.4,21.8,0,0.0,0.0,0.0,0,0.0,0.0,55.0,0.92,17.8,0,Minor (< 1h)
SH-4167,Chennai,Hyderabad,ROAD,CARRIER-A,RT-MAA-HYD-01,3,1717100.0,17599.4,7,4,10,186.7,203.7,14.0,113.4,3.1,20.2,37.4,7.3,0.0,7.3,122.5,23.4,1,0.0,0.0,0.0,0,0.0,0.0,55.0,0.92,15.5,0,Minor (< 1h)
SH-4059,Mumbai,Pune,AIR,CARRIER-B,RT-BOM-PNQ-01,3,1347300.0,7426.2,4,5,10,22.1,30.0,3.5,-87.9,1.0,0.0,15.0,10.0,999.0,1.5,0.0,999.0,0,0.0,0.0,0.0,0,0.0,0.0,25.0,0.97,209.4,1,Major (> 3h)
SH-2941,Chennai,Coimbatore,ROAD,CARRIER-A,RT-MAA-CJB-01,3,1310500.0,9810.7,13,4,10,117.2,127.9,11.0,44.5,3.1,20.2,37.4,7.2,37.7,7.3,81.6,23.4,1,0.0,0.0,0.0,0,0.0,0.0,40.0,0.92,56.2,0,Minor (< 1h)
SH-3788,Bengaluru,Chennai,MARITIME,CARRIER-D,RT-BLR-MAA-01,2,836200.0,17651.9,5,4,10,51.8,56.5,13.6,-7.8,1.0,0.0,15.0,10.0,999.0,1.5,0.0,999.0,0,7.4,27.5,0.0,0,6.8,3.29,30.0,0.88,87.9,1,Moderate (1-3h)
SH-3743,Chennai,Hyderabad,ROAD,CARRIER-C,RT-MAA-HYD-01,2,1991700.0,13764.2,9,3,10,551.2,601.3,16.0,238.2,3.5,22.8,39.0,6.8,0.0,7.2,150.6,18.7,0,0.0,0.0,0.0,0,0.0,0.0,55.0,0.86,4.3,0,On-Time
SH-3947,Mumbai,Delhi,AIR,CARRIER-B,RT-BOM-DEL-01,3,1405000.0,2666.8,13,4,10,226.1,246.7,10.1,40.3,1.0,0.0,15.0,10.0,999.0,1.5,0.0,999.0,0,0.0,0.0,0.0,0,0.0,0.0,110.0,0.97,46.4,0,Minor (< 1h)
SH-3251,Mumbai,Pune,ROAD,CARRIER-C,RT-BOM-PNQ-01,3,344400.0,13624.2,20,4,10,19.4,30.0,5.5,91.4,1.0,0.0,15.0,10.0,999.0,1.5,0.0,999.0,0,0.0,0.0,0.0,0,0.0,0.0,25.0,0.86,67.3,0,Moderate (1-3h)
SH-2178,Chennai,Bengaluru,MARITIME,CARRIER-D,RT-MAA-BLR-01,2,2327500.0,2250.3,4,5,10,263.6,287.6,16.6,238.8,1.0,0.0,15.0,10.0,999.0,1.5,0.0,999.0,0,7.4,22.8,0.0,0,0.0,0.0,35.0,0.88,2.8,0,On-Time
SH-2113,Chennai,Hyderabad,AIR,CARRIER-B,RT-MAA-HYD-01,2,1106100.0,839.0,10,3,10,75.9,82.8,5.7,7.2,1.0,0.0,15.0,10.0,999.0,1.5,0.0,999.0,0,0.0,0.0,0.0,0,0.0,0.0,55.0,0.97,101.5,1,Moderate (1-3h)
SH-2293,Mumbai,Pune,ROAD,CARRIER-C,RT-BOM-PNQ-01,3,1792100.0,9170.0,22,3,10,75.2,82.0,4.5,57.5,1.0,0.0,15.0,10.0,999.0,1.5,0.0,999.0,0,0.0,0.0,0.0,0,0.0,0.0,25.0,0.86,5.8,0,On-Time
SH-2429,Mumbai,Delhi,MARITIME,CARRIER-D,RT-BOM-DEL-01,1,229300.0,8231.2,8,4,10,756.4,825.2,50.8,185.0,1.0,0.0,15.0,10.0,999.0,1.5,0.0,999.0,0,7.7,27.9,0.0,0,0.0,0.0,110.0,0.88,66.4,0,Moderate (1-3h)
SH-2419,Chennai,Hyderabad,AIR,CARRIER-B,RT-MAA-HYD-01,2,1909200.0,6317.3,8,3,10,357.2,389.7,6.2,116.5,1.0,0.0,15.0,10.0,999.0,1.5,0.0,999.0,0,0.0,0.0,0.0,0,0.0,0.0,55.0,0.97,8.3,0,On-Time
SH-3678,Mumbai,Delhi,MARITIME,CARRIER-D,RT-BOM-DEL-01,3,2163400.0,13764.2,13,4,10,1236.3,1348.7,47.8,2.9,1.0,0.0,15.0,10.0,999.0,1.5,0.0,999.0,0,7.7,27.9,0.0,0,0.0,0.0,110.0,0.88,75.7,1,Moderate (1-3h)
SH-3333,Chennai,Hyderabad,AIR,CARRIER-B,RT-MAA-HYD-01,3,263900.0,14850.2,22,3,10,156.4,170.6,6.2,43.5,1.0,0.0,15.0,10.0,999.0,1.5,0.0,999.0,0,0.0,0.0,0.0,0,0.0,0.0,55.0,0.97,90.7,0,Moderate (1-3h)
SH-3224,Chennai,Coimbatore,AIR,CARRIER-B,RT-MAA-CJB-01,2,1553600.0,7371.1,22,3,10,284.7,310.6,4.8,84.5,1.0,0.0,15.0,10.0,999.0,1.5,0.0,999.0,0,0.0,0.0,0.0,0,0.0,0.0,40.0,0.97,13.0,0,On-Time
SH-4459,Bengaluru,Chennai,ROAD,CARRIER-C,RT-BLR-MAA-01,3,1449200.0,966.5,0,4,10,194.2,211.9,10.0,61.6,1.0,0.0,15.0,10.0,999.0,7.0,40.9,25.8,0,0.0,0.0,0.0,0,0.0,0.0,30.0,0.86,141.5,0,Moderate (1-3h)
SH-3220,Chennai,Coimbatore,AIR,CARRIER-B,RT-MAA-CJB-01,2,643400.0,8650.6,17,3,10,177.7,193.9,4.3,-10.4,1.0,0.0,15.0,10.0,999.0,1.5,0.0,999.0,0,0.0,0.0,0.0,0,0.0,0.0,40.0,0.97,140.8,1,Moderate (1-3h)
SH-3889,Chennai,Coimbatore,MARITIME,CARRIER-D,RT-MAA-CJB-01,3,2302600.0,4130.5,7,3,10,72.5,79.1,19.1,119.0,1.0,0.0,15.0,10.0,999.0,1.5,0.0,999.0,0,7.4,27.5,0.0,0,0.0,0.0,40.0,0.88,2.4,0,On-Time
SH-2412,Chennai,Coimbatore,AIR,CARRIER-B,RT-MAA-CJB-01,3,1769600.0,7370.5,22,3,10,144.7,157.9,5.3,78.5,1.0,0.0,15.0,10.0,999.0,1.5,0.0,999.0,0,0.0,0.0,0.0,0,0.0,0.0,40.0,0.97,51.0,0,Minor (< 1h)
SH-4143,Bengaluru,Hyderabad,AIR,CARRIER-B,RT-BLR-HYD-01,2,2330700.0,5460.7,19,3,10,404.6,441.4,6.7,176.4,1.0,0.0,15.0,10.0,999.0,1.5,0.0,999.0,0,0.0,0.0,0.0,0,0.0,0.0,45.0,0.97,8.5,0,On-Time
SH-2845,Chennai,Hyderabad,MARITIME,CARRIER-D,RT-MAA-HYD-01,1,2460400.0,12149.2,16,3,10,388.5,423.8,25.6,179.5,1.0,0.0,15.0,10.0,999.0,1.5,0.0,999.0,0,7.4,27.5,0.0,0,6.8,3.29,55.0,0.88,79.7,0,Moderate (1-3h)
SH-2331,Chennai,Coimbatore,ROAD,CARRIER-A,RT-MAA-CJB-01,3,1674200.0,8744.6,16,4,10,89.9,98.1,11.5,109.5,3.1,20.2,37.4,7.2,37.7,7.3,81.6,23.4,1,0.0,0.0,0.0,0,0.0,0.0,40.0,0.92,24.8,0,Minor (< 1h)
SH-4329,Mumbai,Delhi,MARITIME,CARRIER-D,RT-BOM-DEL-01,2,1875600.0,1906.0,0,5,10,478.9,522.4,48.8,79.1,1.0,0.0,15.0,10.0,999.0,1.5,0.0,999.0,0,7.0,21.7,0.0,0,0.0,0.0,110.0,0.88,53.3,0,Minor (< 1h)
SH-4362,Mumbai,Pune,ROAD,CARRIER-A,RT-BOM-PNQ-01,4,347700.0,9997.5,3,4,10,104.0,113.5,5.0,76.1,1.0,0.0,15.0,10.0,999.0,1.5,0.0,999.0,0,0.0,0.0,0.0,0,0.0,0.0,25.0,0.92,32.7,0,Minor (< 1h)
SH-2722,Chennai,Coimbatore,MARITIME,CARRIER-D,RT-MAA-CJB-01,3,1033600.0,12554.4,19,3,10,196.1,213.9,18.1,26.6,1.0,0.0,15.0,10.0,999.0,1.5,0.0,999.0,0,7.4,27.5,0.0,0,6.8,3.29,40.0,0.88,42.7,0,Minor (< 1h)
SH-4021,Mumbai,Pune,AIR,CARRIER-B,RT-BOM-PNQ-01,4,744500.0,1240.5,20,3,10,50.0,54.5,4.0,114.5,1.0,0.0,15.0,10.0,999.0,1.5,0.0,999.0,0,0.0,0.0,0.0,0,0.0,0.0,25.0,0.97,12.9,0,On-Time
SH-3487,Chennai,Bengaluru,ROAD,CARRIER-C,RT-MAA-BLR-01,3,325300.0,8171.2,19,4,10,267.1,291.4,11.0,236.7,1.0,0.0,15.0,10.0,999.0,1.5,0.0,999.0,0,0.0,0.0,0.0,0,0.0,0.0,35.0,0.86,7.7,0,On-Time
SH-2048,Mumbai,Pune,ROAD,CARRIER-C,RT-BOM-PNQ-01,3,67900.0,5148.8,14,3,10,23.7,30.0,5.0,88.4,1.0,0.0,15.0,10.0,999.0,1.5,0.0,999.0,0,0.0,0.0,0.0,0,0.0,0.0,25.0,0.86,3.8,0,On-Time
SH-4133,Chennai,Coimbatore,ROAD,CARRIER-C,RT-MAA-CJB-01,4,1174100.0,4806.3,14,4,10,114.3,124.7,11.5,107.5,3.1,20.2,37.4,7.2,37.7,7.3,81.6,23.4,1,0.0,0.0,0.0,0,0.0,0.0,40.0,0.86,17.4,0,Minor (< 1h)
SH-3979,Bengaluru,Chennai,ROAD,CARRIER-A,RT-BLR-MAA-01,2,65500.0,13323.5,4,4,10,238.6,260.3,8.0,44.5,1.0,0.0,15.0,10.0,999.0,7.0,40.9,25.8,0,0.0,0.0,0.0,0,0.0,0.0,30.0,0.92,18.4,0,Minor (< 1h)
SH-2422,Mumbai,Delhi,MARITIME,CARRIER-D,RT-BOM-DEL-01,1,1126700.0,4006.0,8,3,10,787.6,859.2,48.8,114.7,1.0,0.0,15.0,10.0,999.0,1.5,0.0,999.0,0,7.7,27.9,0.0,0,0.0,0.0,110.0,0.88,12.5,0,On-Time
SH-2116,Bengaluru,Hyderabad,MARITIME,CARRIER-D,RT-BLR-HYD-01,2,1168200.0,7076.9,12,3,10,103.1,112.5,20.4,85.4,1.0,0.0,15.0,10.0,999.0,1.5,0.0,999.0,0,0.0,0.0,0.0,0,0.0,0.0,45.0,0.88,10.9,0,On-Time
SH-2075,Mumbai,Pune,ROAD,CARRIER-A,RT-BOM-PNQ-01,2,670500.0,3053.6,12,3,10,33.5,36.5,5.5,115.3,1.0,0.0,15.0,10.0,999.0,1.5,0.0,999.0,0,0.0,0.0,0.0,0,0.0,0.0,25.0,0.92,11.1,0,On-Time
SH-4210,Chennai,Bengaluru,ROAD,CARRIER-A,RT-MAA-BLR-01,4,595500.0,17181.8,17,4,10,78.8,86.0,11.0,239.1,4.3,27.9,42.2,6.1,35.8,7.3,81.6,23.4,1,0.0,0.0,0.0,0,0.0,0.0,35.0,0.92,2.2,0,On-Time
SH-3599,Mumbai,Delhi,ROAD,CARRIER-A,RT-BOM-DEL-01,1,302600.0,17411.9,9,4,10,473.3,516.3,28.0,114.0,10.0,65.0,65.0,1.0,0.0,1.5,0.0,999.0,0,0.0,0.0,0.0,0,0.0,0.0,110.0,0.92,10.8,0,On-Time
SH-2454,Bengaluru,Chennai,ROAD,CARRIER-C,RT-BLR-MAA-01,3,1137000.0,4642.1,10,3,10,280.1,305.6,10.0,161.7,3.5,22.8,39.0,6.8,0.0,7.2,150.6,18.7,0,0.0,0.0,0.0,0,0.0,0.0,30.0,0.86,26.3,0,Minor (< 1h)
SH-2028,Chennai,Hyderabad,MARITIME,CARRIER-D,RT-MAA-HYD-01,3,1967400.0,14353.0,12,3,10,524.4,572.1,24.6,168.9,1.0,0.0,15.0,10.0,999.0,1.5,0.0,999.0,0,7.4,27.5,0.0,0,6.8,3.29,55.0,0.88,14.0,0,On-Time
SH-3207,Chennai,Coimbatore,ROAD,CARRIER-C,RT-MAA-CJB-01,3,1925900.0,15726.6,23,4,10,295.3,322.1,11.5,112.1,8.2,53.3,57.8,2.6,37.7,7.0,92.4,21.8,0,0.0,0.0,0.0,0,0.0,0.0,40.0,0.86,18.7,0,Minor (< 1h)
SH-2131,Bengaluru,Chennai,MARITIME,CARRIER-D,RT-BLR-MAA-01,2,1109700.0,4704.0,18,3,10,85.7,93.5,14.1,59.8,1.0,0.0,15.0,10.0,999.0,1.5,0.0,999.0,0,7.4,27.5,0.0,0,6.8,3.29,30.0,0.88,36.9,0,Minor (< 1h)
SH-4222,Chennai,Coimbatore,AIR,CARRIER-B,RT-MAA-CJB-01,3,1703600.0,14324.1,15,4,10,133.6,145.7,4.3,-52.2,1.0,0.0,15.0,10.0,999.0,1.5,0.0,999.0,0,0.0,0.0,0.0,0,0.0,0.0,40.0,0.97,135.2,1,Moderate (1-3h)
SH-3145,Chennai,Hyderabad,MARITIME,CARRIER-D,RT-MAA-HYD-01,3,557100.0,1235.3,1,4,10,116.9,127.5,23.6,117.2,1.0,0.0,15.0,10.0,999.0,1.5,0.0,999.0,0,7.4,27.5,0.0,0,6.8,3.29,55.0,0.88,6.5,0,On-Time
SH-3071,Chennai,Hyderabad,ROAD,CARRIER-C,RT-MAA-HYD-01,2,483400.0,12472.1,2,4,10,261.9,285.7,16.0,236.6,3.1,20.2,37.4,7.3,0.0,7.3,122.5,23.4,1,0.0,0.0,0.0,0,0.0,0.0,55.0,0.86,8.0,0,On-Time
SH-3184,Bengaluru,Chennai,MARITIME,CARRIER-D,RT-BLR-MAA-01,3,1062900.0,3913.2,21,3,10,214.3,233.8,14.1,-28.2,1.0,0.0,15.0,10.0,999.0,1.5,0.0,999.0,0,7.4,27.5,0.0,0,6.8,3.29,30.0,0.88,142.8,1,Moderate (1-3h)
SH-4232,Mumbai,Delhi,ROAD,CARRIER-C,RT-BOM-DEL-01,2,1171700.0,3729.2,1,4,10,253.4,276.4,28.0,104.1,10.0,65.0,65.0,1.0,0.0,1.5,0.0,999.0,0,0.0,0.0,0.0,0,0.0,0.0,110.0,0.86,29.6,0,Minor (< 1h)
SH-2487,Chennai,Hyderabad,ROAD,CARRIER-C,RT-MAA-HYD-01,2,72900.0,13494.1,19,3,10,175.3,191.2,15.0,174.9,1.0,0.0,15.0,10.0,999.0,1.5,0.0,999.0,0,0.0,0.0,0.0,0,0.0,0.0,55.0,0.86,11.9,0,On-Time
SH-4467,Chennai,Hyderabad,MARITIME,CARRIER-D,RT-MAA-HYD-01,3,571700.0,3397.7,10,3,10,542.0,591.3,22.6,54.9,1.0,0.0,15.0,10.0,999.0,1.5,0.0,999.0,0,7.4,27.5,0.0,0,6.8,3.29,55.0,0.88,12.1,0,On-Time
SH-4136,Bengaluru,Hyderabad,ROAD,CARRIER-C,RT-BLR-HYD-01,4,328000.0,13687.2,3,4,10,196.9,214.8,11.5,49.5,4.3,27.9,42.2,7.3,0.0,1.5,0.0,999.0,0,0.0,0.0,0.0,0,0.0,0.0,45.0,0.86,17.5,0,Minor (< 1h)
SH-2511,Chennai,Hyderabad,ROAD,CARRIER-A,RT-MAA-HYD-01,2,1119100.0,8114.9,17,4,10,488.7,533.1,16.0,234.9,3.1,20.2,37.4,7.3,0.0,7.3,81.6,23.4,1,0.0,0.0,0.0,0,0.0,0.0,55.0,0.92,12.0,0,On-Time
SH-2723,Mumbai,Delhi,MARITIME,CARRIER-D,RT-BOM-DEL-01,2,1011700.0,3636.0,19,4,10,381.7,416.4,48.8,-37.5,1.0,0.0,15.0,10.0,999.0,1.5,0.0,999.0,0,7.7,27.9,0.0,0,0.0,0.0,110.0,0.88,192.5,1,Major (> 3h)
SH-3590,Mumbai,Delhi,MARITIME,CARRIER-D,RT-BOM-DEL-01,3,2128700.0,17334.5,16,3,10,146.5,159.8,48.8,68.8,1.0,0.0,15.0,10.0,999.0,1.5,0.0,999.0,0,7.7,27.9,0.0,0,0.0,0.0,110.0,0.88,93.2,0,Moderate (1-3h)
SH-4388,Chennai,Hyderabad,AIR,CARRIER-B,RT-MAA-HYD-01,4,426500.0,948.3,16,4,10,421.9,460.3,5.7,14.1,1.0,0.0,15.0,10.0,999.0,1.5,0.0,999.0,0,0.0,0.0,0.0,0,0.0,0.0,55.0,0.97,95.8,1,Moderate (1-3h)
SH-3444,Chennai,Bengaluru,ROAD,CARRIER-A,RT-MAA-BLR-01,3,1236000.0,2164.9,5,5,10,35.1,38.3,9.0,17.2,6.0,39.0,49.0,6.5,0.0,7.0,70.1,21.8,0,0.0,0.0,0.0,0,0.0,0.0,35.0,0.92,124.3,1,Moderate (1-3h)
SH-3675,Bengaluru,Chennai,ROAD,CARRIER-C,RT-BLR-MAA-01,3,653600.0,10993.8,7,4,10,50.3,54.9,9.0,54.0,3.1,20.2,37.4,7.2,12.9,5.0,19.3,13.6,0,0.0,0.0,0.0,0,0.0,0.0,30.0,0.86,79.0,0,Moderate (1-3h)
SH-3204,Chennai,Hyderabad,ROAD,CARRIER-C,RT-MAA-HYD-01,1,1118700.0,11087.3,12,3,10,116.7,127.3,13.5,87.6,1.0,0.0,15.0,10.0,999.0,6.4,110.3,18.7,0,0.0,0.0,0.0,0,0.0,0.0,55.0,0.86,5.7,0,On-Time
SH-3763,Mumbai,Pune,ROAD,CARRIER-C,RT-BOM-PNQ-01,4,1751800.0,1844.1,12,3,10,23.5,30.0,6.5,153.0,1.0,0.0,15.0,10.0,999.0,1.5,0.0,999.0,0,0.0,0.0,0.0,0,0.0,0.0,25.0,0.86,63.5,0,Moderate (1-3h)
SH-4349,Chennai,Coimbatore,ROAD,CARRIER-C,RT-MAA-CJB-01,2,1843600.0,4468.2,5,4,10,377.2,411.5,11.0,82.3,3.1,20.2,37.4,7.2,37.7,7.3,122.5,23.4,1,0.0,0.0,0.0,0,0.0,0.0,40.0,0.86,18.1,0,Minor (< 1h)
SH-2415,Chennai,Bengaluru,ROAD,CARRIER-A,RT-MAA-BLR-01,2,419300.0,5828.9,7,4,10,258.0,281.5,8.5,88.3,4.3,27.9,42.2,6.1,35.8,7.3,122.5,23.4,1,0.0,0.0,0.0,0,0.0,0.0,35.0,0.92,4.0,0,On-Time
SH-3972,Chennai,Hyderabad,ROAD,CARRIER-C,RT-MAA-HYD-01,2,2339000.0,14121.1,8,4,10,497.9,543.2,14.0,94.3,3.1,20.2,37.4,7.3,0.0,7.3,122.5,23.4,1,0.0,0.0,0.0,0,0.0,0.0,55.0,0.86,31.4,0,Minor (< 1h)
SH-3438,Mumbai,Delhi,ROAD,CARRIER-A,RT-BOM-DEL-01,3,1184400.0,9086.8,21,4,10,585.3,638.5,29.0,135.2,3.1,20.2,37.4,7.2,0.0,1.5,0.0,999.0,0,0.0,0.0,0.0,0,0.0,0.0,110.0,0.92,63.0,0,Moderate (1-3h)
SH-2381,Mumbai,Delhi,ROAD,CARRIER-C,RT-BOM-DEL-01,2,714600.0,11743.5,1,5,10,902.1,984.1,27.5,28.6,3.1,20.2,37.4,7.2,0.0,1.5,0.0,999.0,0,0.0,0.0,0.0,0,0.0,0.0,110.0,0.86,92.1,1,Moderate (1-3h)
SH-4027,Bengaluru,Chennai,ROAD,CARRIER-A,RT-BLR-MAA-01,4,2008400.0,5770.7,16,4,10,91.4,99.7,10.0,145.8,4.3,27.9,42.2,6.1,35.8,7.3,81.6,23.4,1,0.0,0.0,0.0,0,0.0,0.0,30.0,0.92,50.0,0,Minor (< 1h)
SH-3436,Mumbai,Pune,MARITIME,CARRIER-D,RT-BOM-PNQ-01,3,227900.0,9270.5,7,3,10,45.0,49.1,10.3,237.9,1.0,0.0,15.0,10.0,999.0,1.5,0.0,999.0,0,5.7,17.3,0.0,0,0.0,0.0,25.0,0.88,5.0,0,On-Time
SH-2709,Mumbai,Delhi,ROAD,CARRIER-C,RT-BOM-DEL-01,1,687000.0,11266.8,20,4,10,823.4,898.3,30.0,232.0,3.1,20.2,37.4,7.2,0.0,1.5,0.0,999.0,0,0.0,0.0,0.0,0,0.0,0.0,110.0,0.86,18.9,0,Minor (< 1h)
SH-3185,Mumbai,Delhi,ROAD,CARRIER-C,RT-BOM-DEL-01,3,2022700.0,15820.9,1,4,10,1154.6,1259.6,30.0,197.9,10.0,65.0,65.0,1.0,0.0,1.5,0.0,999.0,0,0.0,0.0,0.0,0,0.0,0.0,110.0,0.86,51.6,0,Minor (< 1h)
SH-2884,Chennai,Coimbatore,AIR,CARRIER-B,RT-MAA-CJB-01,3,1267200.0,15072.4,16,4,10,443.3,483.6,7.3,232.0,1.0,0.0,15.0,10.0,999.0,1.5,0.0,999.0,0,0.0,0.0,0.0,0,0.0,0.0,40.0,0.97,18.8,0,Minor (< 1h)
SH-2170,Chennai,Coimbatore,MARITIME,CARRIER-D,RT-MAA-CJB-01,2,904700.0,12958.2,14,3,10,373.6,407.6,19.1,106.5,1.0,0.0,15.0,10.0,999.0,1.5,0.0,999.0,0,7.4,27.5,0.0,0,6.8,3.29,40.0,0.88,16.2,0,Minor (< 1h)
SH-2581,Bengaluru,Hyderabad,ROAD,CARRIER-A,RT-BLR-HYD-01,4,592000.0,6770.7,17,3,10,364.4,397.5,11.5,51.8,1.0,0.0,15.0,10.0,999.0,1.5,0.0,999.0,0,0.0,0.0,0.0,0,0.0,0.0,45.0,0.92,19.2,0,Minor (< 1h)
SH-3036,Bengaluru,Chennai,MARITIME,CARRIER-D,RT-BLR-MAA-01,2,196100.0,8570.7,19,3,10,143.9,157.0,14.1,88.6,1.0,0.0,15.0,10.0,999.0,1.5,0.0,999.0,0,7.4,27.5,0.0,0,6.8,3.29,30.0,0.88,3.2,0,On-Time
SH-3739,Chennai,Bengaluru,ROAD,CARRIER-A,RT-MAA-BLR-01,2,2085900.0,3154.7,0,4,10,193.2,210.8,11.0,165.8,1.0,0.0,15.0,10.0,999.0,7.0,40.9,25.8,0,0.0,0.0,0.0,0,0.0,0.0,35.0,0.92,88.2,0,Moderate (1-3h)
SH-3884,Mumbai,Delhi,ROAD,CARRIER-C,RT-BOM-DEL-01,2,1447000.0,12324.6,7,4,10,1200.2,1309.3,29.0,138.5,10.0,65.0,65.0,1.0,0.0,1.5,0.0,999.0,0,0.0,0.0,0.0,0,0.0,0.0,110.0,0.86,52.2,0,Minor (< 1h)
SH-2683,Chennai,Bengaluru,ROAD,CARRIER-C,RT-MAA-BLR-01,3,2413100.0,16827.2,15,3,10,153.9,167.9,10.0,124.9,1.0,0.0,15.0,10.0,999.0,6.4,110.3,18.7,0,0.0,0.0,0.0,0,0.0,0.0,35.0,0.86,67.3,0,Moderate (1-3h)
SH-2125,Mumbai,Delhi,AIR,CARRIER-B,RT-BOM-DEL-01,1,1228800.0,14123.4,4,4,10,1133.4,1236.4,10.6,89.3,1.0,0.0,15.0,10.0,999.0,1.5,0.0,999.0,0,0.0,0.0,0.0,0,0.0,0.0,110.0,0.97,1.6,0,On-Time
SH-3744,Chennai,Bengaluru,AIR,CARRIER-B,RT-MAA-BLR-01,2,850000.0,7478.3,9,3,10,84.8,92.5,3.9,-95.7,1.0,0.0,15.0,10.0,999.0,1.5,0.0,999.0,0,0.0,0.0,0.0,0,0.0,0.0,35.0,0.97,220.1,1,Major (> 3h)
SH-2719,Chennai,Hyderabad,AIR,CARRIER-B,RT-MAA-HYD-01,3,564500.0,6317.3,6,3,10,491.5,536.2,6.2,-3.0,1.0,0.0,15.0,10.0,999.0,1.5,0.0,999.0,0,0.0,0.0,0.0,0,0.0,0.0,55.0,0.97,206.3,1,Major (> 3h)
SH-3236,Chennai,Bengaluru,MARITIME,CARRIER-D,RT-MAA-BLR-01,3,2039800.0,1076.5,23,4,10,279.1,304.5,16.6,179.0,1.0,0.0,15.0,10.0,999.0,1.5,0.0,999.0,0,7.4,27.5,0.0,0,0.0,0.0,35.0,0.88,80.0,0,Moderate (1-3h)
SH-2977,Mumbai,Delhi,AIR,CARRIER-B,RT-BOM-DEL-01,3,145300.0,1064.5,9,4,10,1031.9,1125.7,13.1,174.9,1.0,0.0,15.0,10.0,999.0,1.5,0.0,999.0,0,0.0,0.0,0.0,0,0.0,0.0,110.0,0.97,84.5,0,Moderate (1-3h)
SH-4289,Chennai,Coimbatore,ROAD,CARRIER-A,RT-MAA-CJB-01,2,163100.0,10896.0,18,4,10,365.1,398.3,11.0,16.1,1.0,0.0,15.0,10.0,999.0,1.5,0.0,999.0,0,0.0,0.0,0.0,0,0.0,0.0,40.0,0.92,120.9,1,Moderate (1-3h)
SH-3989,Mumbai,Delhi,AIR,CARRIER-B,RT-BOM-DEL-01,2,2252500.0,7520.3,23,4,10,539.4,588.4,10.1,29.0,1.0,0.0,15.0,10.0,999.0,1.5,0.0,999.0,0,0.0,0.0,0.0,0,0.0,0.0,110.0,0.97,37.9,0,Minor (< 1h)
SH-2108,Bengaluru,Chennai,ROAD,CARRIER-C,RT-BLR-MAA-01,3,115000.0,13433.6,14,4,10,55.5,60.5,11.0,193.6,3.1,20.2,37.4,7.2,15.5,7.3,41.7,22.5,1,0.0,0.0,0.0,0,0.0,0.0,30.0,0.86,83.9,0,Moderate (1-3h)
SH-3653,Bengaluru,Chennai,AIR,CARRIER-B,RT-BLR-MAA-01,3,2372000.0,4453.0,9,3,10,218.2,238.0,6.4,238.7,1.0,0.0,15.0,10.0,999.0,1.5,0.0,999.0,0,0.0,0.0,0.0,0,0.0,0.0,30.0,0.97,3.0,0,On-Time
SH-3796,Bengaluru,Chennai,ROAD,CARRIER-A,RT-BLR-MAA-01,2,563800.0,12505.2,21,4,10,47.5,51.8,8.0,58.6,1.0,0.0,15.0,10.0,999.0,1.5,0.0,999.0,0,0.0,0.0,0.0,0,0.0,0.0,30.0,0.92,3.3,0,On-Time
SH-3867,Chennai,Bengaluru,MARITIME,CARRIER-D,RT-MAA-BLR-01,1,66600.0,5087.7,11,3,10,44.0,48.0,14.1,88.5,1.0,0.0,15.0,10.0,999.0,1.5,0.0,999.0,0,6.9,22.2,0.0,0,0.0,0.0,35.0,0.88,3.6,0,On-Time
SH-4302,Chennai,Hyderabad,AIR,CARRIER-B,RT-MAA-HYD-01,1,92200.0,11590.0,13,3,10,98.6,107.6,8.2,234.1,1.0,0.0,15.0,10.0,999.0,1.5,0.0,999.0,0,0.0,0.0,0.0,0,0.0,0.0,55.0,0.97,14.0,0,On-Time
SH-3196,Mumbai,Delhi,AIR,CARRIER-B,RT-BOM-DEL-01,3,2328500.0,17967.1,8,3,10,512.6,559.2,11.1,99.2,1.0,0.0,15.0,10.0,999.0,1.5,0.0,999.0,0,0.0,0.0,0.0,0,0.0,0.0,110.0,0.97,32.6,0,Minor (< 1h)
SH-4400,Chennai,Coimbatore,AIR,CARRIER-B,RT-MAA-CJB-01,2,2342700.0,6258.3,10,4,10,196.9,214.8,4.8,86.0,1.0,0.0,15.0,10.0,999.0,1.5,0.0,999.0,0,0.0,0.0,0.0,0,0.0,0.0,40.0,0.97,9.5,0,On-Time
SH-4100,Chennai,Bengaluru,ROAD,CARRIER-A,RT-MAA-BLR-01,2,798900.0,6296.2,11,4,10,109.7,119.7,8.5,74.8,4.3,27.9,42.2,6.1,35.8,7.3,122.5,23.4,1,0.0,0.0,0.0,0,0.0,0.0,35.0,0.92,29.6,0,Minor (< 1h)
SH-2638,Mumbai,Delhi,AIR,CARRIER-B,RT-BOM-DEL-01,2,2165500.0,1210.7,17,3,10,334.1,364.5,10.1,59.6,1.0,0.0,15.0,10.0,999.0,1.5,0.0,999.0,0,0.0,0.0,0.0,0,0.0,0.0,110.0,0.97,0.9,0,On-Time
SH-2083,Mumbai,Delhi,AIR,CARRIER-B,RT-BOM-DEL-01,3,2479900.0,9659.2,13,4,10,888.7,969.5,12.1,85.2,1.0,0.0,15.0,10.0,999.0,1.5,0.0,999.0,0,0.0,0.0,0.0,0,0.0,0.0,110.0,0.97,116.2,0,Moderate (1-3h)
SH-4463,Chennai,Coimbatore,AIR,CARRIER-B,RT-MAA-CJB-01,2,2028800.0,1805.8,16,4,10,293.8,320.5,6.3,174.3,1.0,0.0,15.0,10.0,999.0,1.5,0.0,999.0,0,0.0,0.0,0.0,0,0.0,0.0,40.0,0.97,13.4,0,On-Time
SH-3172,Chennai,Coimbatore,ROAD,CARRIER-C,RT-MAA-CJB-01,3,1369000.0,16469.3,11,4,10,203.7,222.2,11.5,118.7,3.1,20.2,37.4,7.2,37.7,7.3,122.5,23.4,1,0.0,0.0,0.0,0,0.0,0.0,40.0,0.86,3.1,0,On-Time
SH-3124,Bengaluru,Chennai,ROAD,CARRIER-A,RT-BLR-MAA-01,2,1305000.0,5957.3,8,4,10,162.2,176.9,10.0,-30.3,4.2,27.3,41.8,6.2,18.2,7.3,122.5,23.4,1,0.0,0.0,0.0,0,0.0,0.0,30.0,0.92,252.3,1,Major (> 3h)
SH-2192,Chennai,Hyderabad,MARITIME,CARRIER-D,RT-MAA-HYD-01,2,2085200.0,1121.1,17,3,10,320.6,349.7,23.1,86.4,1.0,0.0,15.0,10.0,999.0,1.5,0.0,999.0,0,7.4,27.5,0.0,0,6.8,3.29,55.0,0.88,8.5,0,On-Time
SH-4092,Bengaluru,Hyderabad,ROAD,CARRIER-C,RT-BLR-HYD-01,1,1431600.0,17714.9,9,3,10,509.7,556.0,12.0,83.6,10.0,65.0,65.0,1.0,0.0,1.5,0.0,999.0,0,0.0,0.0,0.0,0,0.0,0.0,45.0,0.86,15.1,0,Minor (< 1h)
SH-3582,Mumbai,Delhi,ROAD,CARRIER-A,RT-BOM-DEL-01,2,293700.0,16600.1,21,3,10,696.1,759.4,28.0,112.1,10.0,65.0,65.0,1.0,0.0,1.5,0.0,999.0,0,0.0,0.0,0.0,0,0.0,0.0,110.0,0.92,18.6,0,Minor (< 1h)
SH-3804,Chennai,Hyderabad,ROAD,CARRIER-C,RT-MAA-HYD-01,2,1098800.0,3395.4,13,3,10,452.1,493.2,14.0,102.5,1.0,0.0,15.0,10.0,999.0,6.4,110.3,18.7,0,0.0,0.0,0.0,0,0.0,0.0,55.0,0.86,23.0,0,Minor (< 1h)
SH-2141,Chennai,Coimbatore,ROAD,CARRIER-A,RT-MAA-CJB-01,1,1021300.0,17023.6,16,3,10,432.2,471.5,12.5,175.2,1.0,0.0,15.0,10.0,999.0,6.4,110.3,18.7,0,0.0,0.0,0.0,0,0.0,0.0,40.0,0.92,11.3,0,On-Time
SH-3794,Bengaluru,Hyderabad,ROAD,CARRIER-A,RT-BLR-HYD-01,3,2447900.0,13137.2,3,5,10,289.9,316.3,13.5,177.8,3.9,25.3,40.6,6.5,0.0,1.5,0.0,999.0,0,0.0,0.0,0.0,0,0.0,0.0,45.0,0.92,5.3,0,On-Time
SH-3326,Chennai,Coimbatore,ROAD,CARRIER-A,RT-MAA-CJB-01,1,1047900.0,1410.7,10,3,10,349.9,381.7,12.5,172.7,3.5,22.8,39.0,6.8,0.0,7.2,150.6,18.7,0,0.0,0.0,0.0,0,0.0,0.0,40.0,0.92,17.1,0,Minor (< 1h)
SH-2289,Chennai,Coimbatore,AIR,CARRIER-B,RT-MAA-CJB-01,3,731300.0,17271.5,9,4,10,225.4,245.9,7.3,234.9,1.0,0.0,15.0,10.0,999.0,1.5,0.0,999.0,0,0.0,0.0,0.0,0,0.0,0.0,40.0,0.97,12.0,0,On-Time
SH-3927,Mumbai,Pune,AIR,CARRIER-B,RT-BOM-PNQ-01,3,1760800.0,2989.0,5,5,10,98.5,107.5,5.0,178.8,1.0,0.0,15.0,10.0,999.0,1.5,0.0,999.0,0,0.0,0.0,0.0,0,0.0,0.0,25.0,0.97,2.8,0,On-Time
SH-3496,Chennai,Coimbatore,AIR,CARRIER-B,RT-MAA-CJB-01,2,2227900.0,15774.1,22,4,10,390.3,425.8,4.8,89.5,1.0,0.0,15.0,10.0,999.0,1.5,0.0,999.0,0,0.0,0.0,0.0,0,0.0,0.0,40.0,0.97,1.2,0,On-Time
SH-3934,Chennai,Hyderabad,AIR,CARRIER-B,RT-MAA-HYD-01,3,2212200.0,14253.9,23,4,10,219.9,239.9,7.2,174.7,1.0,0.0,15.0,10.0,999.0,1.5,0.0,999.0,0,0.0,0.0,0.0,0,0.0,0.0,55.0,0.97,12.5,0,On-Time
SH-3990,Mumbai,Pune,ROAD,CARRIER-C,RT-BOM-PNQ-01,1,111400.0,17170.8,0,5,10,24.8,30.0,6.5,179.9,1.0,0.0,15.0,10.0,999.0,1.5,0.0,999.0,0,0.0,0.0,0.0,0,0.0,0.0,25.0,0.86,0.2,0,On-Time
SH-2101,Mumbai,Delhi,AIR,CARRIER-B,RT-BOM-DEL-01,1,557100.0,7724.7,2,5,10,1055.9,1151.9,11.1,118.5,1.0,0.0,15.0,10.0,999.0,1.5,0.0,999.0,0,0.0,0.0,0.0,0,0.0,0.0,110.0,0.97,3.6,0,On-Time
SH-3699,Chennai,Coimbatore,ROAD,CARRIER-C,RT-MAA-CJB-01,3,1323700.0,16871.9,17,4,10,319.0,348.0,12.5,173.4,3.1,20.2,37.4,7.2,37.7,7.3,81.6,23.4,1,0.0,0.0,0.0,0,0.0,0.0,40.0,0.86,15.6,0,Minor (< 1h)
SH-4182,Bengaluru,Hyderabad,AIR,CARRIER-B,RT-BLR-HYD-01,2,1397300.0,9040.8,16,4,10,226.2,246.8,7.7,233.0,1.0,0.0,15.0,10.0,999.0,1.5,0.0,999.0,0,0.0,0.0,0.0,0,0.0,0.0,45.0,0.97,16.4,0,Minor (< 1h)
SH-3187,Chennai,Bengaluru,ROAD,CARRIER-C,RT-MAA-BLR-01,2,1681900.0,11062.3,20,4,10,103.8,113.2,9.0,52.8,1.0,0.0,15.0,10.0,999.0,1.5,0.0,999.0,0,0.0,0.0,0.0,0,0.0,0.0,35.0,0.86,79.8,0,Moderate (1-3h)
SH-3033,Chennai,Bengaluru,ROAD,CARRIER-A,RT-MAA-BLR-01,3,1288800.0,16871.9,8,4,10,255.4,278.6,9.0,76.9,4.3,27.9,42.2,6.1,35.8,7.3,122.5,23.4,1,0.0,0.0,0.0,0,0.0,0.0,35.0,0.92,58.3,0,Minor (< 1h)
SH-2657,Chennai,Bengaluru,ROAD,CARRIER-C,RT-MAA-BLR-01,4,1655500.0,11128.2,14,3,10,145.7,158.9,8.5,21.6,1.0,0.0,15.0,10.0,999.0,6.4,110.3,18.7,0,0.0,0.0,0.0,0,0.0,0.0,35.0,0.86,87.3,0,Moderate (1-3h)
SH-3625,Bengaluru,Hyderabad,MARITIME,CARRIER-D,RT-BLR-HYD-01,2,288000.0,3276.7,23,3,10,434.5,474.0,20.4,-15.6,1.0,0.0,15.0,10.0,999.0,1.5,0.0,999.0,0,0.0,0.0,0.0,0,0.0,0.0,45.0,0.88,132.0,1,Moderate (1-3h)
SH-2135,Mumbai,Pune,AIR,CARRIER-B,RT-BOM-PNQ-01,1,446800.0,11578.7,18,3,10,108.0,117.8,4.0,103.1,1.0,0.0,15.0,10.0,999.0,1.5,0.0,999.0,0,0.0,0.0,0.0,0,0.0,0.0,25.0,0.97,39.9,0,Minor (< 1h)
SH-2313,Chennai,Bengaluru,ROAD,CARRIER-C,RT-MAA-BLR-01,3,1592500.0,16855.2,13,4,10,235.0,256.4,10.0,89.8,4.2,27.3,41.8,6.2,34.1,7.3,81.6,23.4,1,0.0,0.0,0.0,0,0.0,0.0,35.0,0.86,113.9,0,Moderate (1-3h)
SH-2396,Chennai,Hyderabad,ROAD,CARRIER-A,RT-MAA-HYD-01,3,1718400.0,9237.2,4,4,10,267.3,291.6,13.0,53.8,3.1,20.2,37.4,7.3,0.0,7.3,122.5,23.4,1,0.0,0.0,0.0,0,0.0,0.0,55.0,0.92,14.6,0,On-Time
SH-3453,Bengaluru,Chennai,ROAD,CARRIER-A,RT-BLR-MAA-01,3,1218900.0,13988.4,6,3,10,57.2,62.4,10.0,175.2,3.5,22.8,39.0,6.8,0.0,7.2,176.6,18.7,1,0.0,0.0,0.0,0,0.0,0.0,30.0,0.92,11.2,0,On-Time
SH-4277,Bengaluru,Chennai,AIR,CARRIER-B,RT-BLR-MAA-01,1,344400.0,14468.9,15,4,10,143.7,156.8,5.4,173.7,1.0,0.0,15.0,10.0,999.0,1.5,0.0,999.0,0,0.0,0.0,0.0,0,0.0,0.0,30.0,0.97,14.8,0,On-Time
SH-3985,Bengaluru,Chennai,MARITIME,CARRIER-D,RT-BLR-MAA-01,3,640400.0,7484.0,2,4,10,68.2,74.4,16.6,225.4,1.0,0.0,15.0,10.0,999.0,1.5,0.0,999.0,0,7.4,27.5,0.0,0,6.8,3.29,30.0,0.88,34.3,0,Minor (< 1h)
SH-3593,Mumbai,Pune,AIR,CARRIER-B,RT-BOM-PNQ-01,3,1078500.0,1784.3,20,3,10,79.3,86.5,4.0,117.4,1.0,0.0,15.0,10.0,999.0,1.5,0.0,999.0,0,0.0,0.0,0.0,0,0.0,0.0,25.0,0.97,6.1,0,On-Time
SH-3084,Bengaluru,Hyderabad,MARITIME,CARRIER-D,RT-BLR-HYD-01,2,499500.0,10809.3,4,4,10,351.8,383.8,19.9,-7.6,1.0,0.0,15.0,10.0,999.0,1.5,0.0,999.0,0,0.0,0.0,0.0,0,0.0,0.0,45.0,0.88,87.5,1,Moderate (1-3h)
SH-3533,Chennai,Bengaluru,ROAD,CARRIER-C,RT-MAA-BLR-01,4,1679100.0,5180.9,10,3,10,172.3,188.0,10.0,151.6,3.5,22.8,39.0,6.8,0.0,7.2,150.6,18.7,0,0.0,0.0,0.0,0,0.0,0.0,35.0,0.86,40.1,0,Minor (< 1h)
SH-3481,Chennai,Bengaluru,ROAD,CARRIER-C,RT-MAA-BLR-01,3,280600.0,16697.3,19,3,10,193.2,210.8,11.0,166.4,1.0,0.0,15.0,10.0,999.0,1.5,0.0,999.0,0,0.0,0.0,0.0,0,0.0,0.0,35.0,0.86,88.9,0,Moderate (1-3h)
SH-2942,Chennai,Hyderabad,AIR,CARRIER-B,RT-MAA-HYD-01,3,1380800.0,15106.9,17,3,10,429.0,468.0,5.7,29.3,1.0,0.0,15.0,10.0,999.0,1.5,0.0,999.0,0,0.0,0.0,0.0,0,0.0,0.0,55.0,0.97,79.9,0,Moderate (1-3h)
SH-3177,Bengaluru,Hyderabad,ROAD,CARRIER-C,RT-BLR-HYD-01,3,819800.0,3382.3,11,4,10,119.4,130.3,14.5,235.1,4.3,27.9,42.2,7.3,0.0,1.5,0.0,999.0,0,0.0,0.0,0.0,0,0.0,0.0,45.0,0.86,11.6,0,On-Time
SH-4163,Chennai,Coimbatore,MARITIME,CARRIER-D,RT-MAA-CJB-01,4,2185600.0,9363.6,20,3,10,273.3,298.1,18.1,-148.6,1.0,0.0,15.0,10.0,999.0,1.5,0.0,999.0,0,7.4,27.5,0.0,0,6.8,3.29,40.0,0.88,246.1,1,Major (> 3h)
SH-2463,Chennai,Coimbatore,ROAD,CARRIER-C,RT-MAA-CJB-01,1,794000.0,7698.7,9,3,10,206.2,224.9,11.5,85.9,3.5,22.8,39.0,6.8,0.0,7.2,150.6,18.7,0,0.0,0.0,0.0,0,0.0,0.0,40.0,0.86,43.3,0,Minor (< 1h)
SH-4396,Mumbai,Delhi,ROAD,CARRIER-C,RT-BOM-DEL-01,4,1100000.0,15034.1,3,5,10,685.4,747.7,28.0,61.3,3.1,20.2,37.4,7.2,0.0,1.5,0.0,999.0,0,0.0,0.0,0.0,0,0.0,0.0,110.0,0.86,70.2,0,Moderate (1-3h)
SH-3874,Mumbai,Pune,ROAD,CARRIER-C,RT-BOM-PNQ-01,2,817500.0,12060.7,12,4,10,113.2,123.5,4.5,52.2,10.0,65.0,65.0,1.0,0.0,1.5,0.0,999.0,0,0.0,0.0,0.0,0,0.0,0.0,25.0,0.86,18.4,0,Minor (< 1h)
SH-2433,Chennai,Bengaluru,AIR,CARRIER-B,RT-MAA-BLR-01,2,525300.0,11784.2,8,3,10,68.8,75.1,4.4,113.2,1.0,0.0,15.0,10.0,999.0,1.5,0.0,999.0,0,0.0,0.0,0.0,0,0.0,0.0,35.0,0.97,16.1,0,Minor (< 1h)
SH-4235,Mumbai,Delhi,ROAD,CARRIER-C,RT-BOM-DEL-01,3,739200.0,1942.4,23,4,10,406.7,443.7,27.0,32.4,3.1,20.2,37.4,7.2,0.0,1.5,0.0,999.0,0,0.0,0.0,0.0,0,0.0,0.0,110.0,0.86,39.6,0,Minor (< 1h)
SH-2663,Chennai,Bengaluru,AIR,CARRIER-B,RT-MAA-BLR-01,2,650200.0,8870.5,6,3,10,219.1,239.0,3.4,16.3,1.0,0.0,15.0,10.0,999.0,1.5,0.0,999.0,0,0.0,0.0,0.0,0,0.0,0.0,35.0,0.97,63.9,1,Moderate (1-3h)
SH-4228,Chennai,Hyderabad,AIR,CARRIER-B,RT-MAA-HYD-01,1,415400.0,1607.7,2,4,10,438.3,478.1,5.2,31.9,1.0,0.0,15.0,10.0,999.0,1.5,0.0,999.0,0,0.0,0.0,0.0,0,0.0,0.0,55.0,0.97,35.0,0,Minor (< 1h)
SH-3955,Bengaluru,Chennai,ROAD,CARRIER-A,RT-BLR-MAA-01,1,562200.0,17926.8,22,3,10,270.2,294.8,9.0,76.3,1.0,0.0,15.0,10.0,999.0,1.5,0.0,999.0,0,0.0,0.0,0.0,0,0.0,0.0,30.0,0.92,54.9,0,Minor (< 1h)
SH-3218,Mumbai,Delhi,ROAD,CARRIER-A,RT-BOM-DEL-01,2,1434600.0,15741.3,10,4,10,408.5,445.6,27.5,-36.1,10.0,65.0,65.0,1.0,0.0,1.5,0.0,999.0,0,0.0,0.0,0.0,0,0.0,0.0,110.0,0.92,157.5,1,Moderate (1-3h)
SH-4350,Chennai,Coimbatore,ROAD,CARRIER-C,RT-MAA-CJB-01,2,1007800.0,8658.6,23,4,10,155.7,169.9,12.5,174.6,8.2,53.3,57.8,2.6,37.7,7.0,92.4,21.8,0,0.0,0.0,0.0,0,0.0,0.0,40.0,0.86,12.7,0,On-Time
SH-3077,Chennai,Coimbatore,AIR,CARRIER-B,RT-MAA-CJB-01,2,1741400.0,8964.8,12,4,10,401.6,438.1,5.3,113.8,1.0,0.0,15.0,10.0,999.0,1.5,0.0,999.0,0,0.0,0.0,0.0,0,0.0,0.0,40.0,0.97,14.6,0,On-Time
SH-3923,Chennai,Hyderabad,AIR,CARRIER-B,RT-MAA-HYD-01,1,2352100.0,6576.3,7,4,10,370.1,403.7,7.2,174.7,1.0,0.0,15.0,10.0,999.0,1.5,0.0,999.0,0,0.0,0.0,0.0,0,0.0,0.0,55.0,0.97,12.4,0,On-Time
SH-2067,Mumbai,Pune,ROAD,CARRIER-C,RT-BOM-PNQ-01,3,2098800.0,523.3,12,3,10,60.4,65.9,5.5,86.4,1.0,0.0,15.0,10.0,999.0,1.5,0.0,999.0,0,0.0,0.0,0.0,0,0.0,0.0,25.0,0.86,48.3,0,Minor (< 1h)
SH-3222,Bengaluru,Chennai,AIR,CARRIER-B,RT-BLR-MAA-01,3,2060400.0,15354.4,15,4,10,99.1,108.1,3.4,-48.5,1.0,0.0,15.0,10.0,999.0,1.5,0.0,999.0,0,0.0,0.0,0.0,0,0.0,0.0,30.0,0.97,132.5,1,Moderate (1-3h)
SH-2166,Bengaluru,Chennai,ROAD,CARRIER-A,RT-BLR-MAA-01,2,1979500.0,11455.9,6,4,10,94.4,103.0,10.0,89.7,4.3,27.9,42.2,6.1,35.8,7.3,122.5,23.4,1,0.0,0.0,0.0,0,0.0,0.0,30.0,0.92,110.4,0,Moderate (1-3h)
SH-2237,Bengaluru,Hyderabad,AIR,CARRIER-B,RT-BLR-HYD-01,1,661400.0,2309.0,11,3,10,496.5,541.6,5.2,85.3,1.0,0.0,15.0,10.0,999.0,1.5,0.0,999.0,0,0.0,0.0,0.0,0,0.0,0.0,45.0,0.97,11.1,0,On-Time
SH-3668,Bengaluru,Hyderabad,MARITIME,CARRIER-D,RT-BLR-HYD-01,1,702300.0,8753.9,15,4,10,242.3,264.3,20.9,5.4,1.0,0.0,15.0,10.0,999.0,1.5,0.0,999.0,0,0.0,0.0,0.0,0,0.0,0.0,45.0,0.88,144.4,1,Moderate (1-3h)
SH-2050,Chennai,Bengaluru,ROAD,CARRIER-A,RT-MAA-BLR-01,3,1887500.0,6367.6,17,4,10,42.8,46.7,11.0,235.3,4.3,27.9,42.2,6.1,29.3,7.3,81.6,23.4,1,0.0,0.0,0.0,0,0.0,0.0,35.0,0.92,11.1,0,On-Time
SH-3072,Chennai,Hyderabad,AIR,CARRIER-B,RT-MAA-HYD-01,2,649200.0,6424.3,0,4,10,260.7,284.4,7.2,19.1,1.0,0.0,15.0,10.0,999.0,1.5,0.0,999.0,0,0.0,0.0,0.0,0,0.0,0.0,55.0,0.97,262.6,1,Major (> 3h)
SH-2806,Mumbai,Delhi,ROAD,CARRIER-A,RT-BOM-DEL-01,1,136100.0,1000.2,6,4,10,1032.2,1126.0,28.0,118.2,10.0,65.0,65.0,1.0,0.0,1.5,0.0,999.0,0,0.0,0.0,0.0,0,0.0,0.0,110.0,0.92,4.3,0,On-Time
SH-4125,Mumbai,Pune,AIR,CARRIER-B,RT-BOM-PNQ-01,3,2227800.0,7541.5,13,4,10,83.4,91.0,3.5,82.7,1.0,0.0,15.0,10.0,999.0,1.5,0.0,999.0,0,0.0,0.0,0.0,0,0.0,0.0,25.0,0.97,17.1,0,Minor (< 1h)
SH-2184,Bengaluru,Hyderabad,ROAD,CARRIER-C,RT-BLR-HYD-01,4,1173000.0,1851.6,4,5,10,486.2,530.4,14.5,232.3,3.9,25.3,40.6,6.5,0.0,1.5,0.0,999.0,0,0.0,0.0,0.0,0,0.0,0.0,45.0,0.86,18.2,0,Minor (< 1h)
SH-2981,Bengaluru,Hyderabad,MARITIME,CARRIER-D,RT-BLR-HYD-01,3,1762100.0,13231.2,18,3,10,208.6,227.6,20.9,113.1,1.0,0.0,15.0,10.0,999.0,1.5,0.0,999.0,0,0.0,0.0,0.0,0,0.0,0.0,45.0,0.88,16.3,0,Minor (< 1h)
SH-2608,Bengaluru,Hyderabad,MARITIME,CARRIER-D,RT-BLR-HYD-01,3,1363800.0,14845.7,14,3,10,96.3,105.1,22.9,226.0,1.0,0.0,15.0,10.0,999.0,1.5,0.0,999.0,0,0.0,0.0,0.0,0,0.0,0.0,45.0,0.88,32.9,0,Minor (< 1h)
SH-3248,Bengaluru,Hyderabad,MARITIME,CARRIER-D,RT-BLR-HYD-01,2,1117700.0,13968.5,21,3,10,229.8,250.7,20.4,83.6,1.0,0.0,15.0,10.0,999.0,1.5,0.0,999.0,0,0.0,0.0,0.0,0,0.0,0.0,45.0,0.88,15.0,0,Minor (< 1h)
SH-4454,Chennai,Hyderabad,ROAD,CARRIER-A,RT-MAA-HYD-01,3,830600.0,516.3,18,3,10,154.1,168.1,15.0,172.7,1.0,0.0,15.0,10.0,999.0,1.5,0.0,999.0,0,0.0,0.0,0.0,0,0.0,0.0,55.0,0.92,17.2,0,Minor (< 1h)
SH-3269,Bengaluru,Chennai,ROAD,CARRIER-A,RT-BLR-MAA-01,4,1335000.0,9678.3,21,4,10,275.2,300.2,8.5,51.8,1.0,0.0,15.0,10.0,999.0,1.5,0.0,999.0,0,0.0,0.0,0.0,0,0.0,0.0,30.0,0.92,70.7,0,Moderate (1-3h)
SH-4252,Bengaluru,Hyderabad,AIR,CARRIER-B,RT-BLR-HYD-01,2,2243300.0,7225.5,2,4,10,190.6,207.9,4.7,56.2,1.0,0.0,15.0,10.0,999.0,1.5,0.0,999.0,0,0.0,0.0,0.0,0,0.0,0.0,45.0,0.97,8.9,0,On-Time
SH-4412,Bengaluru,Hyderabad,AIR,CARRIER-B,RT-BLR-HYD-01,2,2250500.0,10311.0,20,3,10,219.8,239.8,5.7,117.8,1.0,0.0,15.0,10.0,999.0,1.5,0.0,999.0,0,0.0,0.0,0.0,0,0.0,0.0,45.0,0.97,5.3,0,On-Time
SH-4399,Chennai,Bengaluru,AIR,CARRIER-B,RT-MAA-BLR-01,4,2195100.0,9034.4,6,3,10,297.4,324.4,3.9,84.7,1.0,0.0,15.0,10.0,999.0,1.5,0.0,999.0,0,0.0,0.0,0.0,0,0.0,0.0,35.0,0.97,12.4,0,On-Time
SH-3891,Bengaluru,Chennai,ROAD,CARRIER-C,RT-BLR-MAA-01,4,2035300.0,2457.1,12,4,10,104.6,114.1,11.0,237.5,4.3,27.9,42.2,6.1,35.8,7.3,81.6,23.4,1,0.0,0.0,0.0,0,0.0,0.0,30.0,0.86,5.9,0,On-Time
SH-3468,Chennai,Bengaluru,ROAD,CARRIER-A,RT-MAA-BLR-01,3,1767400.0,15325.8,2,5,10,220.9,241.0,9.0,76.2,6.0,39.0,49.0,6.5,0.0,7.0,92.4,21.8,0,0.0,0.0,0.0,0,0.0,0.0,35.0,0.92,60.7,0,Moderate (1-3h)
SH-3577,Chennai,Bengaluru,MARITIME,CARRIER-D,RT-MAA-BLR-01,3,788300.0,11405.5,3,5,10,106.0,115.6,16.6,238.8,1.0,0.0,15.0,10.0,999.0,1.5,0.0,999.0,0,7.4,22.8,0.0,0,0.0,0.0,35.0,0.88,2.7,0,On-Time
SH-3995,Bengaluru,Hyderabad,ROAD,CARRIER-A,RT-BLR-HYD-01,2,1498200.0,7861.6,7,3,10,299.2,326.4,12.0,82.8,10.0,65.0,65.0,1.0,0.0,1.5,0.0,999.0,0,0.0,0.0,0.0,0,0.0,0.0,45.0,0.92,16.8,0,Minor (< 1h)
SH-2073,Chennai,Hyderabad,MARITIME,CARRIER-D,RT-MAA-HYD-01,1,1229700.0,17276.1,0,5,10,303.9,331.5,25.6,238.3,1.0,0.0,15.0,10.0,999.0,1.5,0.0,999.0,0,7.4,22.8,0.0,0,0.0,0.0,55.0,0.88,4.0,0,On-Time
SH-2551,Mumbai,Delhi,MARITIME,CARRIER-D,RT-BOM-DEL-01,2,890200.0,2392.3,8,4,10,264.3,288.3,49.8,176.2,1.0,0.0,15.0,10.0,999.0,1.5,0.0,999.0,0,7.7,27.9,0.0,0,0.0,0.0,110.0,0.88,9.0,0,On-Time
SH-2465,Bengaluru,Chennai,ROAD,CARRIER-C,RT-BLR-MAA-01,3,932900.0,5339.6,16,3,10,260.1,283.7,11.0,239.3,1.0,0.0,15.0,10.0,999.0,6.4,110.3,18.7,0,0.0,0.0,0.0,0,0.0,0.0,30.0,0.86,1.6,0,On-Time
SH-3290,Chennai,Bengaluru,MARITIME,CARRIER-D,RT-MAA-BLR-01,2,1371100.0,3235.8,18,4,10,127.9,139.5,15.6,178.0,1.0,0.0,15.0,10.0,999.0,1.5,0.0,999.0,0,7.4,27.5,0.0,0,0.0,0.0,35.0,0.88,4.7,0,On-Time
SH-3812,Bengaluru,Chennai,MARITIME,CARRIER-D,RT-BLR-MAA-01,4,2202000.0,2974.2,21,4,10,228.8,249.6,15.6,14.6,1.0,0.0,15.0,10.0,999.0,1.5,0.0,999.0,0,7.4,27.5,0.0,0,0.0,0.0,30.0,0.88,202.4,1,Major (> 3h)
SH-3282,Mumbai,Pune,AIR,CARRIER-B,RT-BOM-PNQ-01,3,649800.0,7863.4,11,4,10,72.1,78.7,4.0,63.1,1.0,0.0,15.0,10.0,999.0,1.5,0.0,999.0,0,0.0,0.0,0.0,0,0.0,0.0,25.0,0.97,70.2,0,Moderate (1-3h)
SH-3903,Mumbai,Pune,AIR,CARRIER-B,RT-BOM-PNQ-01,2,1732000.0,203.0,19,3,10,58.9,64.3,5.0,176.7,1.0,0.0,15.0,10.0,999.0,1.5,0.0,999.0,0,0.0,0.0,0.0,0,0.0,0.0,25.0,0.97,7.8,0,On-Time
SH-2464,Mumbai,Delhi,ROAD,CARRIER-A,RT-BOM-DEL-01,3,1970700.0,6885.0,2,4,10,979.7,1068.8,28.0,108.4,10.0,65.0,65.0,1.0,0.0,1.5,0.0,999.0,0,0.0,0.0,0.0,0,0.0,0.0,110.0,0.92,16.0,0,Minor (< 1h)
SH-4352,Chennai,Hyderabad,ROAD,CARRIER-A,RT-MAA-HYD-01,2,160200.0,9768.1,11,4,10,131.6,143.6,16.0,204.3,3.1,20.2,37.4,7.3,0.0,7.3,122.5,23.4,1,0.0,0.0,0.0,0,0.0,0.0,55.0,0.92,45.1,0,Minor (< 1h)
SH-3455,Bengaluru,Chennai,ROAD,CARRIER-C,RT-BLR-MAA-01,2,1749000.0,4026.0,14,4,10,210.5,229.6,11.0,179.8,4.3,27.9,42.2,6.1,35.8,7.3,81.6,23.4,1,0.0,0.0,0.0,0,0.0,0.0,30.0,0.86,76.4,0,Moderate (1-3h)
SH-3262,Bengaluru,Chennai,AIR,CARRIER-B,RT-BLR-MAA-01,3,353500.0,8562.1,23,4,10,81.3,88.7,3.9,62.7,1.0,0.0,15.0,10.0,999.0,1.5,0.0,999.0,0,0.0,0.0,0.0,0,0.0,0.0,30.0,0.97,34.9,0,Minor (< 1h)
SH-4005,Mumbai,Pune,ROAD,CARRIER-A,RT-BOM-PNQ-01,1,1411700.0,8746.9,22,4,10,119.8,130.7,4.5,56.4,1.0,0.0,15.0,10.0,999.0,1.5,0.0,999.0,0,0.0,0.0,0.0,0,0.0,0.0,25.0,0.92,8.5,0,On-Time
SH-3887,Bengaluru,Hyderabad,ROAD,CARRIER-A,RT-BLR-HYD-01,3,1574300.0,16340.4,1,4,10,225.5,246.0,12.0,1.6,4.3,27.9,42.2,7.3,0.0,1.5,0.0,999.0,0,0.0,0.0,0.0,0,0.0,0.0,45.0,0.92,105.3,1,Moderate (1-3h)
SH-2214,Mumbai,Pune,MARITIME,CARRIER-D,RT-BOM-PNQ-01,3,1257500.0,13957.5,7,3,10,55.1,60.1,10.3,213.5,1.0,0.0,15.0,10.0,999.0,1.5,0.0,999.0,0,5.7,17.3,0.0,0,0.0,0.0,25.0,0.88,62.4,0,Moderate (1-3h)
SH-3494,Chennai,Bengaluru,MARITIME,CARRIER-D,RT-MAA-BLR-01,1,599800.0,7180.4,12,4,10,161.9,176.6,13.6,51.1,1.0,0.0,15.0,10.0,999.0,1.5,0.0,999.0,0,7.4,27.5,0.0,0,6.8,3.29,35.0,0.88,20.9,0,Minor (< 1h)
SH-3716,Chennai,Hyderabad,ROAD,CARRIER-A,RT-MAA-HYD-01,1,1356500.0,9137.5,8,3,10,320.8,350.0,13.0,55.8,3.5,22.8,39.0,6.8,0.0,7.2,150.6,18.7,0,0.0,0.0,0.0,0,0.0,0.0,55.0,0.92,9.8,0,On-Time
SH-3648,Chennai,Coimbatore,ROAD,CARRIER-C,RT-MAA-CJB-01,4,2063900.0,989.7,21,4,10,91.4,99.7,11.0,55.6,8.2,53.3,57.8,2.6,37.7,1.5,0.0,999.0,0,0.0,0.0,0.0,0,0.0,0.0,40.0,0.86,80.9,0,Moderate (1-3h)
SH-2974,Chennai,Bengaluru,ROAD,CARRIER-C,RT-MAA-BLR-01,2,2159700.0,9547.6,19,3,10,285.7,311.7,11.0,208.8,1.0,0.0,15.0,10.0,999.0,1.5,0.0,999.0,0,0.0,0.0,0.0,0,0.0,0.0,35.0,0.86,38.5,0,Minor (< 1h)
SH-2435,Mumbai,Pune,MARITIME,CARRIER-D,RT-BOM-PNQ-01,4,977000.0,3755.1,23,4,10,48.6,53.0,10.3,204.9,1.0,0.0,15.0,10.0,999.0,1.5,0.0,999.0,0,7.7,27.9,0.0,0,0.0,0.0,25.0,0.88,48.8,0,Minor (< 1h)
SH-3133,Chennai,Hyderabad,ROAD,CARRIER-C,RT-MAA-HYD-01,3,659700.0,11526.4,8,4,10,345.3,376.7,13.5,84.4,3.1,20.2,37.4,7.3,0.0,7.3,122.5,23.4,1,0.0,0.0,0.0,0,0.0,0.0,55.0,0.86,13.1,0,On-Time
SH-2263,Bengaluru,Hyderabad,ROAD,CARRIER-A,RT-BLR-HYD-01,4,401100.0,5332.1,23,4,10,85.7,93.5,11.5,-57.8,3.9,25.3,40.6,6.5,0.0,1.5,0.0,999.0,0,0.0,0.0,0.0,0,0.0,0.0,45.0,0.92,138.7,1,Moderate (1-3h)
SH-2701,Mumbai,Delhi,AIR,CARRIER-B,RT-BOM-DEL-01,3,2103500.0,16967.0,7,3,10,767.6,837.4,11.1,41.1,1.0,0.0,15.0,10.0,999.0,1.5,0.0,999.0,0,0.0,0.0,0.0,0,0.0,0.0,110.0,0.97,95.2,0,Moderate (1-3h)
SH-2951,Mumbai,Pune,AIR,CARRIER-B,RT-BOM-PNQ-01,2,2404600.0,13009.7,15,4,10,56.7,61.9,3.5,-24.1,1.0,0.0,15.0,10.0,999.0,1.5,0.0,999.0,0,0.0,0.0,0.0,0,0.0,0.0,25.0,0.97,137.7,1,Moderate (1-3h)
SH-2831,Mumbai,Delhi,ROAD,CARRIER-A,RT-BOM-DEL-01,3,1646700.0,5265.0,13,3,10,1236.9,1349.3,27.5,25.9,10.0,65.0,65.0,1.0,0.0,1.5,0.0,999.0,0,0.0,0.0,0.0,0,0.0,0.0,110.0,0.92,84.1,0,Moderate (1-3h)
SH-3676,Chennai,Hyderabad,ROAD,CARRIER-A,RT-MAA-HYD-01,1,312200.0,8366.8,17,3,10,210.1,229.2,15.0,172.2,1.0,0.0,15.0,10.0,999.0,6.4,110.3,18.7,0,0.0,0.0,0.0,0,0.0,0.0,55.0,0.92,18.3,0,Minor (< 1h)
SH-4266,Chennai,Bengaluru,MARITIME,CARRIER-D,RT-MAA-BLR-01,3,1518800.0,6362.1,3,5,10,198.4,216.4,16.6,236.2,1.0,0.0,15.0,10.0,999.0,1.5,0.0,999.0,0,7.4,22.8,0.0,0,0.0,0.0,35.0,0.88,8.8,0,On-Time
SH-2585,Bengaluru,Hyderabad,AIR,CARRIER-B,RT-BLR-HYD-01,2,75100.0,6242.4,9,4,10,392.8,428.5,7.7,233.5,1.0,0.0,15.0,10.0,999.0,1.5,0.0,999.0,0,0.0,0.0,0.0,0,0.0,0.0,45.0,0.97,15.4,0,Minor (< 1h)
SH-2129,Chennai,Coimbatore,ROAD,CARRIER-A,RT-MAA-CJB-01,2,706800.0,10992.1,16,3,10,101.8,111.1,12.5,172.8,1.0,0.0,15.0,10.0,999.0,6.4,110.3,18.7,0,0.0,0.0,0.0,0,0.0,0.0,40.0,0.92,17.0,0,Minor (< 1h)
SH-2771,Bengaluru,Hyderabad,ROAD,CARRIER-C,RT-BLR-HYD-01,3,1463800.0,7313.5,21,4,10,370.7,404.4,11.5,7.0,3.9,25.3,40.6,6.5,0.0,1.5,0.0,999.0,0,0.0,0.0,0.0,0,0.0,0.0,45.0,0.86,67.8,1,Moderate (1-3h)
SH-2304,Bengaluru,Hyderabad,MARITIME,CARRIER-D,RT-BLR-HYD-01,2,783600.0,1043.4,11,4,10,470.9,513.7,20.4,89.7,1.0,0.0,15.0,10.0,999.0,1.5,0.0,999.0,0,0.0,0.0,0.0,0,0.0,0.0,45.0,0.88,0.8,0,On-Time
SH-4432,Chennai,Coimbatore,AIR,CARRIER-B,RT-MAA-CJB-01,4,784400.0,11273.2,6,4,10,127.8,139.4,4.3,55.3,1.0,0.0,15.0,10.0,999.0,1.5,0.0,999.0,0,0.0,0.0,0.0,0,0.0,0.0,40.0,0.97,11.1,0,On-Time
SH-2991,Chennai,Coimbatore,ROAD,CARRIER-C,RT-MAA-CJB-01,3,1819900.0,10486.5,15,3,10,325.9,355.5,10.5,53.5,1.0,0.0,15.0,10.0,999.0,6.4,110.3,18.7,0,0.0,0.0,0.0,0,0.0,0.0,40.0,0.86,15.4,0,Minor (< 1h)
SH-4336,Chennai,Hyderabad,ROAD,CARRIER-A,RT-MAA-HYD-01,2,634100.0,10124.6,14,3,10,257.7,281.1,16.0,236.1,1.0,0.0,15.0,10.0,999.0,6.4,110.3,18.7,0,0.0,0.0,0.0,0,0.0,0.0,55.0,0.92,9.2,0,On-Time
SH-2818,Mumbai,Delhi,ROAD,CARRIER-A,RT-BOM-DEL-01,4,611900.0,14197.3,14,4,10,947.0,1033.1,27.5,23.7,10.0,65.0,65.0,1.0,0.0,1.5,0.0,999.0,0,0.0,0.0,0.0,0,0.0,0.0,110.0,0.92,80.0,0,Moderate (1-3h)
SH-2793,Mumbai,Pune,MARITIME,CARRIER-D,RT-BOM-PNQ-01,2,1844600.0,17105.1,15,4,10,82.5,90.0,7.8,-53.7,1.0,0.0,15.0,10.0,999.0,1.5,0.0,999.0,0,7.7,27.9,0.0,0,0.0,0.0,25.0,0.88,171.4,1,Moderate (1-3h)
SH-4326,Chennai,Coimbatore,ROAD,CARRIER-C,RT-MAA-CJB-01,3,57300.0,15031.6,2,5,10,313.4,341.9,10.5,36.0,8.2,53.3,57.8,2.6,37.7,7.0,92.4,21.8,0,0.0,0.0,0.0,0,0.0,0.0,40.0,0.86,34.1,0,Minor (< 1h)
SH-3865,Chennai,Bengaluru,MARITIME,CARRIER-D,RT-MAA-BLR-01,3,1646600.0,8445.1,8,4,10,139.8,152.5,14.6,75.2,1.0,0.0,15.0,10.0,999.0,1.5,0.0,999.0,0,7.4,27.5,0.0,0,6.8,3.29,35.0,0.88,53.4,0,Minor (< 1h)
SH-3400,Mumbai,Delhi,ROAD,CARRIER-C,RT-BOM-DEL-01,4,398200.0,14593.4,19,3,10,226.7,247.3,28.0,118.3,10.0,65.0,65.0,1.0,0.0,1.5,0.0,999.0,0,0.0,0.0,0.0,0,0.0,0.0,110.0,0.86,4.0,0,On-Time
SH-3247,Chennai,Coimbatore,MARITIME,CARRIER-D,RT-MAA-CJB-01,2,1686600.0,11696.5,10,3,10,304.7,332.4,18.6,85.6,1.0,0.0,15.0,10.0,999.0,1.5,0.0,999.0,0,7.4,27.5,0.0,0,0.0,0.0,40.0,0.88,10.3,0,On-Time
SH-3399,Chennai,Bengaluru,ROAD,CARRIER-A,RT-MAA-BLR-01,1,1299600.0,5163.6,12,3,10,271.6,296.3,11.0,173.1,1.0,0.0,15.0,10.0,999.0,6.4,110.3,18.7,0,0.0,0.0,0.0,0,0.0,0.0,35.0,0.92,83.2,0,Moderate (1-3h)
SH-3975,Bengaluru,Hyderabad,MARITIME,CARRIER-D,RT-BLR-HYD-01,2,693000.0,16985.3,21,3,10,61.0,66.5,20.4,88.4,1.0,0.0,15.0,10.0,999.0,1.5,0.0,999.0,0,0.0,0.0,0.0,0,0.0,0.0,45.0,0.88,3.8,0,On-Time
SH-2017,Chennai,Bengaluru,ROAD,CARRIER-A,RT-MAA-BLR-01,1,1290500.0,12557.9,20,3,10,270.8,295.4,9.0,-13.9,1.0,0.0,15.0,10.0,999.0,1.5,0.0,999.0,0,0.0,0.0,0.0,0,0.0,0.0,35.0,0.92,167.3,1,Moderate (1-3h)
SH-4070,Chennai,Coimbatore,AIR,CARRIER-B,RT-MAA-CJB-01,3,867200.0,14560.7,22,4,10,81.3,88.7,7.3,109.6,1.0,0.0,15.0,10.0,999.0,1.5,0.0,999.0,0,0.0,0.0,0.0,0,0.0,0.0,40.0,0.97,155.2,0,Moderate (1-3h)
SH-4265,Mumbai,Pune,ROAD,CARRIER-C,RT-BOM-PNQ-01,2,1844600.0,11776.0,5,5,10,16.6,30.0,4.5,-22.8,3.1,20.2,37.4,7.2,0.0,1.5,0.0,999.0,0,0.0,0.0,0.0,0,0.0,0.0,25.0,0.86,102.3,1,Moderate (1-3h)
SH-3477,Chennai,Hyderabad,ROAD,CARRIER-A,RT-MAA-HYD-01,4,55700.0,3901.9,5,5,10,240.6,262.5,14.0,52.0,10.0,65.0,65.0,1.0,0.0,7.0,70.1,21.8,0,0.0,0.0,0.0,0,0.0,0.0,55.0,0.92,89.2,0,Moderate (1-3h)
SH-4433,Bengaluru,Hyderabad,MARITIME,CARRIER-D,RT-BLR-HYD-01,2,51400.0,13856.7,3,5,10,382.8,417.6,21.9,100.2,1.0,0.0,15.0,10.0,999.0,1.5,0.0,999.0,0,0.0,0.0,0.0,0,0.0,0.0,45.0,0.88,99.7,0,Moderate (1-3h)
SH-4441,Chennai,Coimbatore,ROAD,CARRIER-A,RT-MAA-CJB-01,2,1441500.0,12172.4,7,4,10,355.4,387.7,11.0,69.6,3.1,20.2,37.4,7.2,37.7,7.3,122.5,23.4,1,0.0,0.0,0.0,0,0.0,0.0,40.0,0.92,48.1,0,Minor (< 1h)
SH-3256,Mumbai,Pune,MARITIME,CARRIER-D,RT-BOM-PNQ-01,3,2172800.0,6687.8,17,3,10,34.7,37.9,8.3,98.2,1.0,0.0,15.0,10.0,999.0,1.5,0.0,999.0,0,7.7,27.9,0.0,0,0.0,0.0,25.0,0.88,51.3,0,Minor (< 1h)
SH-3390,Mumbai,Delhi,MARITIME,CARRIER-D,RT-BOM-DEL-01,4,257300.0,15489.6,10,3,10,601.2,655.9,47.8,55.5,1.0,0.0,15.0,10.0,999.0,1.5,0.0,999.0,0,7.7,27.9,0.0,0,0.0,0.0,110.0,0.88,10.6,0,On-Time
SH-2835,Mumbai,Delhi,ROAD,CARRIER-A,RT-BOM-DEL-01,2,1986900.0,5858.3,8,3,10,258.4,281.9,27.0,-104.7,10.0,65.0,65.0,1.0,0.0,1.5,0.0,999.0,0,0.0,0.0,0.0,0,0.0,0.0,110.0,0.92,200.6,1,Major (> 3h)
SH-2408,Chennai,Coimbatore,ROAD,CARRIER-C,RT-MAA-CJB-01,2,629900.0,15484.4,20,4,10,175.3,191.2,13.5,219.1,1.0,0.0,15.0,10.0,999.0,1.5,0.0,999.0,0,0.0,0.0,0.0,0,0.0,0.0,40.0,0.86,32.5,0,Minor (< 1h)
SH-3948,Chennai,Coimbatore,ROAD,CARRIER-C,RT-MAA-CJB-01,3,784700.0,2343.4,9,4,10,306.5,334.4,11.0,83.7,3.1,20.2,37.4,7.2,37.7,7.3,122.5,23.4,1,0.0,0.0,0.0,0,0.0,0.0,40.0,0.86,14.8,0,On-Time
SH-2846,Bengaluru,Chennai,MARITIME,CARRIER-D,RT-BLR-MAA-01,1,797800.0,13623.9,3,4,10,64.8,70.7,14.1,88.3,1.0,0.0,15.0,10.0,999.0,1.5,0.0,999.0,0,7.4,27.5,0.0,0,6.8,3.29,30.0,0.88,4.0,0,On-Time
SH-2077,Bengaluru,Chennai,MARITIME,CARRIER-D,RT-BLR-MAA-01,3,2135800.0,15767.4,10,3,10,196.4,214.3,15.6,172.8,1.0,0.0,15.0,10.0,999.0,1.5,0.0,999.0,0,6.9,22.2,0.0,0,0.0,0.0,30.0,0.88,16.9,0,Minor (< 1h)
SH-4413,Chennai,Hyderabad,ROAD,CARRIER-C,RT-MAA-HYD-01,3,266800.0,11364.9,0,5,10,94.2,102.8,14.0,32.8,10.0,65.0,65.0,1.0,0.0,7.0,70.1,21.8,0,0.0,0.0,0.0,0,0.0,0.0,55.0,0.86,110.0,0,Moderate (1-3h)
SH-2146,Mumbai,Pune,AIR,CARRIER-B,RT-BOM-PNQ-01,3,760100.0,10066.3,14,4,10,98.1,107.0,6.0,214.0,1.0,0.0,15.0,10.0,999.0,1.5,0.0,999.0,0,0.0,0.0,0.0,0,0.0,0.0,25.0,0.97,31.4,0,Minor (< 1h)
SH-4194,Mumbai,Pune,AIR,CARRIER-B,RT-BOM-PNQ-01,2,1355800.0,17560.8,21,4,10,92.4,100.8,3.5,88.3,1.0,0.0,15.0,10.0,999.0,1.5,0.0,999.0,0,0.0,0.0,0.0,0,0.0,0.0,25.0,0.97,3.9,0,On-Time
SH-2152,Bengaluru,Hyderabad,AIR,CARRIER-B,RT-BLR-HYD-01,4,549500.0,9608.0,18,3,10,272.8,297.6,4.7,51.6,1.0,0.0,15.0,10.0,999.0,1.5,0.0,999.0,0,0.0,0.0,0.0,0,0.0,0.0,45.0,0.97,19.9,0,Minor (< 1h)
SH-2367,Chennai,Hyderabad,AIR,CARRIER-B,RT-MAA-HYD-01,2,415000.0,10596.3,8,4,10,237.7,259.3,6.2,76.1,1.0,0.0,15.0,10.0,999.0,1.5,0.0,999.0,0,0.0,0.0,0.0,0,0.0,0.0,55.0,0.97,103.2,0,Moderate (1-3h)
SH-3818,Bengaluru,Chennai,AIR,CARRIER-B,RT-BLR-MAA-01,3,2188100.0,16863.8,13,3,10,275.3,300.3,5.4,179.5,1.0,0.0,15.0,10.0,999.0,1.5,0.0,999.0,0,0.0,0.0,0.0,0,0.0,0.0,30.0,0.97,1.2,0,On-Time
SH-3609,Bengaluru,Chennai,ROAD,CARRIER-C,RT-BLR-MAA-01,3,380400.0,4491.6,23,4,10,294.0,320.7,8.5,28.5,8.2,53.3,57.8,2.6,37.7,1.5,0.0,999.0,0,0.0,0.0,0.0,0,0.0,0.0,30.0,0.86,91.4,1,Moderate (1-3h)
SH-2266,Mumbai,Delhi,ROAD,CARRIER-C,RT-BOM-DEL-01,3,390600.0,14579.4,23,3,10,966.5,1054.4,27.0,53.7,10.0,65.0,65.0,1.0,0.0,1.5,0.0,999.0,0,0.0,0.0,0.0,0,0.0,0.0,110.0,0.86,14.8,0,On-Time
SH-4286,Chennai,Bengaluru,MARITIME,CARRIER-D,RT-MAA-BLR-01,4,1800200.0,8041.9,4,5,10,228.5,249.3,16.6,223.1,1.0,0.0,15.0,10.0,999.0,1.5,0.0,999.0,0,7.4,22.8,0.0,0,0.0,0.0,35.0,0.88,20.6,0,Minor (< 1h)
SH-3909,Mumbai,Delhi,ROAD,CARRIER-A,RT-BOM-DEL-01,3,2356300.0,7139.5,14,3,10,399.7,436.0,27.5,-31.4,10.0,65.0,65.0,1.0,0.0,1.5,0.0,999.0,0,0.0,0.0,0.0,0,0.0,0.0,110.0,0.92,152.4,1,Moderate (1-3h)
SH-2945,Bengaluru,Hyderabad,ROAD,CARRIER-A,RT-BLR-HYD-01,3,2389100.0,15697.0,13,3,10,228.5,249.3,13.5,158.7,1.0,0.0,15.0,10.0,999.0,1.5,0.0,999.0,0,0.0,0.0,0.0,0,0.0,0.0,45.0,0.92,33.0,0,Minor (< 1h)
SH-2518,Chennai,Coimbatore,MARITIME,CARRIER-D,RT-MAA-CJB-01,4,550800.0,9092.4,1,5,10,129.5,141.3,18.1,58.9,1.0,0.0,15.0,10.0,999.0,1.5,0.0,999.0,0,7.4,22.8,0.0,0,0.0,0.0,40.0,0.88,2.6,0,On-Time
SH-3731,Mumbai,Delhi,ROAD,CARRIER-A,RT-BOM-DEL-01,1,400900.0,6430.8,13,3,10,1205.7,1315.3,27.5,86.6,10.0,65.0,65.0,1.0,0.0,1.5,0.0,999.0,0,0.0,0.0,0.0,0,0.0,0.0,110.0,0.92,7.9,0,On-Time
SH-2495,Chennai,Bengaluru,MARITIME,CARRIER-D,RT-MAA-BLR-01,4,2448500.0,16100.5,18,4,10,277.2,302.4,13.6,27.2,1.0,0.0,15.0,10.0,999.0,1.5,0.0,999.0,0,7.4,27.5,0.0,0,0.0,0.0,35.0,0.88,38.7,0,Minor (< 1h)
SH-3357,Chennai,Bengaluru,ROAD,CARRIER-A,RT-MAA-BLR-01,4,2322100.0,9043.1,1,4,10,38.7,42.2,8.5,86.6,1.0,0.0,15.0,10.0,999.0,7.0,40.9,25.8,0,0.0,0.0,0.0,0,0.0,0.0,35.0,0.92,8.0,0,On-Time
SH-2892,Chennai,Bengaluru,AIR,CARRIER-B,RT-MAA-BLR-01,2,2023000.0,4017.1,14,4,10,114.1,124.5,6.4,219.5,1.0,0.0,15.0,10.0,999.0,1.5,0.0,999.0,0,0.0,0.0,0.0,0,0.0,0.0,35.0,0.97,24.9,0,Minor (< 1h)
SH-3021,Bengaluru,Chennai,ROAD,CARRIER-A,RT-BLR-MAA-01,3,1643800.0,7255.6,9,3,10,284.6,310.5,9.0,118.1,3.5,22.8,39.0,6.8,0.0,7.2,150.6,18.7,0,0.0,0.0,0.0,0,0.0,0.0,30.0,0.92,4.5,0,On-Time
SH-4129,Chennai,Coimbatore,ROAD,CARRIER-A,RT-MAA-CJB-01,1,1409600.0,4882.2,14,3,10,188.1,205.2,10.5,53.4,1.0,0.0,15.0,10.0,999.0,6.4,110.3,18.7,0,0.0,0.0,0.0,0,0.0,0.0,40.0,0.92,15.5,0,Minor (< 1h)
SH-3996,Bengaluru,Hyderabad,ROAD,CARRIER-C,RT-BLR-HYD-01,3,2468600.0,4584.8,4,5,10,283.2,308.9,13.5,178.8,3.9,25.3,40.6,6.5,0.0,1.5,0.0,999.0,0,0.0,0.0,0.0,0,0.0,0.0,45.0,0.86,2.9,0,On-Time
SH-3118,Chennai,Coimbatore,AIR,CARRIER-B,RT-MAA-CJB-01,2,1654700.0,403.1,21,4,10,433.2,472.6,7.3,234.7,1.0,0.0,15.0,10.0,999.0,1.5,0.0,999.0,0,0.0,0.0,0.0,0,0.0,0.0,40.0,0.97,12.4,0,On-Time
SH-2639,Chennai,Hyderabad,AIR,CARRIER-B,RT-MAA-HYD-01,2,2067200.0,7260.8,23,4,10,264.6,288.7,5.7,53.3,1.0,0.0,15.0,10.0,999.0,1.5,0.0,999.0,0,0.0,0.0,0.0,0,0.0,0.0,55.0,0.97,44.3,0,Minor (< 1h)
SH-3217,Bengaluru,Hyderabad,ROAD,CARRIER-A,RT-BLR-HYD-01,4,1326700.0,6527.2,2,5,10,468.7,511.3,12.5,112.6,3.9,25.3,40.6,6.5,0.0,1.5,0.0,999.0,0,0.0,0.0,0.0,0,0.0,0.0,45.0,0.92,17.4,0,Minor (< 1h)
SH-2956,Bengaluru,Chennai,ROAD,CARRIER-C,RT-BLR-MAA-01,2,1264100.0,12195.3,17,3,10,217.5,237.3,9.0,73.4,1.0,0.0,15.0,10.0,999.0,6.4,110.3,18.7,0,0.0,0.0,0.0,0,0.0,0.0,30.0,0.86,63.4,0,Moderate (1-3h)
SH-2343,Chennai,Bengaluru,ROAD,CARRIER-A,RT-MAA-BLR-01,2,97500.0,7394.0,3,4,10,73.1,79.7,10.0,173.3,1.0,0.0,15.0,10.0,999.0,7.0,40.9,25.8,0,0.0,0.0,0.0,0,0.0,0.0,35.0,0.92,15.8,0,Minor (< 1h)
SH-2676,Mumbai,Pune,ROAD,CARRIER-C,RT-BOM-PNQ-01,2,673900.0,13644.7,10,4,10,59.9,65.3,7.5,239.4,10.0,65.0,65.0,1.0,0.0,1.5,0.0,999.0,0,0.0,0.0,0.0,0,0.0,0.0,25.0,0.86,1.5,0,On-Time
SH-4053,Chennai,Hyderabad,ROAD,CARRIER-C,RT-MAA-HYD-01,4,1291600.0,11652.0,12,3,10,301.4,328.8,13.5,83.2,1.0,0.0,15.0,10.0,999.0,6.4,110.3,18.7,0,0.0,0.0,0.0,0,0.0,0.0,55.0,0.86,15.9,0,Minor (< 1h)
SH-2720,Chennai,Bengaluru,AIR,CARRIER-B,RT-MAA-BLR-01,1,1351800.0,905.4,12,3,10,112.1,122.3,3.4,-8.7,1.0,0.0,15.0,10.0,999.0,1.5,0.0,999.0,0,0.0,0.0,0.0,0,0.0,0.0,35.0,0.97,81.3,1,Moderate (1-3h)
SH-2476,Chennai,Coimbatore,MARITIME,CARRIER-D,RT-MAA-CJB-01,2,2059000.0,12494.5,4,4,10,99.3,108.3,18.1,57.9,1.0,0.0,15.0,10.0,999.0,1.5,0.0,999.0,0,7.4,27.5,0.0,0,6.8,3.29,40.0,0.88,4.9,0,On-Time
SH-3293,Bengaluru,Chennai,ROAD,CARRIER-C,RT-BLR-MAA-01,1,2144500.0,8622.1,19,3,10,169.5,184.9,10.0,171.6,1.0,0.0,15.0,10.0,999.0,1.5,0.0,999.0,0,0.0,0.0,0.0,0,0.0,0.0,30.0,0.86,19.9,0,Minor (< 1h)
SH-3387,Bengaluru,Chennai,MARITIME,CARRIER-D,RT-BLR-MAA-01,2,1125400.0,16104.9,20,4,10,273.7,298.6,16.6,173.2,1.0,0.0,15.0,10.0,999.0,1.5,0.0,999.0,0,7.4,27.5,0.0,0,0.0,0.0,30.0,0.88,87.9,0,Moderate (1-3h)
SH-4414,Chennai,Hyderabad,AIR,CARRIER-B,RT-MAA-HYD-01,2,1499700.0,16621.3,8,4,10,324.0,353.5,7.2,177.9,1.0,0.0,15.0,10.0,999.0,1.5,0.0,999.0,0,0.0,0.0,0.0,0,0.0,0.0,55.0,0.97,5.0,0,On-Time
SH-2185,Chennai,Hyderabad,ROAD,CARRIER-C,RT-MAA-HYD-01,3,2114000.0,15669.2,12,3,10,128.8,140.5,13.0,55.7,1.0,0.0,15.0,10.0,999.0,6.4,110.3,18.7,0,0.0,0.0,0.0,0,0.0,0.0,55.0,0.86,10.2,0,On-Time
SH-3107,Bengaluru,Hyderabad,ROAD,CARRIER-C,RT-BLR-HYD-01,1,360100.0,8140.9,18,3,10,176.7,192.8,14.5,90.0,1.0,0.0,15.0,10.0,999.0,1.5,0.0,999.0,0,0.0,0.0,0.0,0,0.0,0.0,45.0,0.86,177.3,0,Moderate (1-3h)
SH-2751,Bengaluru,Hyderabad,ROAD,CARRIER-A,RT-BLR-HYD-01,2,1324500.0,8750.6,16,3,10,336.3,366.9,14.5,232.7,1.0,0.0,15.0,10.0,999.0,1.5,0.0,999.0,0,0.0,0.0,0.0,0,0.0,0.0,45.0,0.92,17.3,0,Minor (< 1h)
SH-4126,Chennai,Hyderabad,ROAD,CARRIER-C,RT-MAA-HYD-01,3,1977500.0,8064.8,3,5,10,354.3,386.5,13.5,60.4,10.0,65.0,65.0,1.0,0.0,7.0,70.1,21.8,0,0.0,0.0,0.0,0,0.0,0.0,55.0,0.86,40.7,0,Minor (< 1h)
SH-3740,Mumbai,Pune,MARITIME,CARRIER-D,RT-BOM-PNQ-01,1,1946800.0,2007.7,8,3,10,132.8,144.9,7.8,88.8,1.0,0.0,15.0,10.0,999.0,1.5,0.0,999.0,0,5.7,17.3,0.0,0,0.0,0.0,25.0,0.88,2.8,0,On-Time
SH-4317,Mumbai,Delhi,ROAD,CARRIER-C,RT-BOM-DEL-01,3,1272800.0,2279.4,15,4,10,988.9,1078.8,28.0,112.5,10.0,65.0,65.0,1.0,0.0,1.5,0.0,999.0,0,0.0,0.0,0.0,0,0.0,0.0,110.0,0.86,17.6,0,Minor (< 1h)
SH-2621,Bengaluru,Hyderabad,ROAD,CARRIER-A,RT-BLR-HYD-01,2,458800.0,3570.0,15,4,10,206.4,225.2,11.5,-56.1,4.3,27.9,42.2,7.3,0.0,1.5,0.0,999.0,0,0.0,0.0,0.0,0,0.0,0.0,45.0,0.92,141.7,1,Moderate (1-3h)
SH-2894,Bengaluru,Chennai,ROAD,CARRIER-C,RT-BLR-MAA-01,3,705600.0,791.6,14,4,10,100.1,109.2,9.0,115.8,4.3,27.9,42.2,6.1,35.8,7.3,81.6,23.4,1,0.0,0.0,0.0,0,0.0,0.0,30.0,0.86,9.9,0,On-Time
SH-3808,Chennai,Hyderabad,AIR,CARRIER-B,RT-MAA-HYD-01,1,198800.0,16567.4,4,4,10,310.0,338.2,8.2,113.3,1.0,0.0,15.0,10.0,999.0,1.5,0.0,999.0,0,0.0,0.0,0.0,0,0.0,0.0,55.0,0.97,151.2,0,Moderate (1-3h)
SH-2461,Mumbai,Pune,MARITIME,CARRIER-D,RT-BOM-PNQ-01,3,1413600.0,1224.5,1,4,10,126.9,138.4,10.3,236.0,1.0,0.0,15.0,10.0,999.0,1.5,0.0,999.0,0,7.7,27.9,0.0,0,0.0,0.0,25.0,0.88,9.5,0,On-Time
SH-2452,Bengaluru,Hyderabad,AIR,CARRIER-B,RT-BLR-HYD-01,2,1674900.0,4421.1,23,3,10,447.7,488.4,6.7,172.2,1.0,0.0,15.0,10.0,999.0,1.5,0.0,999.0,0,0.0,0.0,0.0,0,0.0,0.0,45.0,0.97,18.3,0,Minor (< 1h)
SH-2854,Chennai,Coimbatore,ROAD,CARRIER-C,RT-MAA-CJB-01,3,1523700.0,2748.6,6,3,10,124.4,135.7,13.5,234.8,3.5,22.8,39.0,6.8,0.0,7.2,150.6,18.7,0,0.0,0.0,0.0,0,0.0,0.0,40.0,0.86,12.3,0,On-Time
SH-3096,Bengaluru,Hyderabad,AIR,CARRIER-B,RT-BLR-HYD-01,2,327000.0,15627.7,9,3,10,304.9,332.6,7.7,237.8,1.0,0.0,15.0,10.0,999.0,1.5,0.0,999.0,0,0.0,0.0,0.0,0,0.0,0.0,45.0,0.97,5.2,0,On-Time
SH-2622,Mumbai,Pune,MARITIME,CARRIER-D,RT-BOM-PNQ-01,3,2065500.0,2500.9,19,4,10,124.5,135.8,9.3,111.4,1.0,0.0,15.0,10.0,999.0,1.5,0.0,999.0,0,7.7,27.9,0.0,0,0.0,0.0,25.0,0.88,82.4,0,Moderate (1-3h)
SH-3047,Chennai,Bengaluru,ROAD,CARRIER-A,RT-MAA-BLR-01,2,683100.0,9486.7,13,3,10,246.7,269.1,8.0,57.8,1.0,0.0,15.0,10.0,999.0,6.4,110.3,18.7,0,0.0,0.0,0.0,0,0.0,0.0,35.0,0.92,5.1,0,On-Time
SH-4290,Mumbai,Delhi,AIR,CARRIER-B,RT-BOM-DEL-01,2,253500.0,2965.0,3,4,10,799.5,872.2,11.1,117.4,1.0,0.0,15.0,10.0,999.0,1.5,0.0,999.0,0,0.0,0.0,0.0,0,0.0,0.0,110.0,0.97,6.1,0,On-Time
SH-2404,Mumbai,Pune,ROAD,CARRIER-C,RT-BOM-PNQ-01,2,2202000.0,12841.0,5,4,10,39.9,43.5,6.5,152.4,1.0,0.0,15.0,10.0,999.0,1.5,0.0,999.0,0,0.0,0.0,0.0,0,0.0,0.0,25.0,0.86,64.8,0,Moderate (1-3h)
SH-3054,Chennai,Coimbatore,ROAD,CARRIER-A,RT-MAA-CJB-01,3,302400.0,2812.0,15,3,10,228.8,249.6,10.5,52.6,1.0,0.0,15.0,10.0,999.0,6.4,110.3,18.7,0,0.0,0.0,0.0,0,0.0,0.0,40.0,0.92,17.5,0,Minor (< 1h)
SH-3704,Chennai,Hyderabad,AIR,CARRIER-B,RT-MAA-HYD-01,3,2457500.0,892.6,19,4,10,476.9,520.3,7.2,98.4,1.0,0.0,15.0,10.0,999.0,1.5,0.0,999.0,0,0.0,0.0,0.0,0,0.0,0.0,55.0,0.97,100.8,0,Moderate (1-3h)
SH-2772,Chennai,Coimbatore,ROAD,CARRIER-C,RT-MAA-CJB-01,4,1639300.0,10982.9,7,3,10,160.8,175.4,12.5,175.7,3.5,22.8,39.0,6.8,0.0,7.2,150.6,18.7,0,0.0,0.0,0.0,0,0.0,0.0,40.0,0.86,10.1,0,On-Time
SH-3235,Mumbai,Delhi,AIR,CARRIER-B,RT-BOM-DEL-01,3,2123900.0,9405.8,21,4,10,266.0,290.2,10.1,12.8,1.0,0.0,15.0,10.0,999.0,1.5,0.0,999.0,0,0.0,0.0,0.0,0,0.0,0.0,110.0,0.97,71.3,1,Moderate (1-3h)
SH-2195,Bengaluru,Hyderabad,MARITIME,CARRIER-D,RT-BLR-HYD-01,1,1508200.0,17844.2,5,5,10,243.0,265.1,19.9,57.8,1.0,0.0,15.0,10.0,999.0,1.5,0.0,999.0,0,0.0,0.0,0.0,0,0.0,0.0,45.0,0.88,5.2,0,On-Time
SH-2352,Chennai,Hyderabad,MARITIME,CARRIER-D,RT-MAA-HYD-01,2,1765000.0,330.8,18,4,10,132.3,144.3,22.6,-11.1,1.0,0.0,15.0,10.0,999.0,1.5,0.0,999.0,0,7.4,27.5,0.0,0,0.0,0.0,55.0,0.88,88.5,1,Moderate (1-3h)
SH-2300,Chennai,Hyderabad,MARITIME,CARRIER-D,RT-MAA-HYD-01,2,1003900.0,4597.8,16,3,10,551.8,602.0,24.6,103.2,1.0,0.0,15.0,10.0,999.0,1.5,0.0,999.0,0,7.4,27.5,0.0,0,6.8,3.29,55.0,0.88,95.7,0,Moderate (1-3h)
SH-3966,Mumbai,Pune,ROAD,CARRIER-A,RT-BOM-PNQ-01,4,2472200.0,17426.8,16,3,10,44.0,48.0,6.5,172.1,1.0,0.0,15.0,10.0,999.0,1.5,0.0,999.0,0,0.0,0.0,0.0,0,0.0,0.0,25.0,0.92,18.5,0,Minor (< 1h)
SH-4207,Mumbai,Delhi,ROAD,CARRIER-C,RT-BOM-DEL-01,1,327600.0,4869.4,6,4,10,417.5,455.5,27.0,55.7,10.0,65.0,65.0,1.0,0.0,1.5,0.0,999.0,0,0.0,0.0,0.0,0,0.0,0.0,110.0,0.86,10.2,0,On-Time
SH-4307,Bengaluru,Hyderabad,ROAD,CARRIER-A,RT-BLR-HYD-01,3,2014700.0,10068.5,7,4,10,132.3,144.3,12.0,84.5,4.3,27.9,42.2,7.3,0.0,1.5,0.0,999.0,0,0.0,0.0,0.0,0,0.0,0.0,45.0,0.92,12.9,0,On-Time
SH-3777,Chennai,Coimbatore,MARITIME,CARRIER-D,RT-MAA-CJB-01,3,784400.0,3084.9,2,5,10,240.2,262.0,21.1,215.9,1.0,0.0,15.0,10.0,999.0,1.5,0.0,999.0,0,7.4,22.8,0.0,0,0.0,0.0,40.0,0.88,32.5,0,Minor (< 1h)
SH-2483,Chennai,Hyderabad,ROAD,CARRIER-A,RT-MAA-HYD-01,2,342600.0,2958.4,13,4,10,150.6,164.3,14.0,-0.0,3.1,20.2,37.4,7.3,0.0,7.3,81.6,23.4,1,0.0,0.0,0.0,0,0.0,0.0,55.0,0.92,147.9,1,Moderate (1-3h)
SH-3882,Mumbai,Pune,AIR,CARRIER-B,RT-BOM-PNQ-01,1,474400.0,16808.0,0,4,10,25.4,30.0,3.5,28.8,1.0,0.0,15.0,10.0,999.0,1.5,0.0,999.0,0,0.0,0.0,0.0,0,0.0,0.0,25.0,0.97,75.5,0,Moderate (1-3h)
SH-4200,Bengaluru,Hyderabad,ROAD,CARRIER-A,RT-BLR-HYD-01,2,1557200.0,14382.0,23,3,10,292.6,319.2,14.5,226.6,1.0,0.0,15.0,10.0,999.0,1.5,0.0,999.0,0,0.0,0.0,0.0,0,0.0,0.0,45.0,0.92,19.8,0,Minor (< 1h)
SH-3346,Bengaluru,Hyderabad,ROAD,CARRIER-C,RT-BLR-HYD-01,2,795000.0,7114.9,8,4,10,140.5,153.3,14.5,232.4,4.3,27.9,42.2,7.3,0.0,1.5,0.0,999.0,0,0.0,0.0,0.0,0,0.0,0.0,45.0,0.86,17.9,0,Minor (< 1h)
SH-4249,Bengaluru,Hyderabad,ROAD,CARRIER-C,RT-BLR-HYD-01,1,2485400.0,5602.9,0,5,10,305.8,333.6,14.5,208.7,3.9,25.3,40.6,6.5,0.0,1.5,0.0,999.0,0,0.0,0.0,0.0,0,0.0,0.0,45.0,0.86,38.1,0,Minor (< 1h)
SH-3274,Bengaluru,Chennai,MARITIME,CARRIER-D,RT-BLR-MAA-01,2,1296100.0,4250.6,3,5,10,281.1,306.7,16.6,141.2,1.0,0.0,15.0,10.0,999.0,1.5,0.0,999.0,0,7.4,22.8,0.0,0,0.0,0.0,30.0,0.88,121.7,0,Moderate (1-3h)
SH-2693,Bengaluru,Hyderabad,AIR,CARRIER-B,RT-BLR-HYD-01,2,1436500.0,12109.6,2,4,10,370.4,404.1,5.2,40.3,1.0,0.0,15.0,10.0,999.0,1.5,0.0,999.0,0,0.0,0.0,0.0,0,0.0,0.0,45.0,0.97,64.2,0,Moderate (1-3h)
SH-4079,Mumbai,Delhi,MARITIME,CARRIER-D,RT-BOM-DEL-01,3,145500.0,2626.9,6,4,10,715.8,780.9,48.3,88.8,1.0,0.0,15.0,10.0,999.0,1.5,0.0,999.0,0,7.7,27.9,0.0,0,0.0,0.0,110.0,0.88,2.9,0,On-Time
SH-3722,Mumbai,Pune,ROAD,CARRIER-A,RT-BOM-PNQ-01,2,2470300.0,14371.9,17,4,10,99.7,108.8,7.5,161.3,10.0,65.0,65.0,1.0,0.0,1.5,0.0,999.0,0,0.0,0.0,0.0,0,0.0,0.0,25.0,0.92,98.6,0,Moderate (1-3h)
SH-3855,Bengaluru,Hyderabad,MARITIME,CARRIER-D,RT-BLR-HYD-01,2,247700.0,9034.4,3,5,10,135.1,147.4,20.9,119.8,1.0,0.0,15.0,10.0,999.0,1.5,0.0,999.0,0,0.0,0.0,0.0,0,0.0,0.0,45.0,0.88,0.4,0,On-Time
SH-2538,Bengaluru,Hyderabad,AIR,CARRIER-B,RT-BLR-HYD-01,4,654400.0,16629.3,5,5,10,434.7,474.2,5.7,85.4,1.0,0.0,15.0,10.0,999.0,1.5,0.0,999.0,0,0.0,0.0,0.0,0,0.0,0.0,45.0,0.97,41.3,0,Minor (< 1h)
SH-3834,Mumbai,Pune,ROAD,CARRIER-C,RT-BOM-PNQ-01,3,641100.0,15387.3,8,4,10,108.0,117.8,5.0,33.6,10.0,65.0,65.0,1.0,0.0,1.5,0.0,999.0,0,0.0,0.0,0.0,0,0.0,0.0,25.0,0.86,69.8,0,Moderate (1-3h)
SH-3894,Bengaluru,Chennai,ROAD,CARRIER-C,RT-BLR-MAA-01,3,535700.0,11209.5,3,4,10,202.7,221.1,10.0,178.9,1.0,0.0,15.0,10.0,999.0,7.0,40.9,25.8,0,0.0,0.0,0.0,0,0.0,0.0,30.0,0.86,2.6,0,On-Time
SH-3757,Bengaluru,Chennai,MARITIME,CARRIER-D,RT-BLR-MAA-01,3,1815700.0,15066.5,13,3,10,141.1,153.9,16.6,161.0,1.0,0.0,15.0,10.0,999.0,1.5,0.0,999.0,0,7.4,27.5,0.0,0,0.0,0.0,30.0,0.88,102.0,0,Moderate (1-3h)
SH-3306,Chennai,Hyderabad,ROAD,CARRIER-C,RT-MAA-HYD-01,3,1571200.0,15557.4,3,5,10,489.8,534.3,13.5,54.5,10.0,65.0,65.0,1.0,0.0,7.0,70.1,21.8,0,0.0,0.0,0.0,0,0.0,0.0,55.0,0.86,66.9,0,Moderate (1-3h)
SH-3168,Chennai,Hyderabad,ROAD,CARRIER-C,RT-MAA-HYD-01,2,2200300.0,11984.2,0,5,10,542.3,591.6,13.0,-49.8,10.0,65.0,65.0,1.0,0.0,7.0,70.1,21.8,0,0.0,0.0,0.0,0,0.0,0.0,55.0,0.86,131.9,1,Moderate (1-3h)
SH-4271,Chennai,Hyderabad,MARITIME,CARRIER-D,RT-MAA-HYD-01,2,529200.0,15419.4,8,4,10,285.7,311.7,23.6,112.5,1.0,0.0,15.0,10.0,999.0,1.5,0.0,999.0,0,7.4,27.5,0.0,0,6.8,3.29,55.0,0.88,17.6,0,Minor (< 1h)
SH-3464,Chennai,Bengaluru,AIR,CARRIER-B,RT-MAA-BLR-01,3,233100.0,7427.2,6,4,10,167.1,182.3,3.4,-111.2,1.0,0.0,15.0,10.0,999.0,1.5,0.0,999.0,0,0.0,0.0,0.0,0,0.0,0.0,35.0,0.97,208.3,1,Major (> 3h)
SH-3568,Bengaluru,Hyderabad,AIR,CARRIER-B,RT-BLR-HYD-01,2,1197900.0,8859.5,10,4,10,127.2,138.8,7.7,224.9,1.0,0.0,15.0,10.0,999.0,1.5,0.0,999.0,0,0.0,0.0,0.0,0,0.0,0.0,45.0,0.97,20.8,0,Minor (< 1h)
SH-4451,Chennai,Coimbatore,MARITIME,CARRIER-D,RT-MAA-CJB-01,3,1593200.0,337.8,18,4,10,404.2,440.9,18.1,58.0,1.0,0.0,15.0,10.0,999.0,1.5,0.0,999.0,0,7.4,27.5,0.0,0,0.0,0.0,40.0,0.88,4.7,0,On-Time
SH-4355,Chennai,Hyderabad,AIR,CARRIER-B,RT-MAA-HYD-01,3,2328700.0,13939.0,2,4,10,489.5,534.0,8.2,140.3,1.0,0.0,15.0,10.0,999.0,1.5,0.0,999.0,0,0.0,0.0,0.0,0,0.0,0.0,55.0,0.97,168.4,0,Moderate (1-3h)
SH-4115,Chennai,Bengaluru,MARITIME,CARRIER-D,RT-MAA-BLR-01,4,530400.0,9150.8,8,4,10,277.8,303.1,15.6,136.0,1.0,0.0,15.0,10.0,999.0,1.5,0.0,999.0,0,7.4,27.5,0.0,0,6.8,3.29,35.0,0.88,59.2,0,Minor (< 1h)
SH-3163,Mumbai,Delhi,ROAD,CARRIER-C,RT-BOM-DEL-01,3,2136500.0,13361.1,20,4,10,1220.2,1331.1,27.5,86.2,3.1,20.2,37.4,7.2,0.0,1.5,0.0,999.0,0,0.0,0.0,0.0,0,0.0,0.0,110.0,0.86,8.9,0,On-Time
SH-3546,Chennai,Bengaluru,ROAD,CARRIER-C,RT-MAA-BLR-01,3,2021700.0,9564.2,15,3,10,122.9,134.1,11.0,235.0,1.0,0.0,15.0,10.0,999.0,6.4,110.3,18.7,0,0.0,0.0,0.0,0,0.0,0.0,35.0,0.86,11.8,0,On-Time
SH-3850,Chennai,Bengaluru,ROAD,CARRIER-C,RT-MAA-BLR-01,3,87300.0,14531.7,14,3,10,149.2,162.8,10.0,74.8,1.0,0.0,15.0,10.0,999.0,6.4,110.3,18.7,0,0.0,0.0,0.0,0,0.0,0.0,35.0,0.86,129.8,0,Moderate (1-3h)
SH-3600,Bengaluru,Hyderabad,ROAD,CARRIER-A,RT-BLR-HYD-01,3,1277500.0,4569.8,4,5,10,158.7,173.1,12.5,38.6,3.9,25.3,40.6,6.5,0.0,1.5,0.0,999.0,0,0.0,0.0,0.0,0,0.0,0.0,45.0,0.92,98.8,0,Moderate (1-3h)
SH-3398,Mumbai,Pune,ROAD,CARRIER-A,RT-BOM-PNQ-01,2,1896200.0,17359.3,6,3,10,34.3,37.4,4.5,40.3,1.0,0.0,15.0,10.0,999.0,1.5,0.0,999.0,0,0.0,0.0,0.0,0,0.0,0.0,25.0,0.92,25.9,0,Minor (< 1h)
SH-2783,Chennai,Coimbatore,MARITIME,CARRIER-D,RT-MAA-CJB-01,2,2369800.0,15949.7,12,4,10,248.1,270.7,21.1,237.9,1.0,0.0,15.0,10.0,999.0,1.5,0.0,999.0,0,7.4,27.5,0.0,0,6.8,3.29,40.0,0.88,5.0,0,On-Time
SH-3705,Bengaluru,Chennai,ROAD,CARRIER-C,RT-BLR-MAA-01,1,260800.0,14501.2,11,4,10,242.5,264.5,8.5,-118.6,4.3,27.9,42.2,6.1,35.8,7.3,122.5,23.4,1,0.0,0.0,0.0,0,0.0,0.0,30.0,0.86,254.3,1,Major (> 3h)
SH-2651,Mumbai,Delhi,ROAD,CARRIER-A,RT-BOM-DEL-01,1,857100.0,12810.9,8,4,10,175.5,191.5,27.0,57.5,10.0,65.0,65.0,1.0,0.0,1.5,0.0,999.0,0,0.0,0.0,0.0,0,0.0,0.0,110.0,0.92,6.0,0,On-Time
SH-2260,Chennai,Bengaluru,AIR,CARRIER-B,RT-MAA-BLR-01,4,500300.0,214.7,14,3,10,134.0,146.2,3.9,89.5,1.0,0.0,15.0,10.0,999.0,1.5,0.0,999.0,0,0.0,0.0,0.0,0,0.0,0.0,35.0,0.97,1.3,0,On-Time
SH-3652,Chennai,Bengaluru,ROAD,CARRIER-C,RT-MAA-BLR-01,2,1728900.0,6893.1,4,4,10,60.0,65.5,11.0,234.2,1.0,0.0,15.0,10.0,999.0,7.0,40.9,25.8,0,0.0,0.0,0.0,0,0.0,0.0,35.0,0.86,13.7,0,On-Time
SH-2546,Mumbai,Pune,MARITIME,CARRIER-D,RT-BOM-PNQ-01,1,2054700.0,3868.5,9,4,10,50.7,55.3,8.3,117.8,1.0,0.0,15.0,10.0,999.0,1.5,0.0,999.0,0,7.7,27.9,0.0,0,0.0,0.0,25.0,0.88,5.3,0,On-Time
SH-4340,Chennai,Hyderabad,MARITIME,CARRIER-D,RT-MAA-HYD-01,1,1994900.0,13068.6,1,4,10,66.3,72.3,23.6,107.2,1.0,0.0,15.0,10.0,999.0,1.5,0.0,999.0,0,7.4,27.5,0.0,0,6.8,3.29,55.0,0.88,17.1,0,Minor (< 1h)
SH-3360,Mumbai,Delhi,MARITIME,CARRIER-D,RT-BOM-DEL-01,1,253900.0,8344.9,8,3,10,1107.4,1208.1,48.8,113.9,1.0,0.0,15.0,10.0,999.0,1.5,0.0,999.0,0,7.7,27.9,0.0,0,0.0,0.0,110.0,0.88,14.4,0,On-Time
SH-3606,Chennai,Coimbatore,ROAD,CARRIER-A,RT-MAA-CJB-01,3,253100.0,13379.8,16,4,10,100.7,109.9,10.5,55.2,3.1,20.2,37.4,7.2,37.7,7.3,81.6,23.4,1,0.0,0.0,0.0,0,0.0,0.0,40.0,0.92,11.3,0,On-Time
SH-3476,Mumbai,Delhi,MARITIME,CARRIER-D,RT-BOM-DEL-01,3,2442600.0,15771.5,8,4,10,571.4,623.3,48.3,40.7,1.0,0.0,15.0,10.0,999.0,1.5,0.0,999.0,0,7.7,27.9,0.0,0,0.0,0.0,110.0,0.88,58.5,0,Minor (< 1h)
SH-2696,Mumbai,Pune,AIR,CARRIER-B,RT-BOM-PNQ-01,4,889600.0,10016.2,10,3,10,94.9,103.5,6.0,159.4,1.0,0.0,15.0,10.0,999.0,1.5,0.0,999.0,0,0.0,0.0,0.0,0,0.0,0.0,25.0,0.97,104.3,0,Moderate (1-3h)
SH-3474,Bengaluru,Chennai,ROAD,CARRIER-C,RT-BLR-MAA-01,1,1120900.0,17831.0,21,4,10,67.5,73.6,8.0,55.4,1.0,0.0,15.0,10.0,999.0,1.5,0.0,999.0,0,0.0,0.0,0.0,0,0.0,0.0,30.0,0.86,10.7,0,On-Time
SH-3135,Chennai,Coimbatore,ROAD,CARRIER-C,RT-MAA-CJB-01,2,2123100.0,1895.6,14,4,10,115.8,126.3,12.5,134.1,3.1,20.2,37.4,7.2,37.7,7.3,81.6,23.4,1,0.0,0.0,0.0,0,0.0,0.0,40.0,0.86,63.7,0,Moderate (1-3h)
SH-4077,Chennai,Bengaluru,MARITIME,CARRIER-D,RT-MAA-BLR-01,3,2349800.0,3930.3,1,4,10,72.1,78.7,16.6,234.7,1.0,0.0,15.0,10.0,999.0,1.5,0.0,999.0,0,7.4,27.5,0.0,0,6.8,3.29,35.0,0.88,12.4,0,On-Time
SH-2370,Mumbai,Pune,AIR,CARRIER-B,RT-BOM-PNQ-01,1,714900.0,6565.2,19,4,10,72.0,78.5,5.0,178.0,1.0,0.0,15.0,10.0,999.0,1.5,0.0,999.0,0,0.0,0.0,0.0,0,0.0,0.0,25.0,0.97,4.6,0,On-Time
SH-3958,Mumbai,Delhi,MARITIME,CARRIER-D,RT-BOM-DEL-01,3,1498200.0,8309.9,12,3,10,692.8,755.8,48.3,80.4,1.0,0.0,15.0,10.0,999.0,1.5,0.0,999.0,0,7.7,27.9,0.0,0,0.0,0.0,110.0,0.88,11.5,0,On-Time
SH-2976,Mumbai,Delhi,ROAD,CARRIER-A,RT-BOM-DEL-01,4,2488700.0,15105.6,18,3,10,914.9,998.1,27.0,-26.0,10.0,65.0,65.0,1.0,0.0,1.5,0.0,999.0,0,0.0,0.0,0.0,0,0.0,0.0,110.0,0.92,110.1,1,Moderate (1-3h)
SH-2530,Mumbai,Pune,AIR,CARRIER-B,RT-BOM-PNQ-01,3,602700.0,2925.6,6,4,10,75.6,82.5,3.5,82.7,1.0,0.0,15.0,10.0,999.0,1.5,0.0,999.0,0,0.0,0.0,0.0,0,0.0,0.0,25.0,0.97,17.1,0,Minor (< 1h)
SH-4002,Chennai,Coimbatore,ROAD,CARRIER-C,RT-MAA-CJB-01,4,440800.0,6145.7,2,5,10,391.5,427.1,10.5,25.2,8.2,53.3,57.8,2.6,37.7,7.0,92.4,21.8,0,0.0,0.0,0.0,0,0.0,0.0,40.0,0.86,81.9,1,Moderate (1-3h)
SH-4338,Bengaluru,Hyderabad,MARITIME,CARRIER-D,RT-BLR-HYD-01,2,470500.0,4466.9,13,3,10,261.1,284.8,21.9,179.8,1.0,0.0,15.0,10.0,999.0,1.5,0.0,999.0,0,0.0,0.0,0.0,0,0.0,0.0,45.0,0.88,0.4,0,On-Time
SH-4122,Mumbai,Pune,ROAD,CARRIER-A,RT-BOM-PNQ-01,2,1683300.0,12229.4,8,3,10,17.8,30.0,5.0,82.3,1.0,0.0,15.0,10.0,999.0,1.5,0.0,999.0,0,0.0,0.0,0.0,0,0.0,0.0,25.0,0.92,18.0,0,Minor (< 1h)
SH-3607,Bengaluru,Chennai,ROAD,CARRIER-A,RT-BLR-MAA-01,1,189600.0,14135.2,9,4,10,306.6,334.5,9.0,116.9,4.3,27.9,42.2,6.1,28.0,7.3,122.5,23.4,1,0.0,0.0,0.0,0,0.0,0.0,30.0,0.92,7.3,0,On-Time
SH-3772,Bengaluru,Chennai,ROAD,CARRIER-C,RT-BLR-MAA-01,3,685100.0,13720.7,11,4,10,69.2,75.5,8.5,84.2,3.1,20.2,37.4,7.2,24.9,7.3,123.4,23.4,1,0.0,0.0,0.0,0,0.0,0.0,30.0,0.86,13.7,0,On-Time
SH-2174,Bengaluru,Hyderabad,ROAD,CARRIER-A,RT-BLR-HYD-01,2,1946200.0,13812.7,7,3,10,89.6,97.7,12.5,99.8,10.0,65.0,65.0,1.0,0.0,1.5,0.0,999.0,0,0.0,0.0,0.0,0,0.0,0.0,45.0,0.92,47.6,0,Minor (< 1h)
SH-3335,Chennai,Bengaluru,ROAD,CARRIER-A,RT-MAA-BLR-01,2,1203600.0,13133.1,13,4,10,52.0,56.7,8.0,53.3,4.3,27.9,42.2,6.1,33.3,7.3,81.6,23.4,1,0.0,0.0,0.0,0,0.0,0.0,35.0,0.92,9.1,0,On-Time
SH-3043,Chennai,Hyderabad,MARITIME,CARRIER-D,RT-MAA-HYD-01,2,2234500.0,5077.1,16,3,10,213.4,232.8,24.6,84.0,1.0,0.0,15.0,10.0,999.0,1.5,0.0,999.0,0,7.4,27.5,0.0,0,6.8,3.29,55.0,0.88,116.1,0,Moderate (1-3h)
SH-2268,Mumbai,Delhi,AIR,CARRIER-B,RT-BOM-DEL-01,3,2204600.0,8611.8,1,5,10,1147.5,1251.8,12.1,172.2,1.0,0.0,15.0,10.0,999.0,1.5,0.0,999.0,0,0.0,0.0,0.0,0,0.0,0.0,110.0,0.97,18.4,0,Minor (< 1h)
SH-2038,Chennai,Coimbatore,ROAD,CARRIER-C,RT-MAA-CJB-01,1,1295500.0,7391.8,12,3,10,171.8,187.4,11.5,117.4,1.0,0.0,15.0,10.0,999.0,6.4,110.3,18.7,0,0.0,0.0,0.0,0,0.0,0.0,40.0,0.86,6.0,0,On-Time
SH-4486,Chennai,Coimbatore,AIR,CARRIER-B,RT-MAA-CJB-01,2,1223000.0,17469.6,7,4,10,185.7,202.6,4.8,27.2,1.0,0.0,15.0,10.0,999.0,1.5,0.0,999.0,0,0.0,0.0,0.0,0,0.0,0.0,40.0,0.97,78.3,0,Moderate (1-3h)
SH-2733,Bengaluru,Chennai,ROAD,CARRIER-A,RT-BLR-MAA-01,3,110500.0,9094.7,19,4,10,119.9,130.8,11.0,216.9,1.0,0.0,15.0,10.0,999.0,1.5,0.0,999.0,0,0.0,0.0,0.0,0,0.0,0.0,30.0,0.92,37.1,0,Minor (< 1h)
SH-2241,Bengaluru,Chennai,ROAD,CARRIER-C,RT-BLR-MAA-01,1,444600.0,12199.8,3,4,10,301.0,328.4,8.5,88.8,1.0,0.0,15.0,10.0,999.0,7.0,40.9,25.8,0,0.0,0.0,0.0,0,0.0,0.0,30.0,0.86,2.7,0,On-Time
SH-2142,Chennai,Coimbatore,ROAD,CARRIER-A,RT-MAA-CJB-01,2,116600.0,17261.6,17,4,10,96.7,105.5,11.0,15.6,3.1,20.2,37.4,7.2,37.7,7.3,81.6,23.4,1,0.0,0.0,0.0,0,0.0,0.0,40.0,0.92,96.2,1,Moderate (1-3h)
SH-4411,Mumbai,Delhi,ROAD,CARRIER-A,RT-BOM-DEL-01,3,1773500.0,8767.6,3,4,10,253.9,277.0,27.5,84.7,10.0,65.0,65.0,1.0,0.0,1.5,0.0,999.0,0,0.0,0.0,0.0,0,0.0,0.0,110.0,0.92,12.5,0,On-Time
SH-3750,Bengaluru,Hyderabad,ROAD,CARRIER-C,RT-BLR-HYD-01,4,1500900.0,3908.1,1,4,10,479.3,522.9,12.0,68.3,4.3,27.9,42.2,7.3,0.0,1.5,0.0,999.0,0,0.0,0.0,0.0,0,0.0,0.0,45.0,0.86,51.0,0,Minor (< 1h)
SH-3376,Mumbai,Delhi,MARITIME,CARRIER-D,RT-BOM-DEL-01,4,402500.0,8956.3,5,5,10,1109.3,1210.1,50.8,216.3,1.0,0.0,15.0,10.0,999.0,1.5,0.0,999.0,0,7.0,21.7,0.0,0,0.0,0.0,110.0,0.88,55.8,0,Minor (< 1h)
SH-3510,Chennai,Hyderabad,ROAD,CARRIER-C,RT-MAA-HYD-01,3,715500.0,17129.6,3,4,10,526.7,574.6,15.0,172.3,3.1,20.2,37.4,7.3,0.0,7.3,122.5,23.4,1,0.0,0.0,0.0,0,0.0,0.0,55.0,0.86,18.0,0,Minor (< 1h)
SH-3339,Mumbai,Delhi,MARITIME,CARRIER-D,RT-BOM-DEL-01,1,284200.0,4805.0,13,4,10,713.6,778.5,47.8,55.6,1.0,0.0,15.0,10.0,999.0,1.5,0.0,999.0,0,7.7,27.9,0.0,0,0.0,0.0,110.0,0.88,10.5,0,On-Time
SH-2874,Chennai,Coimbatore,AIR,CARRIER-B,RT-MAA-CJB-01,2,780200.0,17820.8,3,4,10,178.6,194.8,7.3,204.0,1.0,0.0,15.0,10.0,999.0,1.5,0.0,999.0,0,0.0,0.0,0.0,0,0.0,0.0,40.0,0.97,48.1,0,Minor (< 1h)
SH-4045,Chennai,Hyderabad,ROAD,CARRIER-A,RT-MAA-HYD-01,2,2370000.0,14013.9,14,4,10,117.9,128.6,13.5,78.3,3.1,20.2,37.4,7.3,0.0,7.3,81.6,23.4,1,0.0,0.0,0.0,0,0.0,0.0,55.0,0.92,18.3,0,Minor (< 1h)
SH-2506,Bengaluru,Hyderabad,ROAD,CARRIER-C,RT-BLR-HYD-01,3,885700.0,10355.6,23,3,10,307.2,335.1,12.0,35.0,1.0,0.0,15.0,10.0,999.0,1.5,0.0,999.0,0,0.0,0.0,0.0,0,0.0,0.0,45.0,0.86,68.9,0,Moderate (1-3h)
SH-3773,Chennai,Coimbatore,AIR,CARRIER-B,RT-MAA-CJB-01,2,260500.0,6718.1,5,4,10,274.1,299.0,4.3,54.7,1.0,0.0,15.0,10.0,999.0,1.5,0.0,999.0,0,0.0,0.0,0.0,0,0.0,0.0,40.0,0.97,12.6,0,On-Time
SH-2309,Chennai,Bengaluru,ROAD,CARRIER-A,RT-MAA-BLR-01,2,892300.0,4857.5,16,4,10,255.2,278.4,10.0,129.2,4.3,27.9,42.2,6.1,35.8,7.3,81.6,23.4,1,0.0,0.0,0.0,0,0.0,0.0,35.0,0.92,68.6,0,Moderate (1-3h)
SH-2427,Mumbai,Delhi,ROAD,CARRIER-A,RT-BOM-DEL-01,1,1701000.0,1166.4,8,3,10,677.8,739.4,27.0,59.8,1.0,0.0,15.0,10.0,999.0,1.5,0.0,999.0,0,0.0,0.0,0.0,0,0.0,0.0,110.0,0.92,0.4,0,On-Time
SH-3244,Bengaluru,Chennai,MARITIME,CARRIER-D,RT-BLR-MAA-01,3,528900.0,3655.1,16,3,10,212.9,232.3,13.6,32.4,1.0,0.0,15.0,10.0,999.0,1.5,0.0,999.0,0,7.4,27.5,0.0,0,6.8,3.29,30.0,0.88,40.4,0,Minor (< 1h)
SH-3729,Bengaluru,Chennai,MARITIME,CARRIER-D,RT-BLR-MAA-01,3,1559700.0,1207.1,19,4,10,256.6,279.9,15.6,175.4,1.0,0.0,15.0,10.0,999.0,1.5,0.0,999.0,0,7.4,27.5,0.0,0,0.0,0.0,30.0,0.88,10.8,0,On-Time
SH-3109,Chennai,Bengaluru,MARITIME,CARRIER-D,RT-MAA-BLR-01,2,283500.0,12783.8,15,3,10,139.5,152.2,16.6,233.0,1.0,0.0,15.0,10.0,999.0,1.5,0.0,999.0,0,7.4,27.5,0.0,0,0.0,0.0,35.0,0.88,16.5,0,Minor (< 1h)
SH-2169,Chennai,Bengaluru,MARITIME,CARRIER-D,RT-MAA-BLR-01,4,1005200.0,9646.9,6,4,10,73.3,80.0,16.6,237.8,1.0,0.0,15.0,10.0,999.0,1.5,0.0,999.0,0,7.4,27.5,0.0,0,6.8,3.29,35.0,0.88,5.2,0,On-Time
SH-4285,Bengaluru,Hyderabad,AIR,CARRIER-B,RT-BLR-HYD-01,2,1602700.0,17776.2,13,4,10,375.2,409.3,5.7,69.1,1.0,0.0,15.0,10.0,999.0,1.5,0.0,999.0,0,0.0,0.0,0.0,0,0.0,0.0,45.0,0.97,65.4,0,Moderate (1-3h)
SH-4062,Chennai,Bengaluru,ROAD,CARRIER-A,RT-MAA-BLR-01,2,327900.0,4087.2,17,4,10,224.9,245.3,8.5,84.8,4.2,27.3,41.8,6.2,26.5,7.3,81.6,23.4,1,0.0,0.0,0.0,0,0.0,0.0,35.0,0.92,12.3,0,On-Time
SH-3040,Mumbai,Delhi,MARITIME,CARRIER-D,RT-BOM-DEL-01,3,2384100.0,8019.7,18,4,10,687.2,749.7,49.8,136.0,1.0,0.0,15.0,10.0,999.0,1.5,0.0,999.0,0,7.7,27.9,0.0,0,0.0,0.0,110.0,0.88,61.2,0,Moderate (1-3h)
SH-4254,Chennai,Hyderabad,ROAD,CARRIER-C,RT-MAA-HYD-01,3,1607200.0,9580.2,18,4,10,169.1,184.5,14.0,116.4,1.0,0.0,15.0,10.0,999.0,1.5,0.0,999.0,0,0.0,0.0,0.0,0,0.0,0.0,55.0,0.86,8.4,0,On-Time
SH-2273,Chennai,Bengaluru,MARITIME,CARRIER-D,RT-MAA-BLR-01,3,1560800.0,5395.7,21,3,10,297.4,324.4,13.6,-63.7,1.0,0.0,15.0,10.0,999.0,1.5,0.0,999.0,0,7.4,27.5,0.0,0,6.8,3.29,35.0,0.88,155.5,1,Moderate (1-3h)
SH-3266,Chennai,Bengaluru,ROAD,CARRIER-A,RT-MAA-BLR-01,4,1558200.0,5770.3,19,4,10,88.8,96.9,11.0,180.9,1.0,0.0,15.0,10.0,999.0,1.5,0.0,999.0,0,0.0,0.0,0.0,0,0.0,0.0,35.0,0.92,76.2,0,Moderate (1-3h)
SH-2552,Chennai,Hyderabad,ROAD,CARRIER-C,RT-MAA-HYD-01,2,1352400.0,10986.4,8,4,10,505.3,551.2,14.0,95.3,3.1,20.2,37.4,7.3,0.0,7.3,122.5,23.4,1,0.0,0.0,0.0,0,0.0,0.0,55.0,0.86,58.1,0,Minor (< 1h)
SH-3361,Bengaluru,Hyderabad,ROAD,CARRIER-A,RT-BLR-HYD-01,3,766500.0,4192.9,19,4,10,65.6,71.6,11.5,31.8,1.0,0.0,15.0,10.0,999.0,1.5,0.0,999.0,0,0.0,0.0,0.0,0,0.0,0.0,45.0,0.92,33.4,0,Minor (< 1h)
SH-3149,Chennai,Coimbatore,ROAD,CARRIER-C,RT-MAA-CJB-01,3,51700.0,10129.0,18,3,10,302.1,329.6,11.0,77.2,1.0,0.0,15.0,10.0,999.0,1.5,0.0,999.0,0,0.0,0.0,0.0,0,0.0,0.0,40.0,0.86,22.1,0,Minor (< 1h)
SH-3226,Chennai,Bengaluru,ROAD,CARRIER-C,RT-MAA-BLR-01,1,1329500.0,1238.2,4,4,10,228.0,248.7,10.0,74.0,4.2,27.3,41.8,6.2,28.8,7.0,40.9,25.8,0,0.0,0.0,0.0,0,0.0,0.0,35.0,0.86,129.3,0,Moderate (1-3h)
SH-2158,Bengaluru,Hyderabad,ROAD,CARRIER-A,RT-BLR-HYD-01,2,154300.0,4179.9,3,4,10,143.4,156.4,13.5,157.5,4.3,27.9,42.2,7.3,0.0,1.5,0.0,999.0,0,0.0,0.0,0.0,0,0.0,0.0,45.0,0.92,32.6,0,Minor (< 1h)
SH-2449,Bengaluru,Chennai,MARITIME,CARRIER-D,RT-BLR-MAA-01,1,1457400.0,13505.6,17,4,10,213.3,232.7,14.1,87.7,1.0,0.0,15.0,10.0,999.0,1.5,0.0,999.0,0,7.4,27.5,0.0,0,0.0,0.0,30.0,0.88,5.4,0,On-Time
SH-2203,Bengaluru,Hyderabad,ROAD,CARRIER-A,RT-BLR-HYD-01,2,1942600.0,14488.1,12,3,10,282.7,308.4,14.5,223.1,1.0,0.0,15.0,10.0,999.0,1.5,0.0,999.0,0,0.0,0.0,0.0,0,0.0,0.0,45.0,0.92,26.7,0,Minor (< 1h)
SH-3005,Chennai,Hyderabad,ROAD,CARRIER-C,RT-MAA-HYD-01,2,852100.0,6104.5,18,4,10,109.6,119.6,13.5,83.6,1.0,0.0,15.0,10.0,999.0,1.5,0.0,999.0,0,0.0,0.0,0.0,0,0.0,0.0,55.0,0.86,15.0,0,Minor (< 1h)
SH-3012,Bengaluru,Hyderabad,ROAD,CARRIER-C,RT-BLR-HYD-01,4,148600.0,3801.0,18,4,10,186.3,203.2,12.0,36.4,1.0,0.0,15.0,10.0,999.0,1.5,0.0,999.0,0,0.0,0.0,0.0,0,0.0,0.0,45.0,0.86,66.4,0,Moderate (1-3h)
SH-2084,Mumbai,Delhi,ROAD,CARRIER-C,RT-BOM-DEL-01,3,2272400.0,7663.6,20,3,10,820.0,894.5,29.0,176.9,10.0,65.0,65.0,1.0,0.0,1.5,0.0,999.0,0,0.0,0.0,0.0,0,0.0,0.0,110.0,0.86,7.3,0,On-Time
SH-3164,Chennai,Coimbatore,MARITIME,CARRIER-D,RT-MAA-CJB-01,3,1381700.0,14040.4,5,4,10,413.3,450.9,19.1,112.8,1.0,0.0,15.0,10.0,999.0,1.5,0.0,999.0,0,7.4,27.5,0.0,0,6.8,3.29,40.0,0.88,17.0,0,Minor (< 1h)
SH-4381,Bengaluru,Chennai,ROAD,CARRIER-C,RT-BLR-MAA-01,3,452400.0,4843.3,1,5,10,225.4,245.9,9.0,114.3,6.0,39.0,49.0,6.5,0.0,7.0,92.4,21.8,0,0.0,0.0,0.0,0,0.0,0.0,30.0,0.86,13.4,0,On-Time
SH-3541,Chennai,Hyderabad,ROAD,CARRIER-A,RT-MAA-HYD-01,4,1214900.0,7897.8,17,4,10,460.5,502.4,13.0,56.4,3.1,20.2,37.4,7.3,0.0,7.3,81.6,23.4,1,0.0,0.0,0.0,0,0.0,0.0,55.0,0.92,8.5,0,On-Time
SH-4214,Mumbai,Delhi,AIR,CARRIER-B,RT-BOM-DEL-01,3,1562900.0,6396.6,19,4,10,396.5,432.5,10.1,21.7,1.0,0.0,15.0,10.0,999.0,1.5,0.0,999.0,0,0.0,0.0,0.0,0,0.0,0.0,110.0,0.97,90.1,1,Moderate (1-3h)
SH-2208,Chennai,Coimbatore,ROAD,CARRIER-C,RT-MAA-CJB-01,2,1342500.0,6880.0,19,4,10,249.6,272.3,13.5,239.9,1.0,0.0,15.0,10.0,999.0,1.5,0.0,999.0,0,0.0,0.0,0.0,0,0.0,0.0,40.0,0.86,0.2,0,On-Time
SH-3104,Bengaluru,Chennai,AIR,CARRIER-B,RT-BLR-MAA-01,2,860500.0,5564.8,14,3,10,214.4,233.9,6.4,231.8,1.0,0.0,15.0,10.0,999.0,1.5,0.0,999.0,0,0.0,0.0,0.0,0,0.0,0.0,30.0,0.97,19.2,0,Minor (< 1h)
SH-3191,Chennai,Hyderabad,ROAD,CARRIER-C,RT-MAA-HYD-01,4,1572400.0,12151.6,5,5,10,515.0,561.8,13.0,55.7,10.0,65.0,65.0,1.0,0.0,7.0,70.1,21.8,0,0.0,0.0,0.0,0,0.0,0.0,55.0,0.86,10.1,0,On-Time
SH-3250,Bengaluru,Hyderabad,MARITIME,CARRIER-D,RT-BLR-HYD-01,3,1845100.0,5261.1,13,4,10,495.2,540.2,20.9,117.8,1.0,0.0,15.0,10.0,999.0,1.5,0.0,999.0,0,0.0,0.0,0.0,0,0.0,0.0,45.0,0.88,5.2,0,On-Time
SH-3404,Bengaluru,Chennai,ROAD,CARRIER-C,RT-BLR-MAA-01,3,210500.0,14180.4,23,4,10,69.4,75.7,10.0,144.4,1.0,0.0,15.0,10.0,999.0,1.5,0.0,999.0,0,0.0,0.0,0.0,0,0.0,0.0,30.0,0.86,42.6,0,Minor (< 1h)
SH-2337,Chennai,Bengaluru,ROAD,CARRIER-C,RT-MAA-BLR-01,3,1732500.0,16312.4,9,3,10,79.8,87.1,10.0,117.7,3.5,22.8,39.0,6.8,0.0,7.2,150.6,18.7,0,0.0,0.0,0.0,0,0.0,0.0,35.0,0.86,76.0,0,Moderate (1-3h)
SH-2880,Mumbai,Delhi,MARITIME,CARRIER-D,RT-BOM-DEL-01,4,2125400.0,13804.1,6,4,10,1151.7,1256.4,47.8,52.0,1.0,0.0,15.0,10.0,999.0,1.5,0.0,999.0,0,7.7,27.9,0.0,0,0.0,0.0,110.0,0.88,18.9,0,Minor (< 1h)
SH-2532,Chennai,Bengaluru,ROAD,CARRIER-C,RT-MAA-BLR-01,3,2387200.0,15619.1,6,4,10,113.1,123.4,8.0,39.5,4.3,27.9,42.2,6.1,35.8,7.0,40.9,25.8,0,0.0,0.0,0.0,0,0.0,0.0,35.0,0.86,26.4,0,Minor (< 1h)
SH-3372,Chennai,Coimbatore,ROAD,CARRIER-C,RT-MAA-CJB-01,4,523800.0,15799.0,19,3,10,189.3,206.5,11.0,26.1,1.0,0.0,15.0,10.0,999.0,1.5,0.0,999.0,0,0.0,0.0,0.0,0,0.0,0.0,40.0,0.86,78.9,0,Moderate (1-3h)
SH-2761,Mumbai,Delhi,AIR,CARRIER-B,RT-BOM-DEL-01,2,2445400.0,6035.1,12,3,10,163.1,177.9,12.1,179.9,1.0,0.0,15.0,10.0,999.0,1.5,0.0,999.0,0,0.0,0.0,0.0,0,0.0,0.0,110.0,0.97,0.2,0,On-Time
SH-2898,Chennai,Coimbatore,ROAD,CARRIER-A,RT-MAA-CJB-01,3,1647900.0,16784.4,9,3,10,79.1,86.3,12.5,179.8,3.5,22.8,39.0,6.8,0.0,7.2,150.6,18.7,0,0.0,0.0,0.0,0,0.0,0.0,40.0,0.92,0.5,0,On-Time
SH-2098,Bengaluru,Chennai,AIR,CARRIER-B,RT-BLR-MAA-01,3,1399700.0,14948.1,0,4,10,257.4,280.8,6.4,194.8,1.0,0.0,15.0,10.0,999.0,1.5,0.0,999.0,0,0.0,0.0,0.0,0,0.0,0.0,30.0,0.97,62.9,0,Moderate (1-3h)
SH-2927,Mumbai,Delhi,AIR,CARRIER-B,RT-BOM-DEL-01,2,1244700.0,4996.0,18,3,10,1005.3,1096.7,10.1,-13.6,1.0,0.0,15.0,10.0,999.0,1.5,0.0,999.0,0,0.0,0.0,0.0,0,0.0,0.0,110.0,0.97,91.2,1,Moderate (1-3h)
SH-2010,Bengaluru,Chennai,ROAD,CARRIER-C,RT-BLR-MAA-01,3,1108600.0,11366.1,3,4,10,184.7,201.5,9.0,44.2,1.0,0.0,15.0,10.0,999.0,7.0,40.9,25.8,0,0.0,0.0,0.0,0,0.0,0.0,30.0,0.86,90.1,0,Moderate (1-3h)
SH-2803,Chennai,Bengaluru,ROAD,CARRIER-C,RT-MAA-BLR-01,2,99500.0,10950.8,12,4,10,63.7,69.5,8.5,59.4,4.3,27.9,42.2,6.1,35.8,7.3,81.6,23.4,1,0.0,0.0,0.0,0,0.0,0.0,35.0,0.86,44.0,0,Minor (< 1h)
SH-3075,Bengaluru,Chennai,AIR,CARRIER-B,RT-BLR-MAA-01,1,1582200.0,11966.1,3,5,10,309.9,338.1,6.4,231.8,1.0,0.0,15.0,10.0,999.0,1.5,0.0,999.0,0,0.0,0.0,0.0,0,0.0,0.0,30.0,0.97,19.2,0,Minor (< 1h)
SH-2640,Chennai,Hyderabad,ROAD,CARRIER-C,RT-MAA-HYD-01,3,1477800.0,9837.8,3,4,10,336.2,366.8,14.0,109.8,3.1,20.2,37.4,7.3,0.0,7.3,122.5,23.4,1,0.0,0.0,0.0,0,0.0,0.0,55.0,0.86,23.9,0,Minor (< 1h)
SH-3392,Mumbai,Delhi,MARITIME,CARRIER-D,RT-BOM-DEL-01,2,2220100.0,10855.6,22,4,10,739.9,807.2,47.8,32.7,1.0,0.0,15.0,10.0,999.0,1.5,0.0,999.0,0,7.7,27.9,0.0,0,0.0,0.0,110.0,0.88,33.6,0,Minor (< 1h)
SH-3691,Chennai,Coimbatore,ROAD,CARRIER-A,RT-MAA-CJB-01,4,1115000.0,10453.8,13,3,10,280.2,305.7,12.5,179.6,1.0,0.0,15.0,10.0,999.0,6.4,110.3,18.7,0,0.0,0.0,0.0,0,0.0,0.0,40.0,0.92,0.9,0,On-Time
SH-3073,Bengaluru,Hyderabad,AIR,CARRIER-B,RT-BLR-HYD-01,3,2405600.0,14060.9,11,3,10,88.3,96.3,7.7,234.4,1.0,0.0,15.0,10.0,999.0,1.5,0.0,999.0,0,0.0,0.0,0.0,0,0.0,0.0,45.0,0.97,6.6,0,On-Time
SH-2873,Mumbai,Delhi,AIR,CARRIER-B,RT-BOM-DEL-01,2,1709600.0,17280.3,11,3,10,405.7,442.6,12.1,-105.9,1.0,0.0,15.0,10.0,999.0,1.5,0.0,999.0,0,0.0,0.0,0.0,0,0.0,0.0,110.0,0.97,345.7,1,Major (> 3h)
SH-2109,Bengaluru,Chennai,MARITIME,CARRIER-D,RT-BLR-MAA-01,3,712300.0,3058.5,5,4,10,219.2,239.1,14.6,120.0,1.0,0.0,15.0,10.0,999.0,1.5,0.0,999.0,0,7.4,27.5,0.0,0,6.8,3.29,30.0,0.88,0.1,0,On-Time
SH-3090,Chennai,Hyderabad,ROAD,CARRIER-A,RT-MAA-HYD-01,2,602400.0,6232.5,1,4,10,332.7,362.9,13.0,23.3,3.1,20.2,37.4,7.3,0.0,7.3,122.5,23.4,1,0.0,0.0,0.0,0,0.0,0.0,55.0,0.92,55.6,0,Minor (< 1h)
SH-3700,Chennai,Coimbatore,ROAD,CARRIER-A,RT-MAA-CJB-01,3,2326300.0,17504.9,20,3,10,295.0,321.8,10.5,54.3,1.0,0.0,15.0,10.0,999.0,1.5,0.0,999.0,0,0.0,0.0,0.0,0,0.0,0.0,40.0,0.92,13.3,0,On-Time
SH-2662,Chennai,Coimbatore,AIR,CARRIER-B,RT-MAA-CJB-01,4,1813300.0,12248.4,7,3,10,125.1,136.5,5.3,114.0,1.0,0.0,15.0,10.0,999.0,1.5,0.0,999.0,0,0.0,0.0,0.0,0,0.0,0.0,40.0,0.97,14.0,0,On-Time
SH-3801,Mumbai,Pune,ROAD,CARRIER-A,RT-BOM-PNQ-01,1,920800.0,4186.1,5,4,10,104.6,114.1,4.5,28.5,1.0,0.0,15.0,10.0,999.0,1.5,0.0,999.0,0,0.0,0.0,0.0,0,0.0,0.0,25.0,0.92,39.8,0,Minor (< 1h)
SH-2531,Bengaluru,Chennai,ROAD,CARRIER-C,RT-BLR-MAA-01,3,1879500.0,8602.3,4,4,10,231.9,253.0,8.0,53.5,1.0,0.0,15.0,10.0,999.0,7.0,40.9,25.8,0,0.0,0.0,0.0,0,0.0,0.0,30.0,0.86,15.2,0,Minor (< 1h)
SH-2539,Mumbai,Delhi,ROAD,CARRIER-C,RT-BOM-DEL-01,1,441800.0,6981.5,18,3,10,458.2,499.9,27.0,-119.9,10.0,65.0,65.0,1.0,0.0,1.5,0.0,999.0,0,0.0,0.0,0.0,0,0.0,0.0,110.0,0.86,211.9,1,Major (> 3h)
SH-3791,Mumbai,Pune,ROAD,CARRIER-A,RT-BOM-PNQ-01,2,581000.0,13445.4,22,4,10,68.6,74.8,5.5,118.8,1.0,0.0,15.0,10.0,999.0,1.5,0.0,999.0,0,0.0,0.0,0.0,0,0.0,0.0,25.0,0.92,2.9,0,On-Time
SH-4312,Chennai,Hyderabad,MARITIME,CARRIER-D,RT-MAA-HYD-01,1,824300.0,11932.1,22,3,10,438.4,478.3,23.1,82.9,1.0,0.0,15.0,10.0,999.0,1.5,0.0,999.0,0,7.4,27.5,0.0,0,6.8,3.29,55.0,0.88,16.6,0,Minor (< 1h)
SH-3673,Mumbai,Pune,MARITIME,CARRIER-D,RT-BOM-PNQ-01,2,2217400.0,14104.4,11,3,10,56.1,61.2,7.8,52.3,1.0,0.0,15.0,10.0,999.0,1.5,0.0,999.0,0,5.7,17.3,0.0,0,0.0,0.0,25.0,0.88,59.2,0,Minor (< 1h)
SH-2180,Bengaluru,Chennai,MARITIME,CARRIER-D,RT-BLR-MAA-01,4,265000.0,2229.5,14,3,10,188.3,205.4,14.1,9.7,1.0,0.0,15.0,10.0,999.0,1.5,0.0,999.0,0,7.4,27.5,0.0,0,6.8,3.29,30.0,0.88,100.4,1,Moderate (1-3h)
SH-2371,Chennai,Coimbatore,AIR,CARRIER-B,RT-MAA-CJB-01,1,1023800.0,7527.5,5,4,10,270.7,295.3,5.3,113.5,1.0,0.0,15.0,10.0,999.0,1.5,0.0,999.0,0,0.0,0.0,0.0,0,0.0,0.0,40.0,0.97,15.4,0,Minor (< 1h)
SH-3128,Mumbai,Delhi,ROAD,CARRIER-A,RT-BOM-DEL-01,3,959300.0,17030.6,1,5,10,416.9,454.8,27.5,86.4,3.1,20.2,37.4,7.2,0.0,1.5,0.0,999.0,0,0.0,0.0,0.0,0,0.0,0.0,110.0,0.92,8.4,0,On-Time
SH-2872,Bengaluru,Chennai,MARITIME,CARRIER-D,RT-BLR-MAA-01,3,2192500.0,14290.0,11,4,10,247.6,270.1,13.6,21.2,1.0,0.0,15.0,10.0,999.0,1.5,0.0,999.0,0,7.4,27.5,0.0,0,6.8,3.29,30.0,0.88,53.7,0,Minor (< 1h)
SH-2165,Bengaluru,Hyderabad,ROAD,CARRIER-A,RT-BLR-HYD-01,2,1349600.0,10764.6,11,4,10,506.7,552.8,13.5,103.6,4.3,27.9,42.2,7.3,0.0,1.5,0.0,999.0,0,0.0,0.0,0.0,0,0.0,0.0,45.0,0.92,96.3,0,Moderate (1-3h)
SH-2563,Chennai,Bengaluru,ROAD,CARRIER-C,RT-MAA-BLR-01,4,1770200.0,17832.6,5,4,10,199.9,218.1,10.0,90.1,4.2,27.3,41.8,6.2,13.4,7.3,122.5,23.4,1,0.0,0.0,0.0,0,0.0,0.0,35.0,0.86,108.4,0,Moderate (1-3h)
SH-2947,Chennai,Hyderabad,AIR,CARRIER-B,RT-MAA-HYD-01,1,2156500.0,5645.1,6,4,10,120.6,131.6,7.2,176.0,1.0,0.0,15.0,10.0,999.0,1.5,0.0,999.0,0,0.0,0.0,0.0,0,0.0,0.0,55.0,0.97,9.4,0,On-Time
SH-3174,Chennai,Coimbatore,ROAD,CARRIER-C,RT-MAA-CJB-01,3,2193200.0,7778.5,13,3,10,304.1,331.7,11.5,119.1,1.0,0.0,15.0,10.0,999.0,6.4,110.3,18.7,0,0.0,0.0,0.0,0,0.0,0.0,40.0,0.86,2.0,0,On-Time
SH-3188,Chennai,Coimbatore,ROAD,CARRIER-C,RT-MAA-CJB-01,2,98700.0,2720.9,18,3,10,373.6,407.6,11.5,114.4,1.0,0.0,15.0,10.0,999.0,1.5,0.0,999.0,0,0.0,0.0,0.0,0,0.0,0.0,40.0,0.86,13.3,0,On-Time
SH-3423,Bengaluru,Chennai,AIR,CARRIER-B,RT-BLR-MAA-01,3,415100.0,10316.1,21,3,10,81.6,89.0,4.4,110.6,1.0,0.0,15.0,10.0,999.0,1.5,0.0,999.0,0,0.0,0.0,0.0,0,0.0,0.0,30.0,0.97,22.1,0,Minor (< 1h)
SH-4201,Bengaluru,Hyderabad,ROAD,CARRIER-C,RT-BLR-HYD-01,2,104300.0,8327.6,0,4,10,493.7,538.6,12.5,43.7,1.0,0.0,15.0,10.0,999.0,1.5,0.0,999.0,0,0.0,0.0,0.0,0,0.0,0.0,45.0,0.86,99.4,0,Moderate (1-3h)
SH-3538,Bengaluru,Hyderabad,ROAD,CARRIER-A,RT-BLR-HYD-01,4,61800.0,4133.8,15,4,10,210.9,230.1,12.5,73.2,4.3,27.9,42.2,7.3,0.0,1.5,0.0,999.0,0,0.0,0.0,0.0,0,0.0,0.0,45.0,0.92,57.3,0,Minor (< 1h)
SH-2837,Chennai,Coimbatore,AIR,CARRIER-B,RT-MAA-CJB-01,3,2188900.0,11051.1,0,5,10,418.6,456.7,6.3,179.6,1.0,0.0,15.0,10.0,999.0,1.5,0.0,999.0,0,0.0,0.0,0.0,0,0.0,0.0,40.0,0.97,0.9,0,On-Time
SH-2743,Chennai,Bengaluru,MARITIME,CARRIER-D,RT-MAA-BLR-01,3,129000.0,8187.6,12,4,10,302.3,329.8,13.6,-65.8,1.0,0.0,15.0,10.0,999.0,1.5,0.0,999.0,0,7.4,27.5,0.0,0,6.8,3.29,35.0,0.88,150.5,1,Moderate (1-3h)
SH-2670,Chennai,Hyderabad,ROAD,CARRIER-C,RT-MAA-HYD-01,2,687400.0,17048.7,16,4,10,143.7,156.8,15.0,179.8,3.1,20.2,37.4,7.3,0.0,7.3,81.6,23.4,1,0.0,0.0,0.0,0,0.0,0.0,55.0,0.86,0.5,0,On-Time
SH-2911,Bengaluru,Chennai,ROAD,CARRIER-A,RT-BLR-MAA-01,4,1107400.0,7637.4,18,3,10,151.3,165.1,8.0,19.0,1.0,0.0,15.0,10.0,999.0,1.5,0.0,999.0,0,0.0,0.0,0.0,0,0.0,0.0,30.0,0.92,49.0,0,Minor (< 1h)
SH-2357,Bengaluru,Hyderabad,ROAD,CARRIER-A,RT-BLR-HYD-01,3,2038400.0,2468.2,17,4,10,84.5,92.2,14.5,58.8,4.3,27.9,42.2,7.3,0.0,1.5,0.0,999.0,0,0.0,0.0,0.0,0,0.0,0.0,45.0,0.92,222.3,0,Major (> 3h)
SH-2390,Bengaluru,Chennai,AIR,CARRIER-B,RT-BLR-MAA-01,2,602800.0,14068.7,1,5,10,104.6,114.1,6.4,199.8,1.0,0.0,15.0,10.0,999.0,1.5,0.0,999.0,0,0.0,0.0,0.0,0,0.0,0.0,30.0,0.97,49.6,0,Minor (< 1h)
SH-4398,Bengaluru,Chennai,ROAD,CARRIER-A,RT-BLR-MAA-01,3,1561500.0,3911.6,1,5,10,87.7,95.7,8.0,57.0,6.0,39.0,49.0,6.5,0.0,7.0,92.4,21.8,0,0.0,0.0,0.0,0,0.0,0.0,30.0,0.92,5.5,0,On-Time
SH-3415,Chennai,Bengaluru,ROAD,CARRIER-C,RT-MAA-BLR-01,2,250900.0,2686.6,20,3,10,279.5,304.9,8.5,85.8,1.0,0.0,15.0,10.0,999.0,1.5,0.0,999.0,0,0.0,0.0,0.0,0,0.0,0.0,35.0,0.86,10.0,0,On-Time
SH-3714,Chennai,Coimbatore,MARITIME,CARRIER-D,RT-MAA-CJB-01,4,1797000.0,4039.4,22,3,10,228.4,249.2,20.1,171.0,1.0,0.0,15.0,10.0,999.0,1.5,0.0,999.0,0,7.4,27.5,0.0,0,6.8,3.29,40.0,0.88,21.1,0,Minor (< 1h)
SH-2280,Chennai,Coimbatore,ROAD,CARRIER-A,RT-MAA-CJB-01,1,2094300.0,9516.9,15,4,10,80.0,87.3,11.0,79.8,3.1,20.2,37.4,7.2,37.7,7.3,81.6,23.4,1,0.0,0.0,0.0,0,0.0,0.0,40.0,0.92,12.3,0,On-Time
SH-4020,Chennai,Hyderabad,ROAD,CARRIER-C,RT-MAA-HYD-01,2,261200.0,6864.8,22,4,10,233.8,255.1,16.0,169.2,10.0,65.0,65.0,1.0,0.0,7.0,92.4,21.8,0,0.0,0.0,0.0,0,0.0,0.0,55.0,0.86,83.7,0,Moderate (1-3h)
SH-2876,Chennai,Hyderabad,ROAD,CARRIER-C,RT-MAA-HYD-01,3,402000.0,6175.4,21,3,10,450.4,491.3,13.5,83.1,1.0,0.0,15.0,10.0,999.0,7.0,40.9,25.8,0,0.0,0.0,0.0,0,0.0,0.0,55.0,0.86,16.3,0,Minor (< 1h)
SH-3288,Bengaluru,Hyderabad,ROAD,CARRIER-C,RT-BLR-HYD-01,2,52800.0,17586.9,11,3,10,135.6,147.9,14.5,133.3,10.0,65.0,65.0,1.0,0.0,1.5,0.0,999.0,0,0.0,0.0,0.0,0,0.0,0.0,45.0,0.86,134.9,0,Moderate (1-3h)
SH-3430,Bengaluru,Hyderabad,ROAD,CARRIER-A,RT-BLR-HYD-01,2,100600.0,10539.5,8,4,10,502.2,547.9,14.5,234.6,4.3,27.9,42.2,7.3,0.0,1.5,0.0,999.0,0,0.0,0.0,0.0,0,0.0,0.0,45.0,0.92,12.7,0,On-Time
SH-3237,Chennai,Coimbatore,AIR,CARRIER-B,RT-MAA-CJB-01,3,1584000.0,1807.3,6,3,10,224.0,244.4,7.3,238.5,1.0,0.0,15.0,10.0,999.0,1.5,0.0,999.0,0,0.0,0.0,0.0,0,0.0,0.0,40.0,0.97,3.5,0,On-Time
SH-2230,Mumbai,Delhi,ROAD,CARRIER-A,RT-BOM-DEL-01,2,2097900.0,1537.5,12,4,10,497.7,542.9,29.0,178.2,10.0,65.0,65.0,1.0,0.0,1.5,0.0,999.0,0,0.0,0.0,0.0,0,0.0,0.0,110.0,0.92,4.3,0,On-Time
SH-3832,Bengaluru,Chennai,ROAD,CARRIER-C,RT-BLR-MAA-01,3,2050400.0,5012.1,14,4,10,182.6,199.2,10.0,33.6,4.2,27.3,41.8,6.2,32.4,7.3,81.6,23.4,1,0.0,0.0,0.0,0,0.0,0.0,30.0,0.86,178.6,0,Moderate (1-3h)
SH-3175,Chennai,Bengaluru,MARITIME,CARRIER-D,RT-MAA-BLR-01,2,2331200.0,8593.3,12,3,10,46.3,50.5,13.6,59.2,1.0,0.0,15.0,10.0,999.0,1.5,0.0,999.0,0,7.4,27.5,0.0,0,0.0,0.0,35.0,0.88,1.9,0,On-Time
SH-2473,Chennai,Coimbatore,MARITIME,CARRIER-D,RT-MAA-CJB-01,1,987000.0,13722.2,1,5,10,69.1,75.4,18.1,59.4,1.0,0.0,15.0,10.0,999.0,1.5,0.0,999.0,0,7.4,22.8,0.0,0,0.0,0.0,40.0,0.88,1.4,0,On-Time
SH-2356,Chennai,Hyderabad,ROAD,CARRIER-C,RT-MAA-HYD-01,1,543800.0,10007.2,2,5,10,151.6,165.4,15.0,172.7,10.0,65.0,65.0,1.0,0.0,7.0,70.1,21.8,0,0.0,0.0,0.0,0,0.0,0.0,55.0,0.86,17.1,0,Minor (< 1h)
SH-3373,Mumbai,Pune,MARITIME,CARRIER-D,RT-BOM-PNQ-01,4,2123300.0,14744.9,10,3,10,88.2,96.2,7.3,54.4,1.0,0.0,15.0,10.0,999.0,1.5,0.0,999.0,0,5.7,17.3,0.0,0,0.0,0.0,25.0,0.88,13.1,0,On-Time
SH-4149,Mumbai,Delhi,ROAD,CARRIER-A,RT-BOM-DEL-01,3,1388900.0,16885.2,16,4,10,941.3,1026.9,29.0,178.3,10.0,65.0,65.0,1.0,0.0,1.5,0.0,999.0,0,0.0,0.0,0.0,0,0.0,0.0,110.0,0.92,3.9,0,On-Time
SH-3778,Bengaluru,Hyderabad,ROAD,CARRIER-A,RT-BLR-HYD-01,1,1244000.0,15272.8,17,4,10,383.9,418.8,13.5,175.5,4.3,27.9,42.2,7.3,0.0,1.5,0.0,999.0,0,0.0,0.0,0.0,0,0.0,0.0,45.0,0.92,10.6,0,On-Time
SH-4072,Bengaluru,Chennai,MARITIME,CARRIER-D,RT-BLR-MAA-01,2,1343600.0,7950.2,0,4,10,143.9,157.0,13.6,59.0,1.0,0.0,15.0,10.0,999.0,1.5,0.0,999.0,0,7.4,27.5,0.0,0,6.8,3.29,30.0,0.88,2.4,0,On-Time
SH-2102,Chennai,Hyderabad,ROAD,CARRIER-A,RT-MAA-HYD-01,3,553200.0,16012.9,12,3,10,539.1,588.1,13.5,87.3,1.0,0.0,15.0,10.0,999.0,6.4,110.3,18.7,0,0.0,0.0,0.0,0,0.0,0.0,55.0,0.92,6.4,0,On-Time
SH-2516,Bengaluru,Chennai,MARITIME,CARRIER-D,RT-BLR-MAA-01,3,1887300.0,1256.1,7,3,10,146.6,159.9,13.6,17.3,1.0,0.0,15.0,10.0,999.0,1.5,0.0,999.0,0,6.9,22.2,0.0,0,0.0,0.0,30.0,0.88,54.2,0,Minor (< 1h)
SH-2866,Mumbai,Delhi,AIR,CARRIER-B,RT-BOM-DEL-01,1,894400.0,12964.0,1,5,10,1153.7,1258.6,13.1,231.8,1.0,0.0,15.0,10.0,999.0,1.5,0.0,999.0,0,0.0,0.0,0.0,0,0.0,0.0,110.0,0.97,19.2,0,Minor (< 1h)
SH-3134,Bengaluru,Chennai,ROAD,CARRIER-A,RT-BLR-MAA-01,3,2408400.0,1815.9,0,4,10,97.6,106.5,8.0,-52.9,1.0,0.0,15.0,10.0,999.0,7.0,40.9,25.8,0,0.0,0.0,0.0,0,0.0,0.0,30.0,0.92,160.6,1,Moderate (1-3h)
SH-3916,Bengaluru,Chennai,ROAD,CARRIER-C,RT-BLR-MAA-01,2,146200.0,10615.5,15,3,10,223.8,244.1,9.0,89.7,1.0,0.0,15.0,10.0,999.0,6.4,110.3,18.7,0,0.0,0.0,0.0,0,0.0,0.0,30.0,0.86,44.2,0,Minor (< 1h)
SH-3821,Chennai,Bengaluru,MARITIME,CARRIER-D,RT-MAA-BLR-01,1,482600.0,10620.1,5,5,10,60.3,65.8,16.6,196.8,1.0,0.0,15.0,10.0,999.0,1.5,0.0,999.0,0,7.4,22.8,0.0,0,0.0,0.0,35.0,0.88,60.3,0,Moderate (1-3h)
SH-3329,Chennai,Coimbatore,ROAD,CARRIER-A,RT-MAA-CJB-01,4,839900.0,11507.8,20,3,10,160.0,174.5,12.5,170.6,1.0,0.0,15.0,10.0,999.0,1.5,0.0,999.0,0,0.0,0.0,0.0,0,0.0,0.0,40.0,0.92,22.0,0,Minor (< 1h)
SH-2823,Mumbai,Pune,AIR,CARRIER-B,RT-BOM-PNQ-01,3,1792500.0,3808.0,12,3,10,115.2,125.7,3.0,56.2,1.0,0.0,15.0,10.0,999.0,1.5,0.0,999.0,0,0.0,0.0,0.0,0,0.0,0.0,25.0,0.97,8.9,0,On-Time
SH-3403,Bengaluru,Chennai,ROAD,CARRIER-A,RT-BLR-MAA-01,4,2421900.0,5203.2,2,5,10,105.2,114.8,8.0,59.2,6.0,39.0,49.0,6.5,0.0,7.0,92.4,21.8,0,0.0,0.0,0.0,0,0.0,0.0,30.0,0.92,1.9,0,On-Time
SH-3044,Chennai,Hyderabad,MARITIME,CARRIER-D,RT-MAA-HYD-01,3,2449600.0,5824.1,12,3,10,519.7,566.9,22.6,57.4,1.0,0.0,15.0,10.0,999.0,1.5,0.0,999.0,0,7.4,27.5,0.0,0,6.8,3.29,55.0,0.88,6.2,0,On-Time
SH-2127,Bengaluru,Hyderabad,ROAD,CARRIER-A,RT-BLR-HYD-01,3,2174600.0,17979.2,3,4,10,165.0,180.0,14.5,236.9,4.3,27.9,42.2,7.3,0.0,1.5,0.0,999.0,0,0.0,0.0,0.0,0,0.0,0.0,45.0,0.92,7.4,0,On-Time
SH-2298,Chennai,Coimbatore,ROAD,CARRIER-C,RT-MAA-CJB-01,2,2097000.0,12098.3,15,4,10,64.9,70.8,13.5,238.6,3.1,20.2,37.4,7.2,37.7,7.3,81.6,23.4,1,0.0,0.0,0.0,0,0.0,0.0,40.0,0.86,3.2,0,On-Time
SH-3765,Bengaluru,Chennai,ROAD,CARRIER-C,RT-BLR-MAA-01,2,1510600.0,11422.4,2,5,10,104.3,113.8,8.5,1.4,6.0,39.0,49.0,6.5,0.0,7.0,92.4,21.8,0,0.0,0.0,0.0,0,0.0,0.0,30.0,0.86,119.7,1,Moderate (1-3h)
SH-4089,Bengaluru,Chennai,MARITIME,CARRIER-D,RT-BLR-MAA-01,3,915300.0,2820.7,17,4,10,127.2,138.8,13.6,55.3,1.0,0.0,15.0,10.0,999.0,1.5,0.0,999.0,0,7.4,27.5,0.0,0,0.0,0.0,30.0,0.88,11.0,0,On-Time
SH-2502,Chennai,Coimbatore,MARITIME,CARRIER-D,RT-MAA-CJB-01,4,1058400.0,13775.5,5,5,10,420.2,458.4,21.1,234.3,1.0,0.0,15.0,10.0,999.0,1.5,0.0,999.0,0,7.4,22.8,0.0,0,0.0,0.0,40.0,0.88,13.3,0,On-Time
SH-3784,Bengaluru,Hyderabad,ROAD,CARRIER-C,RT-BLR-HYD-01,4,1057400.0,5269.6,22,3,10,329.5,359.5,13.5,175.9,1.0,0.0,15.0,10.0,999.0,1.5,0.0,999.0,0,0.0,0.0,0.0,0,0.0,0.0,45.0,0.86,9.6,0,On-Time
SH-3152,Mumbai,Pune,AIR,CARRIER-B,RT-BOM-PNQ-01,2,1328000.0,13190.5,0,4,10,50.8,55.4,3.5,20.1,1.0,0.0,15.0,10.0,999.0,1.5,0.0,999.0,0,0.0,0.0,0.0,0,0.0,0.0,25.0,0.97,85.9,0,Moderate (1-3h)
SH-2315,Mumbai,Pune,MARITIME,CARRIER-D,RT-BOM-PNQ-01,2,1571300.0,7564.6,12,4,10,69.6,75.9,8.3,109.5,1.0,0.0,15.0,10.0,999.0,1.5,0.0,999.0,0,7.7,27.9,0.0,0,0.0,0.0,25.0,0.88,12.6,0,On-Time
SH-4101,Chennai,Bengaluru,AIR,CARRIER-B,RT-MAA-BLR-01,2,2137000.0,7016.4,6,4,10,245.3,267.6,6.4,234.3,1.0,0.0,15.0,10.0,999.0,1.5,0.0,999.0,0,0.0,0.0,0.0,0,0.0,0.0,35.0,0.97,13.4,0,On-Time
SH-2957,Chennai,Bengaluru,MARITIME,CARRIER-D,RT-MAA-BLR-01,2,396600.0,8868.9,20,3,10,125.3,136.7,13.6,48.8,1.0,0.0,15.0,10.0,999.0,1.5,0.0,999.0,0,7.4,27.5,0.0,0,6.8,3.29,35.0,0.88,26.3,0,Minor (< 1h)
SH-3646,Bengaluru,Hyderabad,ROAD,CARRIER-A,RT-BLR-HYD-01,2,1819000.0,8423.2,23,4,10,197.0,214.9,11.5,-29.9,3.9,25.3,40.6,6.5,0.0,1.5,0.0,999.0,0,0.0,0.0,0.0,0,0.0,0.0,45.0,0.92,109.3,1,Moderate (1-3h)
SH-2549,Mumbai,Delhi,ROAD,CARRIER-C,RT-BOM-DEL-01,2,1723500.0,2642.1,20,4,10,860.5,938.7,30.0,238.4,3.1,20.2,37.4,7.2,0.0,1.5,0.0,999.0,0,0.0,0.0,0.0,0,0.0,0.0,110.0,0.86,3.8,0,On-Time
SH-3899,Chennai,Hyderabad,ROAD,CARRIER-A,RT-MAA-HYD-01,1,1830800.0,12868.6,3,5,10,482.3,526.1,13.0,58.9,10.0,65.0,65.0,1.0,0.0,7.0,70.1,21.8,0,0.0,0.0,0.0,0,0.0,0.0,55.0,0.92,2.5,0,On-Time
SH-2580,Mumbai,Pune,ROAD,CARRIER-A,RT-BOM-PNQ-01,4,1667400.0,3713.7,16,3,10,122.7,133.9,5.5,113.6,1.0,0.0,15.0,10.0,999.0,1.5,0.0,999.0,0,0.0,0.0,0.0,0,0.0,0.0,25.0,0.92,15.1,0,Minor (< 1h)
SH-4310,Chennai,Bengaluru,AIR,CARRIER-B,RT-MAA-BLR-01,2,1664100.0,14716.1,21,3,10,202.5,220.9,6.4,159.0,1.0,0.0,15.0,10.0,999.0,1.5,0.0,999.0,0,0.0,0.0,0.0,0,0.0,0.0,35.0,0.97,99.8,0,Moderate (1-3h)
SH-3666,Bengaluru,Chennai,ROAD,CARRIER-A,RT-BLR-MAA-01,1,1601900.0,6146.4,21,3,10,293.6,320.3,8.0,54.6,1.0,0.0,15.0,10.0,999.0,1.5,0.0,999.0,0,0.0,0.0,0.0,0,0.0,0.0,30.0,0.92,12.6,0,On-Time
SH-4095,Bengaluru,Chennai,AIR,CARRIER-B,RT-BLR-MAA-01,3,2008500.0,17734.4,9,4,10,234.4,255.7,3.4,-13.6,1.0,0.0,15.0,10.0,999.0,1.5,0.0,999.0,0,0.0,0.0,0.0,0,0.0,0.0,30.0,0.97,93.4,1,Moderate (1-3h)
SH-4040,Mumbai,Delhi,MARITIME,CARRIER-D,RT-BOM-DEL-01,1,1234000.0,6772.0,10,4,10,248.2,270.8,48.3,55.6,1.0,0.0,15.0,10.0,999.0,1.5,0.0,999.0,0,7.7,27.9,0.0,0,0.0,0.0,110.0,0.88,50.2,0,Minor (< 1h)
SH-4221,Chennai,Hyderabad,ROAD,CARRIER-A,RT-MAA-HYD-01,2,1735600.0,7247.9,16,4,10,86.0,93.8,16.0,237.9,3.1,20.2,37.4,7.3,0.0,7.3,81.6,23.4,1,0.0,0.0,0.0,0,0.0,0.0,55.0,0.92,5.0,0,On-Time
SH-3395,Bengaluru,Hyderabad,ROAD,CARRIER-C,RT-BLR-HYD-01,3,1507600.0,2442.6,1,4,10,389.7,425.1,11.5,36.0,4.3,27.9,42.2,7.3,0.0,1.5,0.0,999.0,0,0.0,0.0,0.0,0,0.0,0.0,45.0,0.86,34.8,0,Minor (< 1h)
SH-2780,Bengaluru,Chennai,ROAD,CARRIER-C,RT-BLR-MAA-01,2,902300.0,16970.8,3,5,10,232.5,253.6,9.0,117.5,6.0,39.0,49.0,6.5,0.0,7.0,92.4,21.8,0,0.0,0.0,0.0,0,0.0,0.0,30.0,0.86,6.0,0,On-Time
SH-2090,Mumbai,Pune,AIR,CARRIER-B,RT-BOM-PNQ-01,3,2106000.0,2662.3,18,3,10,37.1,40.5,3.5,49.0,1.0,0.0,15.0,10.0,999.0,1.5,0.0,999.0,0,0.0,0.0,0.0,0,0.0,0.0,25.0,0.97,52.3,0,Minor (< 1h)
SH-4315,Mumbai,Delhi,AIR,CARRIER-B,RT-BOM-DEL-01,3,442900.0,15618.8,17,3,10,478.3,521.8,10.6,58.8,1.0,0.0,15.0,10.0,999.0,1.5,0.0,999.0,0,0.0,0.0,0.0,0,0.0,0.0,110.0,0.97,46.8,0,Minor (< 1h)
SH-4231,Mumbai,Delhi,AIR,CARRIER-B,RT-BOM-DEL-01,1,937800.0,1240.4,10,3,10,725.6,791.6,10.1,10.0,1.0,0.0,15.0,10.0,999.0,1.5,0.0,999.0,0,0.0,0.0,0.0,0,0.0,0.0,110.0,0.97,67.5,1,Moderate (1-3h)
SH-2235,Bengaluru,Chennai,MARITIME,CARRIER-D,RT-BLR-MAA-01,2,1106700.0,14707.8,2,4,10,148.3,161.8,15.6,112.0,1.0,0.0,15.0,10.0,999.0,1.5,0.0,999.0,0,7.4,27.5,0.0,0,6.8,3.29,30.0,0.88,82.4,0,Moderate (1-3h)
SH-2107,Chennai,Bengaluru,AIR,CARRIER-B,RT-MAA-BLR-01,2,2075600.0,16709.6,10,3,10,251.3,274.1,6.4,223.3,1.0,0.0,15.0,10.0,999.0,1.5,0.0,999.0,0,0.0,0.0,0.0,0,0.0,0.0,35.0,0.97,39.3,0,Minor (< 1h)
SH-4438,Mumbai,Pune,AIR,CARRIER-B,RT-BOM-PNQ-01,4,1802800.0,12210.5,20,4,10,104.4,113.9,4.0,99.0,1.0,0.0,15.0,10.0,999.0,1.5,0.0,999.0,0,0.0,0.0,0.0,0,0.0,0.0,25.0,0.97,49.5,0,Minor (< 1h)
SH-4267,Chennai,Hyderabad,ROAD,CARRIER-C,RT-MAA-HYD-01,1,435400.0,14907.5,7,3,10,549.9,599.9,16.0,236.7,3.5,22.8,39.0,6.8,0.0,7.2,150.6,18.7,0,0.0,0.0,0.0,0,0.0,0.0,55.0,0.86,7.9,0,On-Time
SH-2472,Bengaluru,Hyderabad,MARITIME,CARRIER-D,RT-BLR-HYD-01,4,982800.0,13008.4,20,3,10,104.6,114.1,19.9,-94.5,1.0,0.0,15.0,10.0,999.0,1.5,0.0,999.0,0,0.0,0.0,0.0,0,0.0,0.0,45.0,0.88,190.6,1,Major (> 3h)
SH-2481,Chennai,Bengaluru,ROAD,CARRIER-A,RT-MAA-BLR-01,2,295300.0,14179.0,0,4,10,182.9,199.5,10.0,177.7,1.0,0.0,15.0,10.0,999.0,1.5,0.0,999.0,0,0.0,0.0,0.0,0,0.0,0.0,35.0,0.92,5.4,0,On-Time
SH-2216,Bengaluru,Chennai,AIR,CARRIER-B,RT-BLR-MAA-01,3,1326400.0,7829.0,8,4,10,287.7,313.9,5.4,177.5,1.0,0.0,15.0,10.0,999.0,1.5,0.0,999.0,0,0.0,0.0,0.0,0,0.0,0.0,30.0,0.97,5.8,0,On-Time
SH-4457,Mumbai,Delhi,MARITIME,CARRIER-D,RT-BOM-DEL-01,2,1931400.0,11774.7,23,4,10,431.9,471.2,49.8,171.8,1.0,0.0,15.0,10.0,999.0,1.5,0.0,999.0,0,7.7,27.9,0.0,0,0.0,0.0,110.0,0.88,19.3,0,Minor (< 1h)
SH-2217,Bengaluru,Chennai,AIR,CARRIER-B,RT-BLR-MAA-01,2,2210000.0,13183.5,16,3,10,100.7,109.9,5.4,178.3,1.0,0.0,15.0,10.0,999.0,1.5,0.0,999.0,0,0.0,0.0,0.0,0,0.0,0.0,30.0,0.97,4.0,0,On-Time
SH-3048,Chennai,Coimbatore,ROAD,CARRIER-C,RT-MAA-CJB-01,3,2340700.0,1968.9,1,4,10,444.3,484.7,11.0,17.0,1.0,0.0,15.0,10.0,999.0,5.0,13.4,24.8,0,0.0,0.0,0.0,0,0.0,0.0,40.0,0.86,95.4,1,Moderate (1-3h)
SH-4382,Chennai,Bengaluru,ROAD,CARRIER-C,RT-MAA-BLR-01,3,1542100.0,9379.0,23,4,10,194.0,211.6,10.0,175.4,1.0,0.0,15.0,10.0,999.0,1.5,0.0,999.0,0,0.0,0.0,0.0,0,0.0,0.0,35.0,0.86,10.8,0,On-Time
SH-2607,Chennai,Bengaluru,ROAD,CARRIER-A,RT-MAA-BLR-01,2,1936700.0,16168.6,13,3,10,204.4,223.0,8.0,22.0,1.0,0.0,15.0,10.0,999.0,6.4,110.3,18.7,0,0.0,0.0,0.0,0,0.0,0.0,35.0,0.92,50.4,0,Minor (< 1h)
SH-3988,Bengaluru,Chennai,AIR,CARRIER-B,RT-BLR-MAA-01,3,2462600.0,10470.7,8,4,10,262.5,286.4,3.9,86.4,1.0,0.0,15.0,10.0,999.0,1.5,0.0,999.0,0,0.0,0.0,0.0,0,0.0,0.0,30.0,0.97,8.4,0,On-Time
SH-4274,Bengaluru,Hyderabad,ROAD,CARRIER-A,RT-BLR-HYD-01,2,690000.0,16215.7,22,4,10,151.2,164.9,12.5,117.5,3.9,25.3,40.6,6.5,0.0,1.5,0.0,999.0,0,0.0,0.0,0.0,0,0.0,0.0,45.0,0.92,5.8,0,On-Time
SH-3416,Bengaluru,Chennai,AIR,CARRIER-B,RT-BLR-MAA-01,2,847700.0,6296.7,21,4,10,254.6,277.7,3.4,52.6,1.0,0.0,15.0,10.0,999.0,1.5,0.0,999.0,0,0.0,0.0,0.0,0,0.0,0.0,30.0,0.97,17.4,0,Minor (< 1h)
SH-2303,Chennai,Bengaluru,AIR,CARRIER-B,RT-MAA-BLR-01,2,502000.0,1883.1,19,4,10,233.7,254.9,6.4,17.1,1.0,0.0,15.0,10.0,999.0,1.5,0.0,999.0,0,0.0,0.0,0.0,0,0.0,0.0,35.0,0.97,265.5,1,Major (> 3h)
SH-4263,Bengaluru,Hyderabad,ROAD,CARRIER-A,RT-BLR-HYD-01,2,1599200.0,11641.7,20,3,10,376.9,411.2,14.5,237.1,1.0,0.0,15.0,10.0,999.0,1.5,0.0,999.0,0,0.0,0.0,0.0,0,0.0,0.0,45.0,0.92,6.7,0,On-Time
SH-3819,Chennai,Bengaluru,ROAD,CARRIER-A,RT-MAA-BLR-01,3,782200.0,15386.1,1,5,10,162.8,177.6,11.0,233.2,6.0,39.0,49.0,6.5,0.0,7.0,92.4,21.8,0,0.0,0.0,0.0,0,0.0,0.0,35.0,0.92,16.1,0,Minor (< 1h)
SH-3031,Chennai,Hyderabad,ROAD,CARRIER-A,RT-MAA-HYD-01,3,449900.0,3409.8,15,3,10,446.2,486.8,14.0,37.9,1.0,0.0,15.0,10.0,999.0,6.4,110.3,18.7,0,0.0,0.0,0.0,0,0.0,0.0,55.0,0.92,102.1,0,Moderate (1-3h)
SH-3167,Bengaluru,Hyderabad,ROAD,CARRIER-C,RT-BLR-HYD-01,3,2293500.0,15760.7,0,5,10,369.9,403.5,12.5,113.4,3.9,25.3,40.6,6.5,0.0,1.5,0.0,999.0,0,0.0,0.0,0.0,0,0.0,0.0,45.0,0.86,15.6,0,Minor (< 1h)
SH-2329,Chennai,Bengaluru,ROAD,CARRIER-A,RT-MAA-BLR-01,4,640400.0,9783.4,6,3,10,260.7,284.4,10.0,164.5,3.5,22.8,39.0,6.8,0.0,7.2,40.3,23.8,0,0.0,0.0,0.0,0,0.0,0.0,35.0,0.92,36.6,0,Minor (< 1h)
SH-4135,Chennai,Coimbatore,MARITIME,CARRIER-D,RT-MAA-CJB-01,2,872500.0,13834.6,11,4,10,80.7,88.0,19.1,115.3,1.0,0.0,15.0,10.0,999.0,1.5,0.0,999.0,0,7.4,27.5,0.0,0,6.8,3.29,40.0,0.88,11.1,0,On-Time
SH-3932,Mumbai,Delhi,AIR,CARRIER-B,RT-BOM-DEL-01,3,1168500.0,1502.3,3,5,10,723.4,789.2,10.1,53.7,1.0,0.0,15.0,10.0,999.0,1.5,0.0,999.0,0,0.0,0.0,0.0,0,0.0,0.0,110.0,0.97,14.8,0,On-Time
SH-3433,Chennai,Bengaluru,ROAD,CARRIER-A,RT-MAA-BLR-01,1,2031200.0,4651.9,3,5,10,107.5,117.3,8.5,76.6,6.0,39.0,49.0,6.5,0.0,7.0,92.4,21.8,0,0.0,0.0,0.0,0,0.0,0.0,35.0,0.92,31.5,0,Minor (< 1h)
SH-3833,Bengaluru,Hyderabad,MARITIME,CARRIER-D,RT-BLR-HYD-01,3,836900.0,10039.3,9,3,10,113.7,124.0,20.4,81.5,1.0,0.0,15.0,10.0,999.0,1.5,0.0,999.0,0,0.0,0.0,0.0,0,0.0,0.0,45.0,0.88,20.0,0,Minor (< 1h)
SH-4109,Bengaluru,Chennai,ROAD,CARRIER-C,RT-BLR-MAA-01,1,2449400.0,1211.7,22,4,10,114.6,125.0,8.5,85.9,1.0,0.0,15.0,10.0,999.0,1.5,0.0,999.0,0,0.0,0.0,0.0,0,0.0,0.0,30.0,0.86,9.5,0,On-Time
SH-4162,Chennai,Bengaluru,ROAD,CARRIER-C,RT-MAA-BLR-01,2,308800.0,3500.7,23,3,10,182.9,199.5,8.0,38.3,1.0,0.0,15.0,10.0,999.0,1.5,0.0,999.0,0,0.0,0.0,0.0,0,0.0,0.0,35.0,0.86,51.0,0,Minor (< 1h)
SH-3698,Chennai,Coimbatore,MARITIME,CARRIER-D,RT-MAA-CJB-01,3,1512600.0,5546.4,21,3,10,53.0,57.8,18.6,20.5,1.0,0.0,15.0,10.0,999.0,1.5,0.0,999.0,0,7.4,27.5,0.0,0,6.8,3.29,40.0,0.88,88.7,0,Moderate (1-3h)
SH-2346,Chennai,Coimbatore,ROAD,CARRIER-C,RT-MAA-CJB-01,1,1555300.0,13482.0,22,4,10,97.1,105.9,13.5,75.6,8.2,53.3,57.8,2.6,37.7,7.0,92.4,21.8,0,0.0,0.0,0.0,0,0.0,0.0,40.0,0.86,198.6,0,Major (> 3h)
SH-2416,Chennai,Hyderabad,AIR,CARRIER-B,RT-MAA-HYD-01,2,1418500.0,2341.1,17,3,10,486.8,531.1,8.2,238.0,1.0,0.0,15.0,10.0,999.0,1.5,0.0,999.0,0,0.0,0.0,0.0,0,0.0,0.0,55.0,0.97,4.6,0,On-Time
SH-3580,Mumbai,Pune,ROAD,CARRIER-A,RT-BOM-PNQ-01,3,1795100.0,15155.4,16,4,10,20.5,30.0,7.5,214.5,10.0,65.0,65.0,1.0,0.0,1.5,0.0,999.0,0,0.0,0.0,0.0,0,0.0,0.0,25.0,0.92,35.7,0,Minor (< 1h)
SH-2284,Mumbai,Delhi,ROAD,CARRIER-A,RT-BOM-DEL-01,3,1745100.0,10154.5,7,3,10,506.6,552.7,27.0,52.5,1.0,0.0,15.0,10.0,999.0,1.5,0.0,999.0,0,0.0,0.0,0.0,0,0.0,0.0,110.0,0.92,17.6,0,Minor (< 1h)
SH-2967,Bengaluru,Hyderabad,AIR,CARRIER-B,RT-BLR-HYD-01,1,1573200.0,10297.7,1,4,10,371.6,405.4,4.7,57.5,1.0,0.0,15.0,10.0,999.0,1.5,0.0,999.0,0,0.0,0.0,0.0,0,0.0,0.0,45.0,0.97,5.8,0,On-Time
SH-2992,Bengaluru,Hyderabad,ROAD,CARRIER-A,RT-BLR-HYD-01,3,1773200.0,9179.7,20,4,10,192.9,210.4,13.5,179.5,1.0,0.0,15.0,10.0,999.0,1.5,0.0,999.0,0,0.0,0.0,0.0,0,0.0,0.0,45.0,0.92,1.1,0,On-Time
SH-2455,Bengaluru,Chennai,AIR,CARRIER-B,RT-BLR-MAA-01,2,2111500.0,9434.9,14,4,10,255.8,279.1,6.4,232.2,1.0,0.0,15.0,10.0,999.0,1.5,0.0,999.0,0,0.0,0.0,0.0,0,0.0,0.0,30.0,0.97,18.3,0,Minor (< 1h)
SH-3919,Chennai,Bengaluru,ROAD,CARRIER-C,RT-MAA-BLR-01,3,969100.0,5532.2,12,3,10,300.1,327.4,8.5,89.9,1.0,0.0,15.0,10.0,999.0,6.4,110.3,18.7,0,0.0,0.0,0.0,0,0.0,0.0,35.0,0.86,0.3,0,On-Time
SH-3881,Chennai,Hyderabad,ROAD,CARRIER-A,RT-MAA-HYD-01,3,1478200.0,7255.7,11,3,10,483.9,527.9,14.0,118.8,3.5,22.8,39.0,6.8,0.0,7.2,150.6,18.7,0,0.0,0.0,0.0,0,0.0,0.0,55.0,0.92,2.8,0,On-Time
SH-3647,Chennai,Coimbatore,AIR,CARRIER-B,RT-MAA-CJB-01,1,395700.0,11385.1,12,3,10,67.3,73.4,4.8,-52.3,1.0,0.0,15.0,10.0,999.0,1.5,0.0,999.0,0,0.0,0.0,0.0,0,0.0,0.0,40.0,0.97,176.2,1,Moderate (1-3h)
SH-3814,Bengaluru,Hyderabad,ROAD,CARRIER-A,RT-BLR-HYD-01,4,2061600.0,7359.5,21,4,10,361.9,394.8,12.0,65.8,3.9,25.3,40.6,6.5,0.0,1.5,0.0,999.0,0,0.0,0.0,0.0,0,0.0,0.0,45.0,0.92,32.7,0,Minor (< 1h)
SH-3052,Bengaluru,Hyderabad,ROAD,CARRIER-C,RT-BLR-HYD-01,2,1929200.0,1983.9,12,3,10,500.1,545.6,12.0,11.9,1.0,0.0,15.0,10.0,999.0,1.5,0.0,999.0,0,0.0,0.0,0.0,0,0.0,0.0,45.0,0.86,94.5,1,Moderate (1-3h)
SH-3321,Bengaluru,Hyderabad,MARITIME,CARRIER-D,RT-BLR-HYD-01,4,2111500.0,9644.7,15,4,10,234.3,255.6,19.9,-11.9,1.0,0.0,15.0,10.0,999.0,1.5,0.0,999.0,0,0.0,0.0,0.0,0,0.0,0.0,45.0,0.88,87.7,1,Moderate (1-3h)
SH-4354,Mumbai,Pune,MARITIME,CARRIER-D,RT-BOM-PNQ-01,1,744200.0,9528.4,17,3,10,112.6,122.8,7.3,58.7,1.0,0.0,15.0,10.0,999.0,1.5,0.0,999.0,0,5.7,17.3,0.0,0,0.0,0.0,25.0,0.88,2.9,0,On-Time
SH-3854,Bengaluru,Chennai,AIR,CARRIER-B,RT-BLR-MAA-01,1,2075200.0,1259.7,0,4,10,139.0,151.6,6.4,233.9,1.0,0.0,15.0,10.0,999.0,1.5,0.0,999.0,0,0.0,0.0,0.0,0,0.0,0.0,30.0,0.97,14.3,0,On-Time
SH-3998,Chennai,Hyderabad,ROAD,CARRIER-A,RT-MAA-HYD-01,1,894500.0,693.0,16,3,10,242.9,265.0,16.0,219.6,1.0,0.0,15.0,10.0,999.0,6.4,110.3,18.7,0,0.0,0.0,0.0,0,0.0,0.0,55.0,0.92,29.8,0,Minor (< 1h)
SH-2283,Chennai,Coimbatore,MARITIME,CARRIER-D,RT-MAA-CJB-01,2,67400.0,10813.1,2,5,10,56.7,61.9,18.1,-60.2,1.0,0.0,15.0,10.0,999.0,1.5,0.0,999.0,0,7.4,22.8,0.0,0,0.0,0.0,40.0,0.88,147.0,1,Moderate (1-3h)
SH-2451,Mumbai,Pune,ROAD,CARRIER-A,RT-BOM-PNQ-01,4,113500.0,205.6,12,4,10,53.1,57.9,6.5,130.0,10.0,65.0,65.0,1.0,0.0,1.5,0.0,999.0,0,0.0,0.0,0.0,0,0.0,0.0,25.0,0.92,81.2,0,Moderate (1-3h)
SH-2036,Chennai,Hyderabad,ROAD,CARRIER-A,RT-MAA-HYD-01,2,1789300.0,17647.6,15,3,10,249.5,272.2,14.0,107.7,1.0,0.0,15.0,10.0,999.0,6.4,110.3,18.7,0,0.0,0.0,0.0,0,0.0,0.0,55.0,0.92,21.5,0,Minor (< 1h)
SH-4258,Chennai,Bengaluru,ROAD,CARRIER-C,RT-MAA-BLR-01,3,1955200.0,8359.8,3,4,10,89.6,97.7,10.0,179.6,1.0,0.0,15.0,10.0,999.0,7.0,40.9,25.8,0,0.0,0.0,0.0,0,0.0,0.0,35.0,0.86,1.0,0,On-Time
SH-2617,Chennai,Coimbatore,MARITIME,CARRIER-D,RT-MAA-CJB-01,2,722700.0,7757.1,10,4,10,268.3,292.7,18.6,69.3,1.0,0.0,15.0,10.0,999.0,1.5,0.0,999.0,0,7.4,27.5,0.0,0,6.8,3.29,40.0,0.88,48.7,0,Minor (< 1h)
SH-4083,Mumbai,Delhi,ROAD,CARRIER-A,RT-BOM-DEL-01,1,1962300.0,6409.2,5,4,10,717.0,782.2,28.0,115.1,10.0,65.0,65.0,1.0,0.0,1.5,0.0,999.0,0,0.0,0.0,0.0,0,0.0,0.0,110.0,0.92,11.6,0,On-Time
SH-3304,Chennai,Coimbatore,ROAD,CARRIER-A,RT-MAA-CJB-01,2,387000.0,5871.0,22,3,10,141.2,154.0,12.5,75.6,1.0,0.0,15.0,10.0,999.0,7.0,40.9,25.8,0,0.0,0.0,0.0,0,0.0,0.0,40.0,0.92,126.3,0,Moderate (1-3h)
SH-2453,Mumbai,Delhi,AIR,CARRIER-B,RT-BOM-DEL-01,2,462800.0,7320.4,23,4,10,1251.3,1365.1,10.6,13.3,1.0,0.0,15.0,10.0,999.0,1.5,0.0,999.0,0,0.0,0.0,0.0,0,0.0,0.0,110.0,0.97,99.8,1,Moderate (1-3h)
SH-2610,Bengaluru,Chennai,MARITIME,CARRIER-D,RT-BLR-MAA-01,4,1005300.0,5885.6,8,4,10,238.5,260.2,14.6,98.4,1.0,0.0,15.0,10.0,999.0,1.5,0.0,999.0,0,7.4,27.5,0.0,0,6.8,3.29,30.0,0.88,25.7,0,Minor (< 1h)
SH-3460,Bengaluru,Chennai,ROAD,CARRIER-C,RT-BLR-MAA-01,2,499400.0,15039.6,20,3,10,64.1,69.9,9.0,90.8,1.0,0.0,15.0,10.0,999.0,1.5,0.0,999.0,0,0.0,0.0,0.0,0,0.0,0.0,30.0,0.86,41.0,0,Minor (< 1h)
SH-3257,Bengaluru,Hyderabad,ROAD,CARRIER-C,RT-BLR-HYD-01,1,2318200.0,5807.1,1,4,10,305.5,333.3,12.0,62.0,4.3,27.9,42.2,7.3,0.0,1.5,0.0,999.0,0,0.0,0.0,0.0,0,0.0,0.0,45.0,0.86,40.3,0,Minor (< 1h)
SH-2087,Chennai,Hyderabad,ROAD,CARRIER-C,RT-MAA-HYD-01,3,106900.0,7321.1,3,5,10,405.5,442.4,13.5,87.8,10.0,65.0,65.0,1.0,0.0,7.0,70.1,21.8,0,0.0,0.0,0.0,0,0.0,0.0,55.0,0.86,5.1,0,On-Time
SH-3431,Mumbai,Delhi,AIR,CARRIER-B,RT-BOM-DEL-01,2,407300.0,15790.9,14,3,10,959.2,1046.4,12.1,172.2,1.0,0.0,15.0,10.0,999.0,1.5,0.0,999.0,0,0.0,0.0,0.0,0,0.0,0.0,110.0,0.97,18.4,0,Minor (< 1h)
SH-2788,Chennai,Hyderabad,ROAD,CARRIER-A,RT-MAA-HYD-01,3,1703800.0,2695.1,2,5,10,493.4,538.3,13.0,25.9,10.0,65.0,65.0,1.0,0.0,7.0,70.1,21.8,0,0.0,0.0,0.0,0,0.0,0.0,55.0,0.92,59.2,0,Minor (< 1h)
SH-4461,Bengaluru,Chennai,ROAD,CARRIER-A,RT-BLR-MAA-01,3,206100.0,677.2,16,3,10,92.5,100.9,9.0,74.4,1.0,0.0,15.0,10.0,999.0,6.4,110.3,18.7,0,0.0,0.0,0.0,0,0.0,0.0,30.0,0.92,55.7,0,Minor (< 1h)
SH-4219,Mumbai,Pune,ROAD,CARRIER-C,RT-BOM-PNQ-01,4,2258500.0,14946.9,17,4,10,32.8,35.8,5.5,112.1,10.0,65.0,65.0,1.0,0.0,1.5,0.0,999.0,0,0.0,0.0,0.0,0,0.0,0.0,25.0,0.86,18.6,0,Minor (< 1h)
SH-3953,Chennai,Bengaluru,ROAD,CARRIER-C,RT-MAA-BLR-01,1,701200.0,14491.7,4,5,10,127.5,139.1,9.0,98.6,6.0,39.0,49.0,6.5,0.0,7.0,92.4,21.8,0,0.0,0.0,0.0,0,0.0,0.0,35.0,0.86,50.5,0,Minor (< 1h)
SH-3864,Bengaluru,Chennai,ROAD,CARRIER-C,RT-BLR-MAA-01,2,1598900.0,13384.5,5,4,10,59.1,64.5,8.5,89.6,3.1,20.2,37.4,7.2,17.7,5.0,15.6,20.5,0,0.0,0.0,0.0,0,0.0,0.0,30.0,0.86,1.0,0,On-Time
SH-4241,Mumbai,Delhi,ROAD,CARRIER-A,RT-BOM-DEL-01,1,1177000.0,13685.5,0,4,10,634.3,692.0,27.0,57.9,10.0,65.0,65.0,1.0,0.0,1.5,0.0,999.0,0,0.0,0.0,0.0,0,0.0,0.0,110.0,0.92,5.0,0,On-Time
SH-2016,Chennai,Hyderabad,AIR,CARRIER-B,RT-MAA-HYD-01,2,1518500.0,15767.2,19,4,10,190.6,207.9,8.2,78.4,1.0,0.0,15.0,10.0,999.0,1.5,0.0,999.0,0,0.0,0.0,0.0,0,0.0,0.0,55.0,0.97,193.9,0,Major (> 3h)
SH-3459,Chennai,Hyderabad,AIR,CARRIER-B,RT-MAA-HYD-01,2,2013300.0,5000.1,0,4,10,109.3,119.2,7.2,177.7,1.0,0.0,15.0,10.0,999.0,1.5,0.0,999.0,0,0.0,0.0,0.0,0,0.0,0.0,55.0,0.97,5.5,0,On-Time
SH-3628,Chennai,Coimbatore,ROAD,CARRIER-C,RT-MAA-CJB-01,4,1595500.0,1770.1,9,3,10,404.4,441.2,11.5,118.7,3.5,22.8,39.0,6.8,0.0,7.2,150.6,18.7,0,0.0,0.0,0.0,0,0.0,0.0,40.0,0.86,3.1,0,On-Time
SH-3636,Mumbai,Pune,ROAD,CARRIER-A,RT-BOM-PNQ-01,3,561800.0,17291.4,19,3,10,109.9,119.9,6.5,176.6,1.0,0.0,15.0,10.0,999.0,1.5,0.0,999.0,0,0.0,0.0,0.0,0,0.0,0.0,25.0,0.92,7.9,0,On-Time
SH-2234,Chennai,Hyderabad,ROAD,CARRIER-C,RT-MAA-HYD-01,2,960700.0,1012.8,16,3,10,222.3,242.5,13.5,86.1,1.0,0.0,15.0,10.0,999.0,6.4,110.3,18.7,0,0.0,0.0,0.0,0,0.0,0.0,55.0,0.86,9.3,0,On-Time
SH-2702,Mumbai,Delhi,ROAD,CARRIER-A,RT-BOM-DEL-01,3,440800.0,16475.0,20,4,10,818.8,893.2,28.0,118.2,3.1,20.2,37.4,7.2,0.0,1.5,0.0,999.0,0,0.0,0.0,0.0,0,0.0,0.0,110.0,0.92,4.1,0,On-Time
SH-3615,Bengaluru,Hyderabad,ROAD,CARRIER-A,RT-BLR-HYD-01,3,2275900.0,9209.5,14,4,10,511.4,557.9,11.5,57.3,4.3,27.9,42.2,7.3,0.0,1.5,0.0,999.0,0,0.0,0.0,0.0,0,0.0,0.0,45.0,0.92,6.3,0,On-Time
SH-3144,Mumbai,Pune,MARITIME,CARRIER-D,RT-BOM-PNQ-01,3,1476700.0,8696.9,14,4,10,50.3,54.9,8.3,116.6,1.0,0.0,15.0,10.0,999.0,1.5,0.0,999.0,0,7.7,27.9,0.0,0,0.0,0.0,25.0,0.88,8.0,0,On-Time
SH-4495,Mumbai,Delhi,MARITIME,CARRIER-D,RT-BOM-DEL-01,1,2182700.0,4121.7,12,4,10,268.1,292.5,47.8,38.7,1.0,0.0,15.0,10.0,999.0,1.5,0.0,999.0,0,7.7,27.9,0.0,0,0.0,0.0,110.0,0.88,26.0,0,Minor (< 1h)
SH-2350,Chennai,Bengaluru,AIR,CARRIER-B,RT-MAA-BLR-01,3,223100.0,742.6,6,4,10,304.8,332.5,4.4,29.8,1.0,0.0,15.0,10.0,999.0,1.5,0.0,999.0,0,0.0,0.0,0.0,0,0.0,0.0,35.0,0.97,108.7,0,Moderate (1-3h)
SH-2134,Bengaluru,Chennai,AIR,CARRIER-B,RT-BLR-MAA-01,3,2273600.0,14488.4,1,4,10,102.2,111.5,6.4,8.8,1.0,0.0,15.0,10.0,999.0,1.5,0.0,999.0,0,0.0,0.0,0.0,0,0.0,0.0,30.0,0.97,274.4,1,Major (> 3h)
SH-2111,Bengaluru,Chennai,ROAD,CARRIER-C,RT-BLR-MAA-01,2,2192100.0,626.7,5,5,10,195.2,212.9,11.0,149.0,6.0,39.0,49.0,6.5,0.0,7.0,70.1,21.8,0,0.0,0.0,0.0,0,0.0,0.0,30.0,0.86,111.3,0,Moderate (1-3h)
SH-4117,Bengaluru,Hyderabad,AIR,CARRIER-B,RT-BLR-HYD-01,1,1400600.0,12252.0,20,4,10,62.0,67.6,4.7,34.5,1.0,0.0,15.0,10.0,999.0,1.5,0.0,999.0,0,0.0,0.0,0.0,0,0.0,0.0,45.0,0.97,39.4,0,Minor (< 1h)
SH-4295,Bengaluru,Chennai,AIR,CARRIER-B,RT-BLR-MAA-01,2,1106900.0,4605.8,7,4,10,262.8,286.7,3.4,58.6,1.0,0.0,15.0,10.0,999.0,1.5,0.0,999.0,0,0.0,0.0,0.0,0,0.0,0.0,30.0,0.97,3.3,0,On-Time
SH-2537,Bengaluru,Hyderabad,AIR,CARRIER-B,RT-BLR-HYD-01,1,1306700.0,1688.2,4,5,10,356.8,389.2,7.7,239.6,1.0,0.0,15.0,10.0,999.0,1.5,0.0,999.0,0,0.0,0.0,0.0,0,0.0,0.0,45.0,0.97,0.9,0,On-Time
SH-4497,Mumbai,Pune,ROAD,CARRIER-A,RT-BOM-PNQ-01,3,1041600.0,12908.6,3,5,10,115.1,125.6,5.0,89.9,1.0,0.0,15.0,10.0,999.0,1.5,0.0,999.0,0,0.0,0.0,0.0,0,0.0,0.0,25.0,0.92,0.2,0,On-Time
SH-4134,Bengaluru,Hyderabad,MARITIME,CARRIER-D,RT-BLR-HYD-01,3,2415100.0,16321.5,19,3,10,464.1,506.3,20.4,88.3,1.0,0.0,15.0,10.0,999.0,1.5,0.0,999.0,0,0.0,0.0,0.0,0,0.0,0.0,45.0,0.88,4.1,0,On-Time
SH-2686,Chennai,Coimbatore,MARITIME,CARRIER-D,RT-MAA-CJB-01,2,587000.0,8459.3,4,4,10,182.3,198.9,20.1,116.7,1.0,0.0,15.0,10.0,999.0,1.5,0.0,999.0,0,7.4,27.5,0.0,0,6.8,3.29,40.0,0.88,91.3,0,Moderate (1-3h)
SH-4116,Mumbai,Pune,ROAD,CARRIER-A,RT-BOM-PNQ-01,3,156100.0,7206.6,17,3,10,34.3,37.4,7.5,129.4,1.0,0.0,15.0,10.0,999.0,1.5,0.0,999.0,0,0.0,0.0,0.0,0,0.0,0.0,25.0,0.92,134.3,0,Moderate (1-3h)
SH-2548,Bengaluru,Hyderabad,ROAD,CARRIER-C,RT-BLR-HYD-01,1,2131500.0,4740.4,0,4,10,319.6,348.7,12.5,111.9,1.0,0.0,15.0,10.0,999.0,1.5,0.0,999.0,0,0.0,0.0,0.0,0,0.0,0.0,45.0,0.86,19.2,0,Minor (< 1h)
SH-3844,Chennai,Coimbatore,ROAD,CARRIER-A,RT-MAA-CJB-01,3,2176700.0,2766.5,23,4,10,53.4,58.3,11.0,70.4,8.2,53.3,57.8,2.6,37.7,7.0,92.4,21.8,0,0.0,0.0,0.0,0,0.0,0.0,40.0,0.92,46.1,0,Minor (< 1h)
SH-4278,Chennai,Coimbatore,AIR,CARRIER-B,RT-MAA-CJB-01,2,2279300.0,14043.1,3,5,10,114.7,125.1,4.3,53.0,1.0,0.0,15.0,10.0,999.0,1.5,0.0,999.0,0,0.0,0.0,0.0,0,0.0,0.0,40.0,0.97,16.4,0,Minor (< 1h)
SH-4447,Bengaluru,Chennai,AIR,CARRIER-B,RT-BLR-MAA-01,2,1117800.0,524.9,20,4,10,242.2,264.2,6.4,228.2,1.0,0.0,15.0,10.0,999.0,1.5,0.0,999.0,0,0.0,0.0,0.0,0,0.0,0.0,30.0,0.97,27.8,0,Minor (< 1h)
SH-3893,Mumbai,Pune,ROAD,CARRIER-C,RT-BOM-PNQ-01,3,2159000.0,7444.1,1,5,10,90.1,98.3,5.5,109.5,1.0,0.0,15.0,10.0,999.0,1.5,0.0,999.0,0,0.0,0.0,0.0,0,0.0,0.0,25.0,0.86,24.6,0,Minor (< 1h)
SH-2729,Bengaluru,Chennai,MARITIME,CARRIER-D,RT-BLR-MAA-01,3,2394400.0,3379.6,1,5,10,106.9,116.6,15.6,176.6,1.0,0.0,15.0,10.0,999.0,1.5,0.0,999.0,0,7.4,22.8,0.0,0,0.0,0.0,30.0,0.88,8.0,0,On-Time
SH-2965,Bengaluru,Chennai,ROAD,CARRIER-C,RT-BLR-MAA-01,3,493400.0,15471.9,5,5,10,225.6,246.1,9.0,53.6,6.0,39.0,49.0,6.5,0.0,7.0,70.1,21.8,0,0.0,0.0,0.0,0,0.0,0.0,30.0,0.86,121.9,1,Moderate (1-3h)
SH-2103,Chennai,Bengaluru,MARITIME,CARRIER-D,RT-MAA-BLR-01,3,1338800.0,17940.9,10,3,10,276.8,302.0,14.6,112.4,1.0,0.0,15.0,10.0,999.0,1.5,0.0,999.0,0,6.9,22.2,0.0,0,0.0,0.0,35.0,0.88,17.9,0,Minor (< 1h)
SH-4094,Chennai,Coimbatore,ROAD,CARRIER-A,RT-MAA-CJB-01,1,487300.0,13437.0,18,3,10,395.7,431.7,10.5,-28.9,1.0,0.0,15.0,10.0,999.0,1.5,0.0,999.0,0,0.0,0.0,0.0,0,0.0,0.0,40.0,0.92,106.2,1,Moderate (1-3h)
SH-4141,Bengaluru,Hyderabad,ROAD,CARRIER-A,RT-BLR-HYD-01,2,1315100.0,6216.9,6,4,10,101.1,110.3,14.5,194.3,4.3,27.9,42.2,7.3,0.0,1.5,0.0,999.0,0,0.0,0.0,0.0,0,0.0,0.0,45.0,0.92,107.6,0,Moderate (1-3h)
SH-4445,Chennai,Coimbatore,MARITIME,CARRIER-D,RT-MAA-CJB-01,1,1465000.0,15119.5,0,4,10,71.4,77.9,19.1,111.8,1.0,0.0,15.0,10.0,999.0,1.5,0.0,999.0,0,7.4,27.5,0.0,0,6.8,3.29,40.0,0.88,19.3,0,Minor (< 1h)
SH-4417,Mumbai,Pune,ROAD,CARRIER-C,RT-BOM-PNQ-01,3,670900.0,14697.7,7,3,10,58.7,64.0,4.5,54.4,1.0,0.0,15.0,10.0,999.0,1.5,0.0,999.0,0,0.0,0.0,0.0,0,0.0,0.0,25.0,0.86,13.1,0,On-Time
SH-2763,Mumbai,Delhi,MARITIME,CARRIER-D,RT-BOM-DEL-01,2,121000.0,4703.2,11,3,10,383.1,417.9,48.3,86.9,1.0,0.0,15.0,10.0,999.0,1.5,0.0,999.0,0,7.7,27.9,0.0,0,0.0,0.0,110.0,0.88,7.2,0,On-Time
SH-2730,Mumbai,Delhi,MARITIME,CARRIER-D,RT-BOM-DEL-01,1,411000.0,10863.6,9,3,10,834.8,910.7,48.8,-29.6,1.0,0.0,15.0,10.0,999.0,1.5,0.0,999.0,0,7.7,27.9,0.0,0,0.0,0.0,110.0,0.88,176.9,1,Moderate (1-3h)
SH-3710,Chennai,Coimbatore,MARITIME,CARRIER-D,RT-MAA-CJB-01,4,955900.0,2114.6,6,4,10,258.4,281.9,18.1,19.2,1.0,0.0,15.0,10.0,999.0,1.5,0.0,999.0,0,7.4,27.5,0.0,0,6.8,3.29,40.0,0.88,59.6,0,Minor (< 1h)
SH-2755,Chennai,Bengaluru,AIR,CARRIER-B,RT-MAA-BLR-01,2,1156200.0,6746.0,12,4,10,50.0,54.5,5.4,158.4,1.0,0.0,15.0,10.0,999.0,1.5,0.0,999.0,0,0.0,0.0,0.0,0,0.0,0.0,35.0,0.97,26.9,0,Minor (< 1h)
SH-3016,Chennai,Bengaluru,ROAD,CARRIER-A,RT-MAA-BLR-01,1,2206000.0,14442.3,5,4,10,139.3,152.0,10.0,173.5,4.3,27.9,42.2,6.1,35.8,7.0,40.9,25.8,0,0.0,0.0,0.0,0,0.0,0.0,35.0,0.92,15.3,0,Minor (< 1h)
SH-3439,Mumbai,Delhi,ROAD,CARRIER-C,RT-BOM-DEL-01,3,1900500.0,3508.3,2,4,10,281.8,307.4,30.0,236.6,10.0,65.0,65.0,1.0,0.0,1.5,0.0,999.0,0,0.0,0.0,0.0,0,0.0,0.0,110.0,0.86,8.1,0,On-Time
SH-3542,Bengaluru,Chennai,ROAD,CARRIER-A,RT-BLR-MAA-01,2,185900.0,5474.3,8,4,10,235.1,256.5,11.0,147.2,4.3,27.9,42.2,6.1,35.8,7.3,122.5,23.4,1,0.0,0.0,0.0,0,0.0,0.0,30.0,0.92,113.4,0,Moderate (1-3h)
SH-4041,Bengaluru,Hyderabad,AIR,CARRIER-B,RT-BLR-HYD-01,2,718400.0,2961.6,5,5,10,453.9,495.2,4.7,57.8,1.0,0.0,15.0,10.0,999.0,1.5,0.0,999.0,0,0.0,0.0,0.0,0,0.0,0.0,45.0,0.97,5.1,0,On-Time
SH-2296,Chennai,Coimbatore,AIR,CARRIER-B,RT-MAA-CJB-01,4,2213000.0,17132.8,5,4,10,322.0,351.3,5.3,96.7,1.0,0.0,15.0,10.0,999.0,1.5,0.0,999.0,0,0.0,0.0,0.0,0,0.0,0.0,40.0,0.97,30.4,0,Minor (< 1h)
SH-4293,Chennai,Bengaluru,MARITIME,CARRIER-D,RT-MAA-BLR-01,3,1921400.0,15290.7,23,3,10,166.7,181.9,13.6,57.5,1.0,0.0,15.0,10.0,999.0,1.5,0.0,999.0,0,7.4,27.5,0.0,0,6.8,3.29,35.0,0.88,5.9,0,On-Time
SH-2307,Mumbai,Pune,MARITIME,CARRIER-D,RT-BOM-PNQ-01,4,2271900.0,10408.8,2,4,10,105.1,114.7,10.3,233.2,1.0,0.0,15.0,10.0,999.0,1.5,0.0,999.0,0,7.7,27.9,0.0,0,0.0,0.0,25.0,0.88,16.0,0,Minor (< 1h)
SH-2150,Bengaluru,Hyderabad,ROAD,CARRIER-A,RT-BLR-HYD-01,2,1585300.0,6007.0,10,3,10,178.5,194.7,12.0,42.7,10.0,65.0,65.0,1.0,0.0,1.5,0.0,999.0,0,0.0,0.0,0.0,0,0.0,0.0,45.0,0.92,66.6,0,Moderate (1-3h)
SH-2921,Mumbai,Delhi,AIR,CARRIER-B,RT-BOM-DEL-01,1,1024000.0,16932.8,15,4,10,1258.0,1372.4,10.1,54.9,1.0,0.0,15.0,10.0,999.0,1.5,0.0,999.0,0,0.0,0.0,0.0,0,0.0,0.0,110.0,0.97,12.0,0,On-Time
SH-4156,Chennai,Hyderabad,ROAD,CARRIER-A,RT-MAA-HYD-01,3,1221200.0,16734.7,8,4,10,447.5,488.2,15.0,177.7,3.1,20.2,37.4,7.3,0.0,7.3,122.5,23.4,1,0.0,0.0,0.0,0,0.0,0.0,55.0,0.92,5.3,0,On-Time
SH-3830,Mumbai,Delhi,AIR,CARRIER-B,RT-BOM-DEL-01,2,1251300.0,14914.6,2,4,10,284.1,309.9,10.1,-30.9,1.0,0.0,15.0,10.0,999.0,1.5,0.0,999.0,0,0.0,0.0,0.0,0,0.0,0.0,110.0,0.97,107.4,1,Moderate (1-3h)
SH-3170,Mumbai,Pune,ROAD,CARRIER-A,RT-BOM-PNQ-01,2,855700.0,11057.2,15,3,10,58.8,64.1,6.5,147.8,1.0,0.0,15.0,10.0,999.0,1.5,0.0,999.0,0,0.0,0.0,0.0,0,0.0,0.0,25.0,0.92,47.3,0,Minor (< 1h)
SH-3639,Chennai,Bengaluru,ROAD,CARRIER-A,RT-MAA-BLR-01,3,338800.0,6200.0,16,4,10,213.1,232.5,9.0,116.3,4.2,27.3,41.8,6.2,18.6,7.3,81.6,23.4,1,0.0,0.0,0.0,0,0.0,0.0,35.0,0.92,8.7,0,On-Time
SH-3319,Bengaluru,Chennai,AIR,CARRIER-B,RT-BLR-MAA-01,3,2160400.0,13664.3,21,3,10,214.4,233.9,3.4,-53.6,1.0,0.0,15.0,10.0,999.0,1.5,0.0,999.0,0,0.0,0.0,0.0,0,0.0,0.0,30.0,0.97,138.5,1,Moderate (1-3h)
SH-3883,Bengaluru,Chennai,ROAD,CARRIER-A,RT-BLR-MAA-01,3,176800.0,14011.7,19,4,10,284.9,310.8,8.5,85.6,1.0,0.0,15.0,10.0,999.0,1.5,0.0,999.0,0,0.0,0.0,0.0,0,0.0,0.0,30.0,0.92,10.4,0,On-Time
SH-3840,Chennai,Coimbatore,MARITIME,CARRIER-D,RT-MAA-CJB-01,2,1883700.0,15693.1,15,4,10,124.5,135.8,18.6,86.0,1.0,0.0,15.0,10.0,999.0,1.5,0.0,999.0,0,7.4,27.5,0.0,0,6.8,3.29,40.0,0.88,9.4,0,On-Time
SH-3289,Chennai,Bengaluru,AIR,CARRIER-B,RT-MAA-BLR-01,3,2158200.0,515.5,2,4,10,282.9,308.6,5.4,174.9,1.0,0.0,15.0,10.0,999.0,1.5,0.0,999.0,0,0.0,0.0,0.0,0,0.0,0.0,35.0,0.97,12.1,0,On-Time
SH-3906,Chennai,Coimbatore,AIR,CARRIER-B,RT-MAA-CJB-01,1,1351600.0,15279.9,9,3,10,359.3,392.0,6.3,178.1,1.0,0.0,15.0,10.0,999.0,1.5,0.0,999.0,0,0.0,0.0,0.0,0,0.0,0.0,40.0,0.97,4.4,0,On-Time
SH-2175,Mumbai,Delhi,MARITIME,CARRIER-D,RT-BOM-DEL-01,1,1657800.0,808.4,0,5,10,927.6,1011.9,49.8,45.8,1.0,0.0,15.0,10.0,999.0,1.5,0.0,999.0,0,7.0,21.7,0.0,0,0.0,0.0,110.0,0.88,165.5,0,Moderate (1-3h)
SH-4177,Bengaluru,Chennai,ROAD,CARRIER-C,RT-BLR-MAA-01,3,2136400.0,17836.1,19,3,10,257.1,280.5,9.0,119.4,1.0,0.0,15.0,10.0,999.0,1.5,0.0,999.0,0,0.0,0.0,0.0,0,0.0,0.0,30.0,0.86,1.5,0,On-Time
SH-3215,Chennai,Bengaluru,AIR,CARRIER-B,RT-MAA-BLR-01,3,1065300.0,11765.6,23,4,10,99.7,108.8,4.4,115.8,1.0,0.0,15.0,10.0,999.0,1.5,0.0,999.0,0,0.0,0.0,0.0,0,0.0,0.0,35.0,0.97,10.0,0,On-Time
SH-4003,Chennai,Bengaluru,AIR,CARRIER-B,RT-MAA-BLR-01,1,1621700.0,15154.0,11,4,10,48.7,53.1,3.4,51.7,1.0,0.0,15.0,10.0,999.0,1.5,0.0,999.0,0,0.0,0.0,0.0,0,0.0,0.0,35.0,0.97,19.5,0,Minor (< 1h)
SH-3693,Mumbai,Pune,ROAD,CARRIER-C,RT-BOM-PNQ-01,4,1263000.0,6408.0,23,4,10,107.3,117.1,5.5,117.6,1.0,0.0,15.0,10.0,999.0,1.5,0.0,999.0,0,0.0,0.0,0.0,0,0.0,0.0,25.0,0.86,5.6,0,On-Time
SH-3411,Bengaluru,Hyderabad,ROAD,CARRIER-A,RT-BLR-HYD-01,2,1013900.0,16339.0,12,4,10,441.4,481.5,14.5,237.8,4.3,27.9,42.2,7.3,0.0,1.5,0.0,999.0,0,0.0,0.0,0.0,0,0.0,0.0,45.0,0.92,5.3,0,On-Time
SH-3070,Bengaluru,Hyderabad,AIR,CARRIER-B,RT-BLR-HYD-01,2,1092300.0,10478.1,0,5,10,337.2,367.9,6.7,172.9,1.0,0.0,15.0,10.0,999.0,1.5,0.0,999.0,0,0.0,0.0,0.0,0,0.0,0.0,45.0,0.97,16.8,0,Minor (< 1h)
SH-3758,Bengaluru,Hyderabad,ROAD,CARRIER-A,RT-BLR-HYD-01,1,1437000.0,10221.5,20,3,10,338.3,369.1,12.5,12.9,1.0,0.0,15.0,10.0,999.0,1.5,0.0,999.0,0,0.0,0.0,0.0,0,0.0,0.0,45.0,0.92,127.6,1,Moderate (1-3h)
SH-3872,Chennai,Hyderabad,AIR,CARRIER-B,RT-MAA-HYD-01,1,2448600.0,13265.7,16,4,10,512.5,559.1,8.2,235.6,1.0,0.0,15.0,10.0,999.0,1.5,0.0,999.0,0,0.0,0.0,0.0,0,0.0,0.0,55.0,0.97,10.4,0,On-Time
SH-3389,Bengaluru,Hyderabad,ROAD,CARRIER-A,RT-BLR-HYD-01,2,405500.0,2928.7,13,3,10,183.2,199.9,12.0,83.0,1.0,0.0,15.0,10.0,999.0,1.5,0.0,999.0,0,0.0,0.0,0.0,0,0.0,0.0,45.0,0.92,16.4,0,Minor (< 1h)
SH-3937,Chennai,Bengaluru,ROAD,CARRIER-A,RT-MAA-BLR-01,1,483900.0,17738.1,21,3,10,283.3,309.1,11.0,194.2,1.0,0.0,15.0,10.0,999.0,1.5,0.0,999.0,0,0.0,0.0,0.0,0,0.0,0.0,35.0,0.92,62.1,0,Moderate (1-3h)
SH-4482,Chennai,Hyderabad,MARITIME,CARRIER-D,RT-MAA-HYD-01,3,1846700.0,10475.9,4,4,10,196.3,214.1,22.6,58.7,1.0,0.0,15.0,10.0,999.0,1.5,0.0,999.0,0,7.4,27.5,0.0,0,6.8,3.29,55.0,0.88,3.1,0,On-Time
SH-2717,Mumbai,Delhi,ROAD,CARRIER-A,RT-BOM-DEL-01,3,1697100.0,14016.3,13,4,10,267.8,292.1,27.5,-32.8,10.0,65.0,65.0,1.0,0.0,1.5,0.0,999.0,0,0.0,0.0,0.0,0,0.0,0.0,110.0,0.92,151.3,1,Moderate (1-3h)
SH-3514,Bengaluru,Chennai,ROAD,CARRIER-A,RT-BLR-MAA-01,3,2153600.0,11077.0,2,5,10,135.3,147.6,8.5,85.6,6.0,39.0,49.0,6.5,0.0,7.0,92.4,21.8,0,0.0,0.0,0.0,0,0.0,0.0,30.0,0.92,10.4,0,On-Time
SH-2004,Mumbai,Delhi,ROAD,CARRIER-A,RT-BOM-DEL-01,2,2089000.0,14524.8,12,3,10,781.4,852.4,28.0,118.1,10.0,65.0,65.0,1.0,0.0,1.5,0.0,999.0,0,0.0,0.0,0.0,0,0.0,0.0,110.0,0.92,4.5,0,On-Time
SH-2971,Mumbai,Pune,AIR,CARRIER-B,RT-BOM-PNQ-01,2,458100.0,5361.3,19,4,10,56.7,61.9,6.0,185.9,1.0,0.0,15.0,10.0,999.0,1.5,0.0,999.0,0,0.0,0.0,0.0,0,0.0,0.0,25.0,0.97,97.9,0,Moderate (1-3h)
SH-2106,Bengaluru,Hyderabad,MARITIME,CARRIER-D,RT-BLR-HYD-01,3,835800.0,6354.0,2,5,10,254.0,277.1,20.4,87.2,1.0,0.0,15.0,10.0,999.0,1.5,0.0,999.0,0,0.0,0.0,0.0,0,0.0,0.0,45.0,0.88,6.6,0,On-Time
SH-2767,Chennai,Bengaluru,ROAD,CARRIER-A,RT-MAA-BLR-01,1,441800.0,7183.1,5,4,10,198.9,217.0,8.0,-3.8,4.2,27.3,41.8,6.2,13.2,7.0,40.9,25.8,0,0.0,0.0,0.0,0,0.0,0.0,35.0,0.92,112.3,1,Moderate (1-3h)
SH-2599,Chennai,Coimbatore,ROAD,CARRIER-C,RT-MAA-CJB-01,4,2300000.0,574.6,7,3,10,200.4,218.6,13.5,239.5,3.5,22.8,39.0,6.8,0.0,7.2,150.6,18.7,0,0.0,0.0,0.0,0,0.0,0.0,40.0,0.86,1.1,0,On-Time
SH-3295,Chennai,Bengaluru,AIR,CARRIER-B,RT-MAA-BLR-01,3,2227000.0,16955.6,16,3,10,218.8,238.7,3.9,89.9,1.0,0.0,15.0,10.0,999.0,1.5,0.0,999.0,0,0.0,0.0,0.0,0,0.0,0.0,35.0,0.97,0.3,0,On-Time
SH-4485,Bengaluru,Hyderabad,ROAD,CARRIER-A,RT-BLR-HYD-01,2,1245000.0,9130.7,4,5,10,509.1,555.4,14.5,191.5,3.9,25.3,40.6,6.5,0.0,1.5,0.0,999.0,0,0.0,0.0,0.0,0,0.0,0.0,45.0,0.92,62.7,0,Moderate (1-3h)
SH-2624,Bengaluru,Hyderabad,MARITIME,CARRIER-D,RT-BLR-HYD-01,4,768200.0,2341.6,14,4,10,93.7,102.2,21.9,164.9,1.0,0.0,15.0,10.0,999.0,1.5,0.0,999.0,0,0.0,0.0,0.0,0,0.0,0.0,45.0,0.88,20.0,0,Minor (< 1h)
SH-3451,Bengaluru,Chennai,ROAD,CARRIER-C,RT-BLR-MAA-01,3,1486100.0,11484.2,13,4,10,237.1,258.7,9.0,115.9,4.3,27.9,42.2,6.1,35.8,7.3,81.6,23.4,1,0.0,0.0,0.0,0,0.0,0.0,30.0,0.86,9.6,0,On-Time
SH-3025,Chennai,Coimbatore,AIR,CARRIER-B,RT-MAA-CJB-01,2,732700.0,15087.8,22,4,10,260.4,284.1,6.3,149.9,1.0,0.0,15.0,10.0,999.0,1.5,0.0,999.0,0,0.0,0.0,0.0,0,0.0,0.0,40.0,0.97,39.8,0,Minor (< 1h)
SH-2250,Mumbai,Delhi,MARITIME,CARRIER-D,RT-BOM-DEL-01,2,396200.0,4951.4,10,3,10,434.7,474.2,48.3,88.0,1.0,0.0,15.0,10.0,999.0,1.5,0.0,999.0,0,7.7,27.9,0.0,0,0.0,0.0,110.0,0.88,4.7,0,On-Time
SH-3762,Bengaluru,Chennai,AIR,CARRIER-B,RT-BLR-MAA-01,2,1526300.0,14102.3,4,4,10,95.0,103.6,6.4,220.9,1.0,0.0,15.0,10.0,999.0,1.5,0.0,999.0,0,0.0,0.0,0.0,0,0.0,0.0,30.0,0.97,45.0,0,Minor (< 1h)
SH-3006,Bengaluru,Hyderabad,ROAD,CARRIER-A,RT-BLR-HYD-01,3,1817300.0,9381.7,20,4,10,286.2,312.2,14.5,155.5,3.9,25.3,40.6,6.5,0.0,1.5,0.0,999.0,0,0.0,0.0,0.0,0,0.0,0.0,45.0,0.92,161.6,0,Moderate (1-3h)
SH-2030,Chennai,Coimbatore,MARITIME,CARRIER-D,RT-MAA-CJB-01,3,867400.0,16190.9,5,4,10,407.2,444.2,21.1,167.0,1.0,0.0,15.0,10.0,999.0,1.5,0.0,999.0,0,7.4,27.5,0.0,0,6.8,3.29,40.0,0.88,95.2,0,Moderate (1-3h)
SH-3038,Mumbai,Delhi,AIR,CARRIER-B,RT-BOM-DEL-01,4,818800.0,15294.8,17,4,10,1046.1,1141.2,12.1,172.2,1.0,0.0,15.0,10.0,999.0,1.5,0.0,999.0,0,0.0,0.0,0.0,0,0.0,0.0,110.0,0.97,18.4,0,Minor (< 1h)
SH-3121,Bengaluru,Chennai,MARITIME,CARRIER-D,RT-BLR-MAA-01,1,613500.0,14343.9,3,5,10,308.6,336.7,14.6,65.5,1.0,0.0,15.0,10.0,999.0,1.5,0.0,999.0,0,7.4,22.8,0.0,0,0.0,0.0,30.0,0.88,110.2,0,Moderate (1-3h)
SH-2587,Mumbai,Pune,ROAD,CARRIER-C,RT-BOM-PNQ-01,2,2494500.0,5844.9,7,4,10,52.2,56.9,5.5,-20.7,10.0,65.0,65.0,1.0,0.0,1.5,0.0,999.0,0,0.0,0.0,0.0,0,0.0,0.0,25.0,0.86,174.5,1,Moderate (1-3h)
SH-2218,Chennai,Coimbatore,MARITIME,CARRIER-D,RT-MAA-CJB-01,4,1016300.0,10265.3,13,4,10,125.7,137.1,18.1,51.6,1.0,0.0,15.0,10.0,999.0,1.5,0.0,999.0,0,7.4,27.5,0.0,0,6.8,3.29,40.0,0.88,19.9,0,Minor (< 1h)
SH-4391,Bengaluru,Chennai,ROAD,CARRIER-C,RT-BLR-MAA-01,4,805200.0,13091.4,9,3,10,270.1,294.7,10.0,85.2,3.5,22.8,39.0,6.8,0.0,7.2,150.6,18.7,0,0.0,0.0,0.0,0,0.0,0.0,30.0,0.86,121.2,0,Moderate (1-3h)
SH-3011,Bengaluru,Chennai,ROAD,CARRIER-A,RT-BLR-MAA-01,2,1589300.0,3794.1,17,4,10,163.8,178.7,10.0,157.7,4.2,27.3,41.8,6.2,19.1,7.3,81.6,23.4,1,0.0,0.0,0.0,0,0.0,0.0,30.0,0.92,35.7,0,Minor (< 1h)
SH-2140,Chennai,Bengaluru,AIR,CARRIER-B,RT-MAA-BLR-01,3,1663300.0,14966.8,19,4,10,227.3,248.0,4.4,111.7,1.0,0.0,15.0,10.0,999.0,1.5,0.0,999.0,0,0.0,0.0,0.0,0,0.0,0.0,35.0,0.97,19.6,0,Minor (< 1h)
SH-3702,Mumbai,Pune,ROAD,CARRIER-C,RT-BOM-PNQ-01,1,1371900.0,11759.3,19,4,10,15.9,30.0,7.5,179.8,1.0,0.0,15.0,10.0,999.0,1.5,0.0,999.0,0,0.0,0.0,0.0,0,0.0,0.0,25.0,0.86,74.5,0,Moderate (1-3h)
SH-3491,Chennai,Coimbatore,ROAD,CARRIER-C,RT-MAA-CJB-01,4,1031400.0,14186.0,12,3,10,332.2,362.4,13.5,227.8,1.0,0.0,15.0,10.0,999.0,6.4,110.3,18.7,0,0.0,0.0,0.0,0,0.0,0.0,40.0,0.86,28.6,0,Minor (< 1h)
SH-2144,Mumbai,Pune,MARITIME,CARRIER-D,RT-BOM-PNQ-01,3,1595700.0,15902.7,21,3,10,120.6,131.6,7.3,-127.1,1.0,0.0,15.0,10.0,999.0,1.5,0.0,999.0,0,7.7,27.9,0.0,0,0.0,0.0,25.0,0.88,228.0,1,Major (> 3h)
SH-2664,Chennai,Coimbatore,ROAD,CARRIER-C,RT-MAA-CJB-01,2,254600.0,15100.6,4,5,10,226.4,247.0,12.5,174.2,8.2,53.3,57.8,2.6,37.7,7.0,70.1,21.8,0,0.0,0.0,0.0,0,0.0,0.0,40.0,0.86,12.7,0,On-Time
SH-2394,Chennai,Hyderabad,AIR,CARRIER-B,RT-MAA-HYD-01,1,1727200.0,8941.3,5,5,10,129.5,141.3,5.7,85.0,1.0,0.0,15.0,10.0,999.0,1.5,0.0,999.0,0,0.0,0.0,0.0,0,0.0,0.0,55.0,0.97,11.7,0,On-Time
SH-2509,Chennai,Bengaluru,ROAD,CARRIER-C,RT-MAA-BLR-01,3,414400.0,8387.1,18,3,10,272.9,297.7,8.0,23.0,1.0,0.0,15.0,10.0,999.0,1.5,0.0,999.0,0,0.0,0.0,0.0,0,0.0,0.0,35.0,0.86,49.6,0,Minor (< 1h)
SH-4492,Chennai,Hyderabad,AIR,CARRIER-B,RT-MAA-HYD-01,3,1473800.0,16240.5,10,3,10,74.5,81.3,5.2,53.5,1.0,0.0,15.0,10.0,999.0,1.5,0.0,999.0,0,0.0,0.0,0.0,0,0.0,0.0,55.0,0.97,15.3,0,Minor (< 1h)
SH-2791,Chennai,Coimbatore,MARITIME,CARRIER-D,RT-MAA-CJB-01,2,897500.0,13142.8,12,3,10,197.0,214.9,18.1,59.2,1.0,0.0,15.0,10.0,999.0,1.5,0.0,999.0,0,7.4,27.5,0.0,0,6.8,3.29,40.0,0.88,1.9,0,On-Time
SH-4448,Chennai,Coimbatore,ROAD,CARRIER-C,RT-MAA-CJB-01,2,1071000.0,7070.0,23,3,10,125.7,137.1,11.0,89.2,1.0,0.0,15.0,10.0,999.0,7.0,40.9,25.8,0,0.0,0.0,0.0,0,0.0,0.0,40.0,0.86,1.8,0,On-Time
SH-4055,Chennai,Hyderabad,MARITIME,CARRIER-D,RT-MAA-HYD-01,3,589800.0,2926.2,21,4,10,488.5,532.9,23.1,85.3,1.0,0.0,15.0,10.0,999.0,1.5,0.0,999.0,0,7.4,27.5,0.0,0,0.0,0.0,55.0,0.88,10.9,0,On-Time
SH-4431,Chennai,Coimbatore,ROAD,CARRIER-A,RT-MAA-CJB-01,4,2197800.0,15625.2,3,4,10,65.8,71.8,11.0,26.6,3.1,20.2,37.4,7.2,37.7,7.3,122.5,23.4,1,0.0,0.0,0.0,0,0.0,0.0,40.0,0.92,84.4,0,Moderate (1-3h)
SH-3608,Mumbai,Pune,ROAD,CARRIER-A,RT-BOM-PNQ-01,4,1927200.0,15454.5,4,4,10,114.4,124.8,4.5,38.0,1.0,0.0,15.0,10.0,999.0,1.5,0.0,999.0,0,0.0,0.0,0.0,0,0.0,0.0,25.0,0.92,51.8,0,Minor (< 1h)
SH-3483,Mumbai,Pune,ROAD,CARRIER-A,RT-BOM-PNQ-01,1,2171000.0,7257.7,11,3,10,31.2,34.0,7.5,237.0,1.0,0.0,15.0,10.0,999.0,1.5,0.0,999.0,0,0.0,0.0,0.0,0,0.0,0.0,25.0,0.92,7.2,0,On-Time
SH-2444,Mumbai,Pune,MARITIME,CARRIER-D,RT-BOM-PNQ-01,4,1426600.0,7100.7,16,3,10,106.4,116.1,10.3,150.4,1.0,0.0,15.0,10.0,999.0,1.5,0.0,999.0,0,7.7,27.9,0.0,0,0.0,0.0,25.0,0.88,113.3,0,Moderate (1-3h)
SH-4172,Chennai,Coimbatore,AIR,CARRIER-B,RT-MAA-CJB-01,1,1530700.0,16284.9,8,4,10,101.1,110.3,4.8,82.2,1.0,0.0,15.0,10.0,999.0,1.5,0.0,999.0,0,0.0,0.0,0.0,0,0.0,0.0,40.0,0.97,18.4,0,Minor (< 1h)
SH-2798,Chennai,Hyderabad,AIR,CARRIER-B,RT-MAA-HYD-01,2,1044800.0,10404.9,4,5,10,511.9,558.4,5.2,55.5,1.0,0.0,15.0,10.0,999.0,1.5,0.0,999.0,0,0.0,0.0,0.0,0,0.0,0.0,55.0,0.97,10.7,0,On-Time
SH-4404,Chennai,Hyderabad,MARITIME,CARRIER-D,RT-MAA-HYD-01,4,165800.0,1621.5,8,3,10,145.5,158.7,23.1,13.9,1.0,0.0,15.0,10.0,999.0,1.5,0.0,999.0,0,7.4,27.5,0.0,0,6.8,3.29,55.0,0.88,94.4,1,Moderate (1-3h)
SH-3852,Mumbai,Delhi,AIR,CARRIER-B,RT-BOM-DEL-01,1,814100.0,11368.9,8,3,10,592.7,646.6,10.6,85.0,1.0,0.0,15.0,10.0,999.0,1.5,0.0,999.0,0,0.0,0.0,0.0,0,0.0,0.0,110.0,0.97,11.8,0,On-Time
SH-2792,Chennai,Hyderabad,ROAD,CARRIER-C,RT-MAA-HYD-01,3,2454400.0,6722.0,7,4,10,474.9,518.1,16.0,223.8,3.1,20.2,37.4,7.3,0.0,7.3,122.5,23.4,1,0.0,0.0,0.0,0,0.0,0.0,55.0,0.86,38.1,0,Minor (< 1h)
SH-3129,Chennai,Bengaluru,ROAD,CARRIER-C,RT-MAA-BLR-01,2,462900.0,10464.5,8,4,10,157.8,172.1,11.0,234.6,4.3,27.9,42.2,6.1,35.8,7.3,122.5,23.4,1,0.0,0.0,0.0,0,0.0,0.0,35.0,0.86,12.6,0,On-Time
SH-3001,Mumbai,Pune,ROAD,CARRIER-A,RT-BOM-PNQ-01,3,1779200.0,2049.7,1,4,10,130.6,142.5,5.0,88.3,1.0,0.0,15.0,10.0,999.0,1.5,0.0,999.0,0,0.0,0.0,0.0,0,0.0,0.0,25.0,0.92,3.9,0,On-Time
SH-2567,Chennai,Coimbatore,ROAD,CARRIER-C,RT-MAA-CJB-01,2,206200.0,3938.1,1,4,10,282.6,308.3,12.5,165.6,1.0,0.0,15.0,10.0,999.0,7.0,40.9,25.8,0,0.0,0.0,0.0,0,0.0,0.0,40.0,0.86,26.3,0,Minor (< 1h)
SH-3892,Chennai,Coimbatore,ROAD,CARRIER-A,RT-MAA-CJB-01,2,655200.0,15006.0,8,4,10,427.8,466.7,10.5,45.7,3.1,20.2,37.4,7.2,29.6,7.3,122.5,23.4,1,0.0,0.0,0.0,0,0.0,0.0,40.0,0.92,33.7,0,Minor (< 1h)
SH-3898,Bengaluru,Chennai,ROAD,CARRIER-C,RT-BLR-MAA-01,2,1759800.0,6071.9,18,4,10,303.9,331.5,9.0,89.2,1.0,0.0,15.0,10.0,999.0,1.5,0.0,999.0,0,0.0,0.0,0.0,0,0.0,0.0,30.0,0.86,37.8,0,Minor (< 1h)
SH-3141,Bengaluru,Hyderabad,ROAD,CARRIER-C,RT-BLR-HYD-01,2,1419700.0,6136.6,13,3,10,294.6,321.4,12.5,61.2,1.0,0.0,15.0,10.0,999.0,1.5,0.0,999.0,0,0.0,0.0,0.0,0,0.0,0.0,45.0,0.86,78.1,0,Moderate (1-3h)
SH-4128,Chennai,Bengaluru,AIR,CARRIER-B,RT-MAA-BLR-01,2,1474500.0,2597.9,1,5,10,276.6,301.7,5.4,169.7,1.0,0.0,15.0,10.0,999.0,1.5,0.0,999.0,0,0.0,0.0,0.0,0,0.0,0.0,35.0,0.97,24.3,0,Minor (< 1h)
SH-2869,Chennai,Coimbatore,MARITIME,CARRIER-D,RT-MAA-CJB-01,2,2087000.0,5979.3,22,4,10,376.9,411.2,18.6,85.6,1.0,0.0,15.0,10.0,999.0,1.5,0.0,999.0,0,7.4,27.5,0.0,0,0.0,0.0,40.0,0.88,10.4,0,On-Time
SH-2354,Mumbai,Delhi,ROAD,CARRIER-C,RT-BOM-DEL-01,3,2493400.0,6435.3,20,4,10,672.5,733.6,27.0,56.2,3.1,20.2,37.4,7.2,0.0,1.5,0.0,999.0,0,0.0,0.0,0.0,0,0.0,0.0,110.0,0.86,8.9,0,On-Time
SH-4309,Bengaluru,Hyderabad,AIR,CARRIER-B,RT-BLR-HYD-01,2,514800.0,1492.5,7,4,10,274.6,299.6,4.7,53.0,1.0,0.0,15.0,10.0,999.0,1.5,0.0,999.0,0,0.0,0.0,0.0,0,0.0,0.0,45.0,0.97,16.4,0,Minor (< 1h)
SH-2198,Chennai,Bengaluru,ROAD,CARRIER-A,RT-MAA-BLR-01,1,1745000.0,11443.0,2,5,10,283.7,309.5,10.0,174.7,6.0,39.0,49.0,6.5,0.0,7.0,92.4,21.8,0,0.0,0.0,0.0,0,0.0,0.0,35.0,0.92,12.5,0,On-Time
SH-4346,Mumbai,Delhi,MARITIME,CARRIER-D,RT-BOM-DEL-01,2,390000.0,13604.0,3,5,10,644.7,703.3,48.8,114.1,1.0,0.0,15.0,10.0,999.0,1.5,0.0,999.0,0,7.0,21.7,0.0,0,0.0,0.0,110.0,0.88,13.8,0,On-Time
SH-3157,Mumbai,Pune,AIR,CARRIER-B,RT-BOM-PNQ-01,1,256600.0,9046.6,9,4,10,89.9,98.1,5.0,179.1,1.0,0.0,15.0,10.0,999.0,1.5,0.0,999.0,0,0.0,0.0,0.0,0,0.0,0.0,25.0,0.97,2.2,0,On-Time
SH-3469,Chennai,Bengaluru,AIR,CARRIER-B,RT-MAA-BLR-01,1,1935200.0,7849.4,12,3,10,262.3,286.1,3.4,51.8,1.0,0.0,15.0,10.0,999.0,1.5,0.0,999.0,0,0.0,0.0,0.0,0,0.0,0.0,35.0,0.97,19.3,0,Minor (< 1h)
SH-4311,Bengaluru,Hyderabad,AIR,CARRIER-B,RT-BLR-HYD-01,3,1439700.0,2782.6,12,3,10,165.7,180.8,4.7,59.4,1.0,0.0,15.0,10.0,999.0,1.5,0.0,999.0,0,0.0,0.0,0.0,0,0.0,0.0,45.0,0.97,1.4,0,On-Time
SH-2239,Bengaluru,Hyderabad,ROAD,CARRIER-A,RT-BLR-HYD-01,3,1079200.0,7034.3,12,3,10,234.7,256.0,12.5,17.1,1.0,0.0,15.0,10.0,999.0,1.5,0.0,999.0,0,0.0,0.0,0.0,0,0.0,0.0,45.0,0.92,139.0,1,Moderate (1-3h)
SH-4287,Chennai,Hyderabad,ROAD,CARRIER-A,RT-MAA-HYD-01,4,996700.0,16968.8,4,5,10,164.3,179.2,13.0,57.0,10.0,65.0,65.0,1.0,0.0,7.0,70.1,21.8,0,0.0,0.0,0.0,0,0.0,0.0,55.0,0.92,7.1,0,On-Time
SH-4304,Mumbai,Pune,MARITIME,CARRIER-D,RT-BOM-PNQ-01,2,678500.0,11764.8,11,3,10,27.5,30.0,9.3,147.9,1.0,0.0,15.0,10.0,999.0,1.5,0.0,999.0,0,5.7,17.3,0.0,0,0.0,0.0,25.0,0.88,60.3,0,Moderate (1-3h)
SH-4205,Chennai,Bengaluru,MARITIME,CARRIER-D,RT-MAA-BLR-01,2,2388800.0,12812.3,20,3,10,219.8,239.8,15.6,163.9,1.0,0.0,15.0,10.0,999.0,1.5,0.0,999.0,0,7.4,27.5,0.0,0,6.8,3.29,35.0,0.88,23.2,0,Minor (< 1h)
SH-4268,Chennai,Hyderabad,ROAD,CARRIER-A,RT-MAA-HYD-01,2,526300.0,14833.7,16,4,10,374.5,408.5,15.0,179.8,3.1,20.2,37.4,7.3,0.0,7.3,81.6,23.4,1,0.0,0.0,0.0,0,0.0,0.0,55.0,0.92,0.5,0,On-Time
SH-2572,Mumbai,Pune,ROAD,CARRIER-A,RT-BOM-PNQ-01,3,1800000.0,12932.5,18,3,10,63.4,69.2,5.5,115.8,1.0,0.0,15.0,10.0,999.0,1.5,0.0,999.0,0,0.0,0.0,0.0,0,0.0,0.0,25.0,0.92,9.9,0,On-Time
SH-4084,Bengaluru,Hyderabad,AIR,CARRIER-B,RT-BLR-HYD-01,2,1104800.0,8399.9,5,5,10,472.4,515.3,7.7,236.0,1.0,0.0,15.0,10.0,999.0,1.5,0.0,999.0,0,0.0,0.0,0.0,0,0.0,0.0,45.0,0.97,9.5,0,On-Time
SH-2082,Bengaluru,Hyderabad,ROAD,CARRIER-C,RT-BLR-HYD-01,4,831900.0,13126.0,6,3,10,304.0,331.6,14.5,198.1,10.0,65.0,65.0,1.0,0.0,1.5,0.0,999.0,0,0.0,0.0,0.0,0,0.0,0.0,45.0,0.86,52.1,0,Minor (< 1h)
SH-3165,Bengaluru,Chennai,MARITIME,CARRIER-D,RT-BLR-MAA-01,2,248200.0,8873.9,18,3,10,175.3,191.2,16.6,235.3,1.0,0.0,15.0,10.0,999.0,1.5,0.0,999.0,0,7.4,27.5,0.0,0,6.8,3.29,30.0,0.88,11.1,0,On-Time
SH-2712,Chennai,Hyderabad,ROAD,CARRIER-C,RT-MAA-HYD-01,3,1730700.0,3369.1,2,4,10,485.2,529.3,15.0,0.9,3.1,20.2,37.4,7.3,0.0,7.3,122.5,23.4,1,0.0,0.0,0.0,0,0.0,0.0,55.0,0.86,217.4,1,Major (> 3h)
SH-3635,Mumbai,Delhi,ROAD,CARRIER-C,RT-BOM-DEL-01,3,1698600.0,9585.4,19,3,10,335.0,365.5,29.0,166.8,10.0,65.0,65.0,1.0,0.0,1.5,0.0,999.0,0,0.0,0.0,0.0,0,0.0,0.0,110.0,0.86,30.9,0,Minor (< 1h)
SH-2654,Bengaluru,Hyderabad,ROAD,CARRIER-C,RT-BLR-HYD-01,4,2451900.0,15950.3,21,4,10,448.7,489.5,14.5,236.9,3.9,25.3,40.6,6.5,0.0,1.5,0.0,999.0,0,0.0,0.0,0.0,0,0.0,0.0,45.0,0.86,7.2,0,On-Time
SH-3004,Chennai,Coimbatore,AIR,CARRIER-B,RT-MAA-CJB-01,1,408000.0,4760.5,6,3,10,190.3,207.6,4.8,78.3,1.0,0.0,15.0,10.0,999.0,1.5,0.0,999.0,0,0.0,0.0,0.0,0,0.0,0.0,40.0,0.97,15.6,0,Minor (< 1h)
SH-3203,Mumbai,Delhi,MARITIME,CARRIER-D,RT-BOM-DEL-01,3,1814500.0,11807.6,21,4,10,644.5,703.1,50.8,219.4,1.0,0.0,15.0,10.0,999.0,1.5,0.0,999.0,0,7.7,27.9,0.0,0,0.0,0.0,110.0,0.88,48.5,0,Minor (< 1h)
SH-2448,Bengaluru,Chennai,ROAD,CARRIER-C,RT-BLR-MAA-01,2,366500.0,14651.4,23,3,10,108.6,118.5,8.5,63.8,1.0,0.0,15.0,10.0,999.0,1.5,0.0,999.0,0,0.0,0.0,0.0,0,0.0,0.0,30.0,0.86,37.4,0,Minor (< 1h)
SH-4390,Bengaluru,Hyderabad,MARITIME,CARRIER-D,RT-BLR-HYD-01,1,2229700.0,2826.6,10,4,10,149.5,163.1,20.4,48.4,1.0,0.0,15.0,10.0,999.0,1.5,0.0,999.0,0,0.0,0.0,0.0,0,0.0,0.0,45.0,0.88,98.0,1,Moderate (1-3h)
SH-4427,Mumbai,Delhi,MARITIME,CARRIER-D,RT-BOM-DEL-01,3,204000.0,3775.0,11,4,10,1074.5,1172.2,49.8,179.3,1.0,0.0,15.0,10.0,999.0,1.5,0.0,999.0,0,7.7,27.9,0.0,0,0.0,0.0,110.0,0.88,1.7,0,On-Time
SH-2853,Chennai,Hyderabad,ROAD,CARRIER-A,RT-MAA-HYD-01,3,1950800.0,10265.7,16,3,10,69.4,75.7,13.0,9.8,1.0,0.0,15.0,10.0,999.0,6.4,110.3,18.7,0,0.0,0.0,0.0,0,0.0,0.0,55.0,0.92,63.4,1,Moderate (1-3h)
SH-3254,Chennai,Coimbatore,MARITIME,CARRIER-D,RT-MAA-CJB-01,2,2344200.0,2971.4,14,3,10,127.8,139.4,19.1,54.3,1.0,0.0,15.0,10.0,999.0,1.5,0.0,999.0,0,7.4,27.5,0.0,0,6.8,3.29,40.0,0.88,86.0,0,Moderate (1-3h)
SH-3020,Chennai,Bengaluru,MARITIME,CARRIER-D,RT-MAA-BLR-01,2,1320800.0,13795.3,21,3,10,148.9,162.4,14.1,86.8,1.0,0.0,15.0,10.0,999.0,1.5,0.0,999.0,0,7.4,27.5,0.0,0,6.8,3.29,35.0,0.88,7.6,0,On-Time
SH-2813,Bengaluru,Chennai,ROAD,CARRIER-A,RT-BLR-MAA-01,1,1633800.0,6356.5,15,3,10,262.1,285.9,10.0,173.0,1.0,0.0,15.0,10.0,999.0,6.4,110.3,18.7,0,0.0,0.0,0.0,0,0.0,0.0,30.0,0.92,16.6,0,Minor (< 1h)
SH-3352,Chennai,Coimbatore,MARITIME,CARRIER-D,RT-MAA-CJB-01,2,2036800.0,14865.5,16,3,10,120.3,131.2,21.1,235.6,1.0,0.0,15.0,10.0,999.0,1.5,0.0,999.0,0,7.4,27.5,0.0,0,6.8,3.29,40.0,0.88,10.3,0,On-Time
SH-2659,Bengaluru,Chennai,MARITIME,CARRIER-D,RT-BLR-MAA-01,4,2105300.0,17258.7,6,4,10,134.7,146.9,14.1,28.7,1.0,0.0,15.0,10.0,999.0,1.5,0.0,999.0,0,7.4,27.5,0.0,0,6.8,3.29,30.0,0.88,73.0,0,Moderate (1-3h)
SH-2598,Chennai,Coimbatore,ROAD,CARRIER-C,RT-MAA-CJB-01,1,2215800.0,14914.7,7,4,10,237.3,258.9,11.0,60.6,3.1,20.2,37.4,7.2,37.7,7.3,122.5,23.4,1,0.0,0.0,0.0,0,0.0,0.0,40.0,0.86,43.1,0,Minor (< 1h)
SH-2489,Chennai,Hyderabad,AIR,CARRIER-B,RT-MAA-HYD-01,3,952500.0,11806.5,13,4,10,492.5,537.3,7.2,139.7,1.0,0.0,15.0,10.0,999.0,1.5,0.0,999.0,0,0.0,0.0,0.0,0,0.0,0.0,55.0,0.97,54.3,0,Minor (< 1h)
SH-2747,Chennai,Hyderabad,MARITIME,CARRIER-D,RT-MAA-HYD-01,3,2487600.0,792.4,0,4,10,170.5,186.0,22.6,42.3,1.0,0.0,15.0,10.0,999.0,1.5,0.0,999.0,0,7.4,27.5,0.0,0,6.8,3.29,55.0,0.88,41.7,0,Minor (< 1h)
SH-2223,Chennai,Hyderabad,ROAD,CARRIER-C,RT-MAA-HYD-01,2,391800.0,15518.0,4,4,10,243.0,265.1,13.5,88.0,3.1,20.2,37.4,7.3,0.0,7.3,122.5,23.4,1,0.0,0.0,0.0,0,0.0,0.0,55.0,0.86,4.6,0,On-Time
SH-3067,Mumbai,Delhi,MARITIME,CARRIER-D,RT-BOM-DEL-01,3,543500.0,1197.8,22,4,10,405.5,442.4,48.3,75.1,1.0,0.0,15.0,10.0,999.0,1.5,0.0,999.0,0,7.7,27.9,0.0,0,0.0,0.0,110.0,0.88,35.1,0,Minor (< 1h)
SH-3397,Chennai,Bengaluru,ROAD,CARRIER-C,RT-MAA-BLR-01,1,161700.0,14419.3,21,4,10,126.9,138.4,11.0,188.0,1.0,0.0,15.0,10.0,999.0,1.5,0.0,999.0,0,0.0,0.0,0.0,0,0.0,0.0,35.0,0.86,122.2,0,Moderate (1-3h)
SH-2773,Mumbai,Delhi,ROAD,CARRIER-A,RT-BOM-DEL-01,3,2226800.0,1698.4,19,3,10,411.2,448.6,28.0,96.1,10.0,65.0,65.0,1.0,0.0,1.5,0.0,999.0,0,0.0,0.0,0.0,0,0.0,0.0,110.0,0.92,34.4,0,Minor (< 1h)
SH-3984,Chennai,Bengaluru,ROAD,CARRIER-A,RT-MAA-BLR-01,4,99000.0,15866.2,10,3,10,231.6,252.7,8.0,-13.9,3.5,22.8,39.0,6.8,0.0,7.2,150.6,18.7,0,0.0,0.0,0.0,0,0.0,0.0,35.0,0.92,105.1,1,Moderate (1-3h)
SH-4168,Chennai,Bengaluru,AIR,CARRIER-B,RT-MAA-BLR-01,3,2377300.0,15968.8,17,3,10,72.0,78.5,6.4,232.2,1.0,0.0,15.0,10.0,999.0,1.5,0.0,999.0,0,0.0,0.0,0.0,0,0.0,0.0,35.0,0.97,18.4,0,Minor (< 1h)
SH-3617,Chennai,Hyderabad,MARITIME,CARRIER-D,RT-MAA-HYD-01,3,460400.0,11108.6,20,3,10,410.0,447.3,23.1,89.6,1.0,0.0,15.0,10.0,999.0,1.5,0.0,999.0,0,7.4,27.5,0.0,0,6.8,3.29,55.0,0.88,0.8,0,On-Time
SH-2877,Chennai,Coimbatore,AIR,CARRIER-B,RT-MAA-CJB-01,3,596600.0,11291.6,15,4,10,401.2,437.7,4.3,56.1,1.0,0.0,15.0,10.0,999.0,1.5,0.0,999.0,0,0.0,0.0,0.0,0,0.0,0.0,40.0,0.97,9.1,0,On-Time
SH-4180,Chennai,Coimbatore,MARITIME,CARRIER-D,RT-MAA-CJB-01,3,813500.0,6304.2,19,4,10,172.3,188.0,21.1,230.2,1.0,0.0,15.0,10.0,999.0,1.5,0.0,999.0,0,7.4,27.5,0.0,0,0.0,0.0,40.0,0.88,23.0,0,Minor (< 1h)
SH-3907,Chennai,Bengaluru,ROAD,CARRIER-C,RT-MAA-BLR-01,2,1116500.0,14960.9,5,4,10,197.8,215.8,11.0,231.9,4.2,27.3,41.8,6.2,13.2,7.0,40.9,25.8,0,0.0,0.0,0.0,0,0.0,0.0,35.0,0.86,18.9,0,Minor (< 1h)
SH-3205,Chennai,Coimbatore,ROAD,CARRIER-A,RT-MAA-CJB-01,3,1305600.0,474.4,11,3,10,352.9,385.0,11.0,87.2,3.5,22.8,39.0,6.8,0.0,7.2,150.6,18.7,0,0.0,0.0,0.0,0,0.0,0.0,40.0,0.92,6.6,0,On-Time
SH-3338,Bengaluru,Chennai,MARITIME,CARRIER-D,RT-BLR-MAA-01,3,1062300.0,6187.7,15,4,10,287.8,314.0,15.6,172.4,1.0,0.0,15.0,10.0,999.0,1.5,0.0,999.0,0,7.4,27.5,0.0,0,6.8,3.29,30.0,0.88,18.0,0,Minor (< 1h)
SH-2553,Chennai,Hyderabad,ROAD,CARRIER-A,RT-MAA-HYD-01,3,1581800.0,8200.3,13,3,10,251.1,273.9,13.0,57.4,1.0,0.0,15.0,10.0,999.0,6.4,110.3,18.7,0,0.0,0.0,0.0,0,0.0,0.0,55.0,0.92,6.2,0,On-Time
SH-4096,Bengaluru,Hyderabad,AIR,CARRIER-B,RT-BLR-HYD-01,4,1187200.0,12385.4,0,5,10,95.4,104.1,5.2,89.0,1.0,0.0,15.0,10.0,999.0,1.5,0.0,999.0,0,0.0,0.0,0.0,0,0.0,0.0,45.0,0.97,2.3,0,On-Time
SH-2376,Bengaluru,Hyderabad,ROAD,CARRIER-C,RT-BLR-HYD-01,1,1406700.0,10450.6,5,5,10,439.9,479.9,14.5,231.9,3.9,25.3,40.6,6.5,0.0,1.5,0.0,999.0,0,0.0,0.0,0.0,0,0.0,0.0,45.0,0.86,19.1,0,Minor (< 1h)
SH-4124,Bengaluru,Chennai,MARITIME,CARRIER-D,RT-BLR-MAA-01,1,1279500.0,754.4,4,5,10,100.8,110.0,14.1,89.1,1.0,0.0,15.0,10.0,999.0,1.5,0.0,999.0,0,7.4,22.8,0.0,0,0.0,0.0,30.0,0.88,2.2,0,On-Time
SH-3337,Bengaluru,Chennai,ROAD,CARRIER-A,RT-BLR-MAA-01,3,1198000.0,17286.2,1,4,10,196.3,214.1,11.0,222.3,1.0,0.0,15.0,10.0,999.0,7.0,40.9,25.8,0,0.0,0.0,0.0,0,0.0,0.0,30.0,0.92,41.7,0,Minor (< 1h)
SH-3560,Mumbai,Delhi,MARITIME,CARRIER-D,RT-BOM-DEL-01,2,1418500.0,13914.6,4,4,10,1265.0,1380.0,48.8,114.4,1.0,0.0,15.0,10.0,999.0,1.5,0.0,999.0,0,7.7,27.9,0.0,0,0.0,0.0,110.0,0.88,13.1,0,On-Time
SH-3677,Chennai,Bengaluru,MARITIME,CARRIER-D,RT-MAA-BLR-01,3,1957100.0,4449.1,17,3,10,229.5,250.4,13.6,53.0,1.0,0.0,15.0,10.0,999.0,1.5,0.0,999.0,0,7.4,27.5,0.0,0,6.8,3.29,35.0,0.88,16.5,0,Minor (< 1h)
SH-2810,Chennai,Coimbatore,ROAD,CARRIER-C,RT-MAA-CJB-01,2,502200.0,11582.1,22,4,10,110.9,121.0,11.5,103.3,8.2,53.3,57.8,2.6,37.7,7.0,92.4,21.8,0,0.0,0.0,0.0,0,0.0,0.0,40.0,0.86,39.3,0,Minor (< 1h)
SH-2231,Chennai,Hyderabad,ROAD,CARRIER-C,RT-MAA-HYD-01,4,1256500.0,1291.2,5,5,10,388.9,424.3,14.0,115.1,10.0,65.0,65.0,1.0,0.0,7.0,70.1,21.8,0,0.0,0.0,0.0,0,0.0,0.0,55.0,0.86,11.6,0,On-Time
SH-3029,Mumbai,Pune,AIR,CARRIER-B,RT-BOM-PNQ-01,3,164100.0,12735.7,21,4,10,88.1,96.1,3.0,17.2,1.0,0.0,15.0,10.0,999.0,1.5,0.0,999.0,0,0.0,0.0,0.0,0,0.0,0.0,25.0,0.97,59.6,0,Minor (< 1h)
SH-4234,Bengaluru,Chennai,AIR,CARRIER-B,RT-BLR-MAA-01,2,1079700.0,8129.2,20,3,10,197.1,215.0,6.4,239.2,1.0,0.0,15.0,10.0,999.0,1.5,0.0,999.0,0,0.0,0.0,0.0,0,0.0,0.0,30.0,0.97,2.0,0,On-Time
SH-4056,Bengaluru,Hyderabad,MARITIME,CARRIER-D,RT-BLR-HYD-01,3,832500.0,12717.6,14,3,10,458.5,500.2,20.4,-3.5,1.0,0.0,15.0,10.0,999.0,1.5,0.0,999.0,0,0.0,0.0,0.0,0,0.0,0.0,45.0,0.88,146.4,1,Moderate (1-3h)
SH-2697,Chennai,Hyderabad,MARITIME,CARRIER-D,RT-MAA-HYD-01,3,1970800.0,7684.2,17,3,10,554.3,604.7,22.6,55.0,1.0,0.0,15.0,10.0,999.0,1.5,0.0,999.0,0,7.4,27.5,0.0,0,6.8,3.29,55.0,0.88,11.8,0,On-Time
SH-3659,Mumbai,Delhi,ROAD,CARRIER-C,RT-BOM-DEL-01,1,2284000.0,15574.7,13,4,10,820.1,894.7,27.5,53.6,10.0,65.0,65.0,1.0,0.0,1.5,0.0,999.0,0,0.0,0.0,0.0,0,0.0,0.0,110.0,0.86,48.1,0,Minor (< 1h)
SH-2871,Bengaluru,Chennai,MARITIME,CARRIER-D,RT-BLR-MAA-01,1,1455100.0,1325.7,1,4,10,121.7,132.8,13.6,56.0,1.0,0.0,15.0,10.0,999.0,1.5,0.0,999.0,0,7.4,27.5,0.0,0,6.8,3.29,30.0,0.88,9.4,0,On-Time
SH-3239,Mumbai,Pune,MARITIME,CARRIER-D,RT-BOM-PNQ-01,1,1097900.0,11800.3,9,4,10,35.5,38.7,10.3,187.5,1.0,0.0,15.0,10.0,999.0,1.5,0.0,999.0,0,7.7,27.9,0.0,0,0.0,0.0,25.0,0.88,68.9,0,Moderate (1-3h)
SH-3977,Mumbai,Pune,MARITIME,CARRIER-D,RT-BOM-PNQ-01,2,927100.0,12379.0,6,4,10,37.9,41.3,7.3,58.2,1.0,0.0,15.0,10.0,999.0,1.5,0.0,999.0,0,7.7,27.9,0.0,0,0.0,0.0,25.0,0.88,4.2,0,On-Time
SH-4203,Bengaluru,Hyderabad,ROAD,CARRIER-C,RT-BLR-HYD-01,3,126400.0,700.6,23,3,10,144.4,157.5,14.5,167.5,1.0,0.0,15.0,10.0,999.0,1.5,0.0,999.0,0,0.0,0.0,0.0,0,0.0,0.0,45.0,0.86,91.4,0,Moderate (1-3h)
SH-3706,Chennai,Bengaluru,AIR,CARRIER-B,RT-MAA-BLR-01,3,1715400.0,10432.0,20,4,10,156.0,170.2,3.4,53.5,1.0,0.0,15.0,10.0,999.0,1.5,0.0,999.0,0,0.0,0.0,0.0,0,0.0,0.0,35.0,0.97,15.4,0,Minor (< 1h)
SH-2935,Chennai,Bengaluru,ROAD,CARRIER-A,RT-MAA-BLR-01,2,312600.0,14889.9,2,4,10,267.0,291.3,8.0,53.3,1.0,0.0,15.0,10.0,999.0,7.0,40.9,25.8,0,0.0,0.0,0.0,0,0.0,0.0,35.0,0.92,15.9,0,Minor (< 1h)
SH-2302,Chennai,Hyderabad,MARITIME,CARRIER-D,RT-MAA-HYD-01,2,1546500.0,5473.3,14,4,10,502.2,547.9,23.1,83.8,1.0,0.0,15.0,10.0,999.0,1.5,0.0,999.0,0,7.4,27.5,0.0,0,6.8,3.29,55.0,0.88,14.7,0,On-Time
SH-2885,Mumbai,Delhi,AIR,CARRIER-B,RT-BOM-DEL-01,3,1238200.0,16750.5,13,3,10,1074.8,1172.5,13.1,237.7,1.0,0.0,15.0,10.0,999.0,1.5,0.0,999.0,0,0.0,0.0,0.0,0,0.0,0.0,110.0,0.97,5.3,0,On-Time
SH-3063,Chennai,Hyderabad,MARITIME,CARRIER-D,RT-MAA-HYD-01,2,2321500.0,2922.8,3,5,10,213.2,232.6,23.1,11.7,1.0,0.0,15.0,10.0,999.0,1.5,0.0,999.0,0,7.4,22.8,0.0,0,0.0,0.0,55.0,0.88,133.2,1,Moderate (1-3h)
SH-3993,Mumbai,Pune,AIR,CARRIER-B,RT-BOM-PNQ-01,2,1610500.0,9651.7,3,4,10,104.5,114.0,3.5,38.7,1.0,0.0,15.0,10.0,999.0,1.5,0.0,999.0,0,0.0,0.0,0.0,0,0.0,0.0,25.0,0.97,69.6,0,Moderate (1-3h)
SH-2519,Mumbai,Delhi,ROAD,CARRIER-C,RT-BOM-DEL-01,2,2122600.0,17146.2,13,3,10,314.0,342.5,27.0,59.2,10.0,65.0,65.0,1.0,0.0,1.5,0.0,999.0,0,0.0,0.0,0.0,0,0.0,0.0,110.0,0.86,1.8,0,On-Time
SH-2841,Bengaluru,Hyderabad,MARITIME,CARRIER-D,RT-BLR-HYD-01,3,1918400.0,6157.8,16,4,10,182.7,199.3,21.9,153.2,1.0,0.0,15.0,10.0,999.0,1.5,0.0,999.0,0,0.0,0.0,0.0,0,0.0,0.0,45.0,0.88,38.6,0,Minor (< 1h)
SH-2940,Chennai,Bengaluru,ROAD,CARRIER-A,RT-MAA-BLR-01,3,2047900.0,16968.7,13,3,10,49.1,53.6,8.0,26.0,1.0,0.0,15.0,10.0,999.0,6.4,110.3,18.7,0,0.0,0.0,0.0,0,0.0,0.0,35.0,0.92,80.0,1,Moderate (1-3h)
SH-3790,Bengaluru,Chennai,MARITIME,CARRIER-D,RT-BLR-MAA-01,3,2479700.0,7781.6,22,4,10,50.5,55.1,16.6,227.4,1.0,0.0,15.0,10.0,999.0,1.5,0.0,999.0,0,7.4,27.5,0.0,0,0.0,0.0,30.0,0.88,29.6,0,Minor (< 1h)
SH-3914,Chennai,Bengaluru,ROAD,CARRIER-A,RT-MAA-BLR-01,2,1203200.0,17463.6,17,3,10,91.6,99.9,9.0,77.9,1.0,0.0,15.0,10.0,999.0,6.4,110.3,18.7,0,0.0,0.0,0.0,0,0.0,0.0,35.0,0.92,57.3,0,Minor (< 1h)
SH-3650,Mumbai,Pune,ROAD,CARRIER-A,RT-BOM-PNQ-01,4,452200.0,7410.8,9,3,10,107.3,117.1,4.5,54.6,1.0,0.0,15.0,10.0,999.0,1.5,0.0,999.0,0,0.0,0.0,0.0,0,0.0,0.0,25.0,0.92,12.7,0,On-Time
SH-4477,Bengaluru,Hyderabad,ROAD,CARRIER-C,RT-BLR-HYD-01,4,1238700.0,17320.4,7,4,10,296.4,323.3,11.5,54.8,4.3,27.9,42.2,7.3,0.0,1.5,0.0,999.0,0,0.0,0.0,0.0,0,0.0,0.0,45.0,0.86,12.3,0,On-Time
SH-3601,Mumbai,Delhi,AIR,CARRIER-B,RT-BOM-DEL-01,3,783800.0,5682.5,19,4,10,503.6,549.4,12.1,129.9,1.0,0.0,15.0,10.0,999.0,1.5,0.0,999.0,0,0.0,0.0,0.0,0,0.0,0.0,110.0,0.97,81.6,0,Moderate (1-3h)
SH-3208,Chennai,Hyderabad,MARITIME,CARRIER-D,RT-MAA-HYD-01,4,1658700.0,10676.4,10,3,10,213.9,233.3,25.6,103.6,1.0,0.0,15.0,10.0,999.0,1.5,0.0,999.0,0,7.4,27.5,0.0,0,6.8,3.29,55.0,0.88,162.6,0,Moderate (1-3h)
SH-4380,Mumbai,Pune,ROAD,CARRIER-A,RT-BOM-PNQ-01,2,1697400.0,14613.4,12,3,10,134.6,146.8,5.0,72.2,1.0,0.0,15.0,10.0,999.0,1.5,0.0,999.0,0,0.0,0.0,0.0,0,0.0,0.0,25.0,0.92,41.8,0,Minor (< 1h)
SH-3435,Mumbai,Pune,ROAD,CARRIER-C,RT-BOM-PNQ-01,1,441300.0,10999.3,4,4,10,67.8,74.0,4.5,53.7,1.0,0.0,15.0,10.0,999.0,1.5,0.0,999.0,0,0.0,0.0,0.0,0,0.0,0.0,25.0,0.86,14.9,0,On-Time
SH-3418,Chennai,Coimbatore,ROAD,CARRIER-C,RT-MAA-CJB-01,1,2256700.0,3296.5,11,3,10,318.2,347.1,11.5,28.2,3.5,22.8,39.0,6.8,0.0,7.2,150.6,18.7,0,0.0,0.0,0.0,0,0.0,0.0,40.0,0.86,117.5,0,Moderate (1-3h)
SH-3327,Bengaluru,Chennai,MARITIME,CARRIER-D,RT-BLR-MAA-01,2,165400.0,703.9,17,4,10,52.8,57.6,13.6,54.2,1.0,0.0,15.0,10.0,999.0,1.5,0.0,999.0,0,7.4,27.5,0.0,0,0.0,0.0,30.0,0.88,13.7,0,On-Time
SH-2274,Bengaluru,Chennai,ROAD,CARRIER-C,RT-BLR-MAA-01,3,2124800.0,7435.7,10,3,10,190.7,208.0,8.5,79.2,3.5,22.8,39.0,6.8,0.0,7.2,150.6,18.7,0,0.0,0.0,0.0,0,0.0,0.0,30.0,0.86,25.3,0,Minor (< 1h)
SH-3913,Bengaluru,Chennai,MARITIME,CARRIER-D,RT-BLR-MAA-01,2,476400.0,976.2,17,4,10,195.7,213.5,13.6,58.0,1.0,0.0,15.0,10.0,999.0,1.5,0.0,999.0,0,7.4,27.5,0.0,0,0.0,0.0,30.0,0.88,4.7,0,On-Time
SH-4245,Mumbai,Delhi,ROAD,CARRIER-C,RT-BOM-DEL-01,4,1244400.0,16473.5,8,3,10,253.8,276.9,28.0,113.8,1.0,0.0,15.0,10.0,999.0,1.5,0.0,999.0,0,0.0,0.0,0.0,0,0.0,0.0,110.0,0.86,14.6,0,On-Time
SH-2609,Bengaluru,Hyderabad,ROAD,CARRIER-C,RT-BLR-HYD-01,4,203600.0,2319.3,13,3,10,353.2,385.3,12.5,84.0,1.0,0.0,15.0,10.0,999.0,1.5,0.0,999.0,0,0.0,0.0,0.0,0,0.0,0.0,45.0,0.86,84.6,0,Moderate (1-3h)
SH-3305,Mumbai,Delhi,MARITIME,CARRIER-D,RT-BOM-DEL-01,4,1602700.0,4964.3,3,5,10,1088.7,1187.7,50.8,240.0,1.0,0.0,15.0,10.0,999.0,1.5,0.0,999.0,0,7.0,21.7,0.0,0,0.0,0.0,110.0,0.88,0.0,0,On-Time
SH-4472,Mumbai,Pune,MARITIME,CARRIER-D,RT-BOM-PNQ-01,2,759900.0,3656.5,13,3,10,117.5,128.2,8.3,96.5,1.0,0.0,15.0,10.0,999.0,1.5,0.0,999.0,0,5.7,17.3,0.0,0,0.0,0.0,25.0,0.88,27.7,0,Minor (< 1h)
SH-2232,Chennai,Hyderabad,ROAD,CARRIER-C,RT-MAA-HYD-01,1,119300.0,10144.4,11,3,10,474.4,517.5,14.0,74.9,3.5,22.8,39.0,6.8,0.0,7.2,150.6,18.7,0,0.0,0.0,0.0,0,0.0,0.0,55.0,0.86,55.1,0,Minor (< 1h)
SH-3888,Chennai,Bengaluru,ROAD,CARRIER-A,RT-MAA-BLR-01,3,1144500.0,13100.1,15,3,10,236.9,258.4,11.0,200.0,1.0,0.0,15.0,10.0,999.0,6.4,110.3,18.7,0,0.0,0.0,0.0,0,0.0,0.0,35.0,0.92,50.5,0,Minor (< 1h)
SH-2812,Chennai,Bengaluru,ROAD,CARRIER-A,RT-MAA-BLR-01,1,2060900.0,11888.2,6,4,10,193.6,211.2,10.0,116.0,4.2,27.3,41.8,6.2,13.6,7.3,122.5,23.4,1,0.0,0.0,0.0,0,0.0,0.0,35.0,0.92,107.1,0,Moderate (1-3h)
SH-2117,Bengaluru,Chennai,AIR,CARRIER-B,RT-BLR-MAA-01,1,435900.0,3863.6,0,4,10,187.4,204.4,4.4,115.3,1.0,0.0,15.0,10.0,999.0,1.5,0.0,999.0,0,0.0,0.0,0.0,0,0.0,0.0,30.0,0.97,11.0,0,On-Time
SH-2020,Chennai,Hyderabad,AIR,CARRIER-B,RT-MAA-HYD-01,3,1060800.0,6860.5,19,4,10,165.4,180.4,5.7,45.9,1.0,0.0,15.0,10.0,999.0,1.5,0.0,999.0,0,0.0,0.0,0.0,0,0.0,0.0,55.0,0.97,52.4,0,Minor (< 1h)
SH-3712,Chennai,Bengaluru,ROAD,CARRIER-C,RT-MAA-BLR-01,3,1696700.0,9157.0,1,4,10,266.9,291.2,10.0,127.0,1.0,0.0,15.0,10.0,999.0,7.0,40.9,25.8,0,0.0,0.0,0.0,0,0.0,0.0,35.0,0.86,69.1,0,Moderate (1-3h)
SH-3213,Chennai,Hyderabad,ROAD,CARRIER-A,RT-MAA-HYD-01,2,832900.0,5135.8,2,4,10,453.4,494.6,13.0,-33.5,3.1,20.2,37.4,7.3,0.0,7.3,122.5,23.4,1,0.0,0.0,0.0,0,0.0,0.0,55.0,0.92,115.4,1,Moderate (1-3h)
SH-3126,Mumbai,Pune,ROAD,CARRIER-C,RT-BOM-PNQ-01,2,1639200.0,2911.2,11,3,10,21.7,30.0,5.5,-13.1,1.0,0.0,15.0,10.0,999.0,1.5,0.0,999.0,0,0.0,0.0,0.0,0,0.0,0.0,25.0,0.86,157.2,1,Moderate (1-3h)
SH-2312,Bengaluru,Hyderabad,ROAD,CARRIER-A,RT-BLR-HYD-01,2,107100.0,2932.7,7,4,10,353.9,386.1,12.5,111.8,4.3,27.9,42.2,7.3,0.0,1.5,0.0,999.0,0,0.0,0.0,0.0,0,0.0,0.0,45.0,0.92,19.2,0,Minor (< 1h)
SH-2799,Bengaluru,Chennai,ROAD,CARRIER-A,RT-BLR-MAA-01,2,1852800.0,1233.1,3,5,10,74.0,80.7,11.0,205.6,6.0,39.0,49.0,6.5,0.0,7.0,92.4,21.8,0,0.0,0.0,0.0,0,0.0,0.0,30.0,0.92,41.9,0,Minor (< 1h)
SH-2212,Chennai,Bengaluru,MARITIME,CARRIER-D,RT-MAA-BLR-01,2,1155200.0,7362.2,7,3,10,309.4,337.5,15.6,179.3,1.0,0.0,15.0,10.0,999.0,1.5,0.0,999.0,0,6.9,22.2,0.0,0,0.0,0.0,35.0,0.88,1.5,0,On-Time
SH-4284,Chennai,Coimbatore,ROAD,CARRIER-C,RT-MAA-CJB-01,3,1158400.0,13062.9,15,4,10,259.7,283.3,11.0,84.7,3.1,20.2,37.4,7.2,37.7,7.3,81.6,23.4,1,0.0,0.0,0.0,0,0.0,0.0,40.0,0.86,12.5,0,On-Time
SH-3488,Mumbai,Pune,ROAD,CARRIER-C,RT-BOM-PNQ-01,3,829500.0,9252.2,22,4,10,93.1,101.6,5.5,-67.0,1.0,0.0,15.0,10.0,999.0,1.5,0.0,999.0,0,0.0,0.0,0.0,0,0.0,0.0,25.0,0.86,229.4,1,Major (> 3h)
SH-2679,Mumbai,Delhi,AIR,CARRIER-B,RT-BOM-DEL-01,2,204200.0,15364.4,22,3,10,172.3,188.0,12.1,171.8,1.0,0.0,15.0,10.0,999.0,1.5,0.0,999.0,0,0.0,0.0,0.0,0,0.0,0.0,110.0,0.97,19.2,0,Minor (< 1h)
SH-3870,Chennai,Hyderabad,MARITIME,CARRIER-D,RT-MAA-HYD-01,2,264300.0,4704.4,5,4,10,73.8,80.5,25.6,234.4,1.0,0.0,15.0,10.0,999.0,1.5,0.0,999.0,0,7.4,27.5,0.0,0,6.8,3.29,55.0,0.88,13.2,0,On-Time
SH-4190,Bengaluru,Chennai,AIR,CARRIER-B,RT-BLR-MAA-01,4,2142900.0,7561.6,21,3,10,164.0,178.9,5.4,178.4,1.0,0.0,15.0,10.0,999.0,1.5,0.0,999.0,0,0.0,0.0,0.0,0,0.0,0.0,30.0,0.97,3.7,0,On-Time
SH-3823,Mumbai,Pune,ROAD,CARRIER-A,RT-BOM-PNQ-01,4,440200.0,9496.5,6,3,10,123.9,135.2,5.0,84.7,1.0,0.0,15.0,10.0,999.0,1.5,0.0,999.0,0,0.0,0.0,0.0,0,0.0,0.0,25.0,0.92,12.4,0,On-Time
SH-4131,Bengaluru,Hyderabad,ROAD,CARRIER-A,RT-BLR-HYD-01,2,1596100.0,11310.5,3,4,10,330.2,360.2,11.5,52.2,4.3,27.9,42.2,7.3,0.0,1.5,0.0,999.0,0,0.0,0.0,0.0,0,0.0,0.0,45.0,0.92,18.3,0,Minor (< 1h)
SH-4142,Bengaluru,Chennai,AIR,CARRIER-B,RT-BLR-MAA-01,1,1424500.0,15030.1,15,3,10,83.8,91.4,5.4,173.1,1.0,0.0,15.0,10.0,999.0,1.5,0.0,999.0,0,0.0,0.0,0.0,0,0.0,0.0,30.0,0.97,16.2,0,Minor (< 1h)
SH-2189,Mumbai,Delhi,AIR,CARRIER-B,RT-BOM-DEL-01,2,535400.0,10410.8,19,3,10,233.7,254.9,13.1,127.9,1.0,0.0,15.0,10.0,999.0,1.5,0.0,999.0,0,0.0,0.0,0.0,0,0.0,0.0,110.0,0.97,189.9,0,Major (> 3h)
SH-3504,Chennai,Hyderabad,AIR,CARRIER-B,RT-MAA-HYD-01,3,1541900.0,5043.6,20,4,10,463.4,505.5,7.2,176.7,1.0,0.0,15.0,10.0,999.0,1.5,0.0,999.0,0,0.0,0.0,0.0,0,0.0,0.0,55.0,0.97,7.8,0,On-Time
SH-3374,Mumbai,Delhi,ROAD,CARRIER-C,RT-BOM-DEL-01,2,1313600.0,6297.1,13,4,10,616.2,672.2,29.0,99.3,10.0,65.0,65.0,1.0,0.0,1.5,0.0,999.0,0,0.0,0.0,0.0,0,0.0,0.0,110.0,0.86,101.0,0,Moderate (1-3h)
SH-3803,Mumbai,Pune,ROAD,CARRIER-C,RT-BOM-PNQ-01,2,324700.0,9925.1,15,3,10,90.1,98.3,5.5,23.7,1.0,0.0,15.0,10.0,999.0,1.5,0.0,999.0,0,0.0,0.0,0.0,0,0.0,0.0,25.0,0.86,123.1,1,Moderate (1-3h)
SH-3511,Bengaluru,Hyderabad,AIR,CARRIER-B,RT-BLR-HYD-01,3,1221100.0,8338.5,20,4,10,414.9,452.6,5.7,119.2,1.0,0.0,15.0,10.0,999.0,1.5,0.0,999.0,0,0.0,0.0,0.0,0,0.0,0.0,45.0,0.97,2.0,0,On-Time
SH-2418,Bengaluru,Chennai,ROAD,CARRIER-C,RT-BLR-MAA-01,3,477400.0,10548.1,20,3,10,38.8,42.3,11.0,57.5,1.0,0.0,15.0,10.0,999.0,1.5,0.0,999.0,0,0.0,0.0,0.0,0,0.0,0.0,30.0,0.86,219.3,0,Major (> 3h)
SH-3749,Chennai,Hyderabad,MARITIME,CARRIER-D,RT-MAA-HYD-01,1,188700.0,11460.9,12,3,10,293.2,319.9,23.1,85.4,1.0,0.0,15.0,10.0,999.0,1.5,0.0,999.0,0,7.4,27.5,0.0,0,6.8,3.29,55.0,0.88,10.9,0,On-Time
SH-3571,Bengaluru,Hyderabad,ROAD,CARRIER-A,RT-BLR-HYD-01,3,1881200.0,9653.6,12,3,10,393.2,428.9,14.5,238.8,1.0,0.0,15.0,10.0,999.0,1.5,0.0,999.0,0,0.0,0.0,0.0,0,0.0,0.0,45.0,0.92,2.8,0,On-Time
SH-3419,Chennai,Coimbatore,ROAD,CARRIER-C,RT-MAA-CJB-01,1,2363500.0,7838.5,14,4,10,376.2,410.4,13.5,235.5,3.1,20.2,37.4,7.2,37.7,7.3,81.6,23.4,1,0.0,0.0,0.0,0,0.0,0.0,40.0,0.86,10.6,0,On-Time
SH-2338,Chennai,Hyderabad,AIR,CARRIER-B,RT-MAA-HYD-01,4,1320500.0,5924.9,13,4,10,518.9,566.1,5.7,87.4,1.0,0.0,15.0,10.0,999.0,1.5,0.0,999.0,0,0.0,0.0,0.0,0,0.0,0.0,55.0,0.97,6.1,0,On-Time
SH-2993,Mumbai,Pune,ROAD,CARRIER-A,RT-BOM-PNQ-01,3,335400.0,13325.7,10,3,10,92.0,100.4,6.5,172.2,1.0,0.0,15.0,10.0,999.0,1.5,0.0,999.0,0,0.0,0.0,0.0,0,0.0,0.0,25.0,0.92,18.5,0,Minor (< 1h)
SH-3348,Mumbai,Pune,ROAD,CARRIER-A,RT-BOM-PNQ-01,2,2088400.0,16298.9,5,5,10,49.6,54.1,6.5,79.5,3.1,20.2,37.4,7.2,0.0,1.5,0.0,999.0,0,0.0,0.0,0.0,0,0.0,0.0,25.0,0.92,124.3,0,Moderate (1-3h)
SH-2802,Bengaluru,Chennai,AIR,CARRIER-B,RT-BLR-MAA-01,3,1300500.0,7030.7,11,4,10,36.3,39.6,3.4,13.2,1.0,0.0,15.0,10.0,999.0,1.5,0.0,999.0,0,0.0,0.0,0.0,0,0.0,0.0,30.0,0.97,58.0,0,Minor (< 1h)
SH-3062,Chennai,Hyderabad,MARITIME,CARRIER-D,RT-MAA-HYD-01,2,643700.0,13105.0,19,3,10,430.8,470.0,25.6,221.1,1.0,0.0,15.0,10.0,999.0,1.5,0.0,999.0,0,7.4,27.5,0.0,0,6.8,3.29,55.0,0.88,44.5,0,Minor (< 1h)
SH-3671,Chennai,Coimbatore,MARITIME,CARRIER-D,RT-MAA-CJB-01,1,2116400.0,8938.6,0,5,10,209.3,228.3,20.1,160.4,1.0,0.0,15.0,10.0,999.0,1.5,0.0,999.0,0,7.4,22.8,0.0,0,0.0,0.0,40.0,0.88,46.0,0,Minor (< 1h)
SH-3829,Chennai,Hyderabad,ROAD,CARRIER-A,RT-MAA-HYD-01,4,1338500.0,11494.8,19,3,10,394.0,429.8,16.0,141.1,1.0,0.0,15.0,10.0,999.0,7.0,40.9,25.8,0,0.0,0.0,0.0,0,0.0,0.0,55.0,0.92,118.3,0,Moderate (1-3h)
SH-3195,Mumbai,Delhi,MARITIME,CARRIER-D,RT-BOM-DEL-01,1,263000.0,588.7,20,4,10,1204.4,1313.9,49.8,174.9,1.0,0.0,15.0,10.0,999.0,1.5,0.0,999.0,0,7.7,27.9,0.0,0,0.0,0.0,110.0,0.88,12.0,0,On-Time
SH-3890,Chennai,Bengaluru,ROAD,CARRIER-A,RT-MAA-BLR-01,2,1963100.0,8630.0,21,4,10,266.2,290.4,11.0,238.6,1.0,0.0,15.0,10.0,999.0,1.5,0.0,999.0,0,0.0,0.0,0.0,0,0.0,0.0,35.0,0.92,3.2,0,On-Time
SH-2770,Bengaluru,Chennai,AIR,CARRIER-B,RT-BLR-MAA-01,1,977200.0,11108.8,12,3,10,166.8,182.0,5.4,153.0,1.0,0.0,15.0,10.0,999.0,1.5,0.0,999.0,0,0.0,0.0,0.0,0,0.0,0.0,30.0,0.97,36.5,0,Minor (< 1h)
SH-3103,Chennai,Bengaluru,MARITIME,CARRIER-D,RT-MAA-BLR-01,2,890400.0,17525.4,1,4,10,92.4,100.8,15.6,165.2,1.0,0.0,15.0,10.0,999.0,1.5,0.0,999.0,0,7.4,27.5,0.0,0,6.8,3.29,35.0,0.88,34.8,0,Minor (< 1h)
SH-2249,Bengaluru,Hyderabad,MARITIME,CARRIER-D,RT-BLR-HYD-01,3,732600.0,12819.2,10,4,10,379.4,413.9,21.9,179.5,1.0,0.0,15.0,10.0,999.0,1.5,0.0,999.0,0,0.0,0.0,0.0,0,0.0,0.0,45.0,0.88,1.2,0,On-Time
SH-3563,Bengaluru,Hyderabad,ROAD,CARRIER-A,RT-BLR-HYD-01,2,298400.0,10697.5,21,4,10,137.0,149.5,14.5,233.5,3.9,25.3,40.6,6.5,0.0,1.5,0.0,999.0,0,0.0,0.0,0.0,0,0.0,0.0,45.0,0.92,15.2,0,Minor (< 1h)
SH-2852,Chennai,Coimbatore,ROAD,CARRIER-C,RT-MAA-CJB-01,3,523500.0,12297.6,4,4,10,182.1,198.7,11.0,85.9,3.1,20.2,37.4,7.2,37.7,7.3,122.5,23.4,1,0.0,0.0,0.0,0,0.0,0.0,40.0,0.86,9.7,0,On-Time
SH-3153,Chennai,Hyderabad,ROAD,CARRIER-C,RT-MAA-HYD-01,4,796700.0,15246.1,18,4,10,326.4,356.1,13.5,84.1,1.0,0.0,15.0,10.0,999.0,1.5,0.0,999.0,0,0.0,0.0,0.0,0,0.0,0.0,55.0,0.86,13.8,0,On-Time
SH-4474,Chennai,Coimbatore,MARITIME,CARRIER-D,RT-MAA-CJB-01,4,2199500.0,5676.8,4,4,10,204.1,222.7,18.6,89.0,1.0,0.0,15.0,10.0,999.0,1.5,0.0,999.0,0,7.4,27.5,0.0,0,6.8,3.29,40.0,0.88,2.5,0,On-Time
SH-2044,Bengaluru,Hyderabad,ROAD,CARRIER-A,RT-BLR-HYD-01,3,2476300.0,2720.4,16,3,10,131.6,143.6,13.5,178.6,1.0,0.0,15.0,10.0,999.0,1.5,0.0,999.0,0,0.0,0.0,0.0,0,0.0,0.0,45.0,0.92,3.3,0,On-Time
SH-2334,Mumbai,Pune,MARITIME,CARRIER-D,RT-BOM-PNQ-01,2,1486000.0,2314.2,22,4,10,39.0,42.5,7.3,51.9,1.0,0.0,15.0,10.0,999.0,1.5,0.0,999.0,0,7.7,27.9,0.0,0,0.0,0.0,25.0,0.88,19.1,0,Minor (< 1h)
SH-3886,Mumbai,Delhi,ROAD,CARRIER-C,RT-BOM-DEL-01,3,1251600.0,526.4,15,3,10,1219.2,1330.0,27.0,-46.1,10.0,65.0,65.0,1.0,0.0,1.5,0.0,999.0,0,0.0,0.0,0.0,0,0.0,0.0,110.0,0.86,134.0,1,Moderate (1-3h)
SH-2383,Mumbai,Delhi,AIR,CARRIER-B,RT-BOM-DEL-01,1,1457000.0,2971.0,22,4,10,804.6,877.7,12.1,178.9,1.0,0.0,15.0,10.0,999.0,1.5,0.0,999.0,0,0.0,0.0,0.0,0,0.0,0.0,110.0,0.97,2.5,0,On-Time
SH-3059,Bengaluru,Chennai,ROAD,CARRIER-A,RT-BLR-MAA-01,2,1719200.0,2912.3,9,3,10,67.7,73.9,8.5,46.1,3.5,22.8,39.0,6.8,0.0,7.2,150.6,18.7,0,0.0,0.0,0.0,0,0.0,0.0,30.0,0.92,57.3,0,Minor (< 1h)
SH-2025,Mumbai,Pune,MARITIME,CARRIER-D,RT-BOM-PNQ-01,2,392400.0,8706.2,12,3,10,79.5,86.7,10.3,235.6,1.0,0.0,15.0,10.0,999.0,1.5,0.0,999.0,0,5.7,17.3,0.0,0,0.0,0.0,25.0,0.88,10.3,0,On-Time
SH-4102,Bengaluru,Chennai,ROAD,CARRIER-A,RT-BLR-MAA-01,4,59400.0,15793.1,18,4,10,118.9,129.7,11.0,77.3,1.0,0.0,15.0,10.0,999.0,1.5,0.0,999.0,0,0.0,0.0,0.0,0,0.0,0.0,30.0,0.92,200.9,0,Major (> 3h)
SH-2060,Bengaluru,Hyderabad,ROAD,CARRIER-A,RT-BLR-HYD-01,2,1015600.0,7615.7,17,3,10,370.5,404.2,12.0,52.5,1.0,0.0,15.0,10.0,999.0,1.5,0.0,999.0,0,0.0,0.0,0.0,0,0.0,0.0,45.0,0.92,49.3,0,Minor (< 1h)
SH-2032,Chennai,Coimbatore,MARITIME,CARRIER-D,RT-MAA-CJB-01,1,1491200.0,12412.5,19,4,10,164.5,179.5,20.1,-24.5,1.0,0.0,15.0,10.0,999.0,1.5,0.0,999.0,0,7.4,27.5,0.0,0,0.0,0.0,40.0,0.88,244.3,1,Major (> 3h)
SH-2425,Chennai,Bengaluru,ROAD,CARRIER-C,RT-MAA-BLR-01,2,789300.0,17843.4,10,3,10,309.5,337.6,8.0,58.2,3.5,22.8,39.0,6.8,0.0,7.2,108.1,4.2,1,0.0,0.0,0.0,0,0.0,0.0,35.0,0.86,4.3,0,On-Time
SH-3265,Bengaluru,Chennai,ROAD,CARRIER-A,RT-BLR-MAA-01,2,2207000.0,13048.3,2,4,10,128.3,140.0,8.0,26.4,1.0,0.0,15.0,10.0,999.0,7.0,40.9,25.8,0,0.0,0.0,0.0,0,0.0,0.0,30.0,0.92,42.8,0,Minor (< 1h)
SH-3318,Chennai,Coimbatore,AIR,CARRIER-B,RT-MAA-CJB-01,1,149100.0,7839.4,6,4,10,314.1,342.7,5.3,30.3,1.0,0.0,15.0,10.0,999.0,1.5,0.0,999.0,0,0.0,0.0,0.0,0,0.0,0.0,40.0,0.97,112.5,0,Moderate (1-3h)
SH-2728,Chennai,Bengaluru,MARITIME,CARRIER-D,RT-MAA-BLR-01,2,2165400.0,14306.0,1,5,10,148.7,162.2,14.1,83.0,1.0,0.0,15.0,10.0,999.0,1.5,0.0,999.0,0,7.4,22.8,0.0,0,0.0,0.0,35.0,0.88,16.5,0,Minor (< 1h)
SH-3160,Bengaluru,Chennai,AIR,CARRIER-B,RT-BLR-MAA-01,2,1030200.0,9932.6,5,4,10,73.5,80.2,3.4,24.4,1.0,0.0,15.0,10.0,999.0,1.5,0.0,999.0,0,0.0,0.0,0.0,0,0.0,0.0,30.0,0.97,54.5,0,Minor (< 1h)
SH-3845,Chennai,Bengaluru,MARITIME,CARRIER-D,RT-MAA-BLR-01,2,1617600.0,8642.5,20,4,10,285.6,311.6,14.1,20.1,1.0,0.0,15.0,10.0,999.0,1.5,0.0,999.0,0,7.4,27.5,0.0,0,0.0,0.0,35.0,0.88,83.8,0,Moderate (1-3h)
SH-2631,Chennai,Hyderabad,ROAD,CARRIER-C,RT-MAA-HYD-01,2,125800.0,16486.6,0,5,10,316.6,345.4,15.0,179.0,10.0,65.0,65.0,1.0,0.0,7.0,92.4,21.8,0,0.0,0.0,0.0,0,0.0,0.0,55.0,0.86,2.3,0,On-Time
SH-2715,Bengaluru,Chennai,ROAD,CARRIER-A,RT-BLR-MAA-01,2,2374500.0,17638.2,21,3,10,242.1,264.1,10.0,176.8,1.0,0.0,15.0,10.0,999.0,1.5,0.0,999.0,0,0.0,0.0,0.0,0,0.0,0.0,30.0,0.92,7.6,0,On-Time
SH-2738,Mumbai,Pune,AIR,CARRIER-B,RT-BOM-PNQ-01,1,1121300.0,16818.2,11,4,10,37.9,41.3,4.0,118.8,1.0,0.0,15.0,10.0,999.0,1.5,0.0,999.0,0,0.0,0.0,0.0,0,0.0,0.0,25.0,0.97,2.8,0,On-Time
SH-3498,Bengaluru,Chennai,ROAD,CARRIER-C,RT-BLR-MAA-01,3,906700.0,701.3,9,3,10,133.8,146.0,10.0,173.4,3.5,22.8,39.0,6.8,0.0,7.2,150.6,18.7,0,0.0,0.0,0.0,0,0.0,0.0,30.0,0.86,15.6,0,Minor (< 1h)
SH-4029,Mumbai,Delhi,ROAD,CARRIER-C,RT-BOM-DEL-01,2,1850400.0,8097.0,3,5,10,458.4,500.1,28.0,98.7,3.1,20.2,37.4,7.2,0.0,1.5,0.0,999.0,0,0.0,0.0,0.0,0,0.0,0.0,110.0,0.86,26.7,0,Minor (< 1h)
SH-2591,Bengaluru,Hyderabad,AIR,CARRIER-B,RT-BLR-HYD-01,3,1851800.0,11760.8,9,4,10,185.6,202.5,4.7,-11.6,1.0,0.0,15.0,10.0,999.0,1.5,0.0,999.0,0,0.0,0.0,0.0,0,0.0,0.0,45.0,0.97,93.5,1,Moderate (1-3h)
SH-3689,Bengaluru,Chennai,MARITIME,CARRIER-D,RT-BLR-MAA-01,4,1255500.0,1577.4,7,4,10,147.4,160.8,15.6,172.9,1.0,0.0,15.0,10.0,999.0,1.5,0.0,999.0,0,7.4,27.5,0.0,0,6.8,3.29,30.0,0.88,16.6,0,Minor (< 1h)
SH-3660,Mumbai,Pune,ROAD,CARRIER-C,RT-BOM-PNQ-01,1,2297000.0,13615.4,19,4,10,58.3,63.6,6.5,175.2,1.0,0.0,15.0,10.0,999.0,1.5,0.0,999.0,0,0.0,0.0,0.0,0,0.0,0.0,25.0,0.86,11.4,0,On-Time
SH-2340,Mumbai,Pune,MARITIME,CARRIER-D,RT-BOM-PNQ-01,3,1585700.0,7808.2,0,4,10,77.5,84.5,7.3,58.7,1.0,0.0,15.0,10.0,999.0,1.5,0.0,999.0,0,7.7,27.9,0.0,0,0.0,0.0,25.0,0.88,3.1,0,On-Time
SH-4032,Mumbai,Pune,MARITIME,CARRIER-D,RT-BOM-PNQ-01,2,1794900.0,3031.3,1,4,10,36.7,40.0,7.8,84.3,1.0,0.0,15.0,10.0,999.0,1.5,0.0,999.0,0,7.7,27.9,0.0,0,0.0,0.0,25.0,0.88,13.5,0,On-Time
SH-2786,Mumbai,Delhi,MARITIME,CARRIER-D,RT-BOM-DEL-01,3,1615600.0,17329.0,12,4,10,626.2,683.1,50.8,196.4,1.0,0.0,15.0,10.0,999.0,1.5,0.0,999.0,0,7.7,27.9,0.0,0,0.0,0.0,110.0,0.88,87.6,0,Moderate (1-3h)
SH-2123,Chennai,Coimbatore,MARITIME,CARRIER-D,RT-MAA-CJB-01,3,371300.0,3734.8,23,3,10,156.9,171.2,18.6,83.1,1.0,0.0,15.0,10.0,999.0,1.5,0.0,999.0,0,7.4,27.5,0.0,0,6.8,3.29,40.0,0.88,16.2,0,Minor (< 1h)
SH-4429,Chennai,Bengaluru,MARITIME,CARRIER-D,RT-MAA-BLR-01,2,2384900.0,7633.1,7,3,10,225.7,246.2,14.1,79.2,1.0,0.0,15.0,10.0,999.0,1.5,0.0,999.0,0,6.9,22.2,0.0,0,0.0,0.0,35.0,0.88,25.4,0,Minor (< 1h)
SH-3093,Chennai,Coimbatore,ROAD,CARRIER-C,RT-MAA-CJB-01,3,1662000.0,11873.1,5,5,10,376.0,410.2,11.0,33.7,8.2,53.3,57.8,2.6,37.7,7.0,70.1,21.8,0,0.0,0.0,0.0,0,0.0,0.0,40.0,0.86,71.5,0,Moderate (1-3h)
SH-2882,Chennai,Hyderabad,AIR,CARRIER-B,RT-MAA-HYD-01,1,465200.0,17762.0,14,3,10,180.7,197.1,5.2,-14.9,1.0,0.0,15.0,10.0,999.0,1.5,0.0,999.0,0,0.0,0.0,0.0,0,0.0,0.0,55.0,0.97,91.1,1,Moderate (1-3h)
SH-4048,Bengaluru,Hyderabad,AIR,CARRIER-B,RT-BLR-HYD-01,1,2177800.0,13718.1,2,4,10,213.1,232.5,7.7,194.7,1.0,0.0,15.0,10.0,999.0,1.5,0.0,999.0,0,0.0,0.0,0.0,0,0.0,0.0,45.0,0.97,56.4,0,Minor (< 1h)
SH-3670,Chennai,Hyderabad,ROAD,CARRIER-C,RT-MAA-HYD-01,2,1486600.0,1303.9,20,4,10,358.8,391.4,14.0,-5.3,10.0,65.0,65.0,1.0,0.0,7.0,92.4,21.8,0,0.0,0.0,0.0,0,0.0,0.0,55.0,0.86,148.3,1,Moderate (1-3h)
SH-3407,Chennai,Coimbatore,ROAD,CARRIER-C,RT-MAA-CJB-01,3,960700.0,4416.9,14,3,10,428.9,467.9,10.5,59.6,1.0,0.0,15.0,10.0,999.0,6.4,110.3,18.7,0,0.0,0.0,0.0,0,0.0,0.0,40.0,0.86,1.0,0,On-Time
SH-4319,Chennai,Bengaluru,AIR,CARRIER-B,RT-MAA-BLR-01,2,1707900.0,10221.3,13,4,10,206.2,224.9,3.9,82.4,1.0,0.0,15.0,10.0,999.0,1.5,0.0,999.0,0,0.0,0.0,0.0,0,0.0,0.0,35.0,0.97,17.8,0,Minor (< 1h)
SH-3558,Mumbai,Delhi,ROAD,CARRIER-A,RT-BOM-DEL-01,3,107200.0,200.3,10,3,10,1108.3,1209.1,27.0,28.3,10.0,65.0,65.0,1.0,0.0,1.5,0.0,999.0,0,0.0,0.0,0.0,0,0.0,0.0,110.0,0.92,56.6,0,Minor (< 1h)
SH-3034,Chennai,Coimbatore,AIR,CARRIER-B,RT-MAA-CJB-01,4,908400.0,3679.7,9,3,10,345.8,377.2,5.3,114.8,1.0,0.0,15.0,10.0,999.0,1.5,0.0,999.0,0,0.0,0.0,0.0,0,0.0,0.0,40.0,0.97,12.1,0,On-Time
SH-2220,Bengaluru,Hyderabad,AIR,CARRIER-B,RT-BLR-HYD-01,3,1876800.0,6276.5,11,4,10,247.6,270.1,5.7,116.6,1.0,0.0,15.0,10.0,999.0,1.5,0.0,999.0,0,0.0,0.0,0.0,0,0.0,0.0,45.0,0.97,8.0,0,On-Time
SH-3770,Chennai,Coimbatore,AIR,CARRIER-B,RT-MAA-CJB-01,1,2368100.0,10316.8,3,4,10,431.6,470.8,4.3,43.8,1.0,0.0,15.0,10.0,999.0,1.5,0.0,999.0,0,0.0,0.0,0.0,0,0.0,0.0,40.0,0.97,22.3,0,Minor (< 1h)
SH-3493,Mumbai,Pune,MARITIME,CARRIER-D,RT-BOM-PNQ-01,2,788900.0,9217.5,1,5,10,81.4,88.8,7.3,59.7,1.0,0.0,15.0,10.0,999.0,1.5,0.0,999.0,0,7.0,21.7,0.0,0,0.0,0.0,25.0,0.88,0.6,0,On-Time
SH-3918,Chennai,Bengaluru,ROAD,CARRIER-A,RT-MAA-BLR-01,4,223400.0,4437.3,18,4,10,105.5,115.1,9.0,82.6,1.0,0.0,15.0,10.0,999.0,1.5,0.0,999.0,0,0.0,0.0,0.0,0,0.0,0.0,35.0,0.92,51.1,0,Minor (< 1h)
SH-3920,Mumbai,Delhi,MARITIME,CARRIER-D,RT-BOM-DEL-01,1,314300.0,8928.7,19,4,10,182.7,199.3,48.8,113.8,1.0,0.0,15.0,10.0,999.0,1.5,0.0,999.0,0,7.7,27.9,0.0,0,0.0,0.0,110.0,0.88,14.7,0,On-Time
SH-2579,Chennai,Hyderabad,MARITIME,CARRIER-D,RT-MAA-HYD-01,3,2254200.0,217.0,5,5,10,303.8,331.4,23.6,115.9,1.0,0.0,15.0,10.0,999.0,1.5,0.0,999.0,0,7.4,22.8,0.0,0,0.0,0.0,55.0,0.88,9.7,0,On-Time
SH-2628,Chennai,Hyderabad,AIR,CARRIER-B,RT-MAA-HYD-01,3,209700.0,5943.0,10,4,10,277.8,303.1,5.2,51.6,1.0,0.0,15.0,10.0,999.0,1.5,0.0,999.0,0,0.0,0.0,0.0,0,0.0,0.0,55.0,0.97,19.7,0,Minor (< 1h)
SH-4405,Bengaluru,Hyderabad,MARITIME,CARRIER-D,RT-BLR-HYD-01,4,2335600.0,1348.0,13,4,10,60.8,66.3,22.9,233.5,1.0,0.0,15.0,10.0,999.0,1.5,0.0,999.0,0,0.0,0.0,0.0,0,0.0,0.0,45.0,0.88,15.4,0,Minor (< 1h)
SH-4452,Bengaluru,Chennai,AIR,CARRIER-B,RT-BLR-MAA-01,3,1403300.0,15616.2,22,4,10,50.8,55.4,6.4,218.9,1.0,0.0,15.0,10.0,999.0,1.5,0.0,999.0,0,0.0,0.0,0.0,0,0.0,0.0,30.0,0.97,32.9,0,Minor (< 1h)
SH-4292,Chennai,Coimbatore,ROAD,CARRIER-C,RT-MAA-CJB-01,4,964100.0,1975.8,8,4,10,166.5,181.6,12.5,148.1,3.1,20.2,37.4,7.2,37.7,7.3,122.5,23.4,1,0.0,0.0,0.0,0,0.0,0.0,40.0,0.86,75.1,0,Moderate (1-3h)
SH-2143,Chennai,Bengaluru,ROAD,CARRIER-C,RT-MAA-BLR-01,3,395500.0,17507.8,17,4,10,133.7,145.9,8.0,12.4,4.3,27.9,42.2,6.1,35.8,7.3,81.6,23.4,1,0.0,0.0,0.0,0,0.0,0.0,35.0,0.86,60.8,1,Moderate (1-3h)
SH-2656,Bengaluru,Chennai,ROAD,CARRIER-A,RT-BLR-MAA-01,2,610700.0,4023.8,15,4,10,263.4,287.3,10.0,175.3,4.3,27.9,42.2,6.1,35.8,7.3,81.6,23.4,1,0.0,0.0,0.0,0,0.0,0.0,30.0,0.92,11.1,0,On-Time
SH-2727,Mumbai,Pune,ROAD,CARRIER-C,RT-BOM-PNQ-01,3,1397100.0,620.8,10,4,10,85.9,93.7,5.0,41.7,10.0,65.0,65.0,1.0,0.0,1.5,0.0,999.0,0,0.0,0.0,0.0,0,0.0,0.0,25.0,0.86,62.8,0,Moderate (1-3h)
SH-2051,Chennai,Bengaluru,ROAD,CARRIER-A,RT-MAA-BLR-01,3,257800.0,10087.2,7,3,10,182.2,198.8,11.0,235.8,3.5,22.8,39.0,6.8,0.0,7.2,150.6,18.7,0,0.0,0.0,0.0,0,0.0,0.0,35.0,0.92,9.8,0,On-Time
SH-4006,Bengaluru,Chennai,ROAD,CARRIER-C,RT-BLR-MAA-01,2,1357500.0,4737.3,16,3,10,278.5,303.8,8.5,-234.2,1.0,0.0,15.0,10.0,999.0,6.4,110.3,18.7,0,0.0,0.0,0.0,0,0.0,0.0,30.0,0.86,388.0,1,Major (> 3h)
SH-4262,Chennai,Bengaluru,MARITIME,CARRIER-D,RT-MAA-BLR-01,3,817600.0,7389.6,3,4,10,309.7,337.9,13.6,55.4,1.0,0.0,15.0,10.0,999.0,1.5,0.0,999.0,0,7.4,27.5,0.0,0,6.8,3.29,35.0,0.88,10.8,0,On-Time
SH-3551,Chennai,Bengaluru,AIR,CARRIER-B,RT-MAA-BLR-01,1,1544400.0,14269.6,11,4,10,113.2,123.5,5.4,160.4,1.0,0.0,15.0,10.0,999.0,1.5,0.0,999.0,0,0.0,0.0,0.0,0,0.0,0.0,35.0,0.97,28.9,0,Minor (< 1h)
SH-2933,Chennai,Bengaluru,ROAD,CARRIER-C,RT-MAA-BLR-01,1,136800.0,4552.2,8,3,10,46.5,50.7,11.0,231.8,3.5,22.8,39.0,6.8,0.0,7.2,150.6,18.7,0,0.0,0.0,0.0,0,0.0,0.0,35.0,0.86,19.2,0,Minor (< 1h)
SH-3140,Bengaluru,Hyderabad,ROAD,CARRIER-C,RT-BLR-HYD-01,3,1446400.0,17838.6,19,3,10,365.0,398.2,11.5,-126.1,1.0,0.0,15.0,10.0,999.0,1.5,0.0,999.0,0,0.0,0.0,0.0,0,0.0,0.0,45.0,0.86,236.3,1,Major (> 3h)
SH-2595,Chennai,Coimbatore,ROAD,CARRIER-A,RT-MAA-CJB-01,2,529300.0,4006.6,11,4,10,211.5,230.7,13.5,138.1,3.1,20.2,37.4,7.2,37.7,7.3,122.5,23.4,1,0.0,0.0,0.0,0,0.0,0.0,40.0,0.92,127.7,0,Moderate (1-3h)
SH-2596,Chennai,Hyderabad,ROAD,CARRIER-A,RT-MAA-HYD-01,2,532100.0,6854.6,7,4,10,553.4,603.7,15.0,24.0,3.1,20.2,37.4,7.3,0.0,7.3,122.5,23.4,1,0.0,0.0,0.0,0,0.0,0.0,55.0,0.92,195.5,1,Major (> 3h)
SH-3088,Chennai,Coimbatore,ROAD,CARRIER-C,RT-MAA-CJB-01,3,1884900.0,3880.2,13,4,10,197.1,215.0,10.5,-48.3,3.1,20.2,37.4,7.2,37.7,7.3,81.6,23.4,1,0.0,0.0,0.0,0,0.0,0.0,40.0,0.86,146.0,1,Moderate (1-3h)
SH-4332,Bengaluru,Chennai,ROAD,CARRIER-A,RT-BLR-MAA-01,2,852300.0,7421.3,16,4,10,176.8,192.9,8.0,56.5,4.2,27.3,41.8,6.2,28.0,7.3,81.6,23.4,1,0.0,0.0,0.0,0,0.0,0.0,30.0,0.92,8.3,0,On-Time
SH-4188,Chennai,Coimbatore,MARITIME,CARRIER-D,RT-MAA-CJB-01,4,593400.0,5436.5,0,5,10,382.6,417.4,20.1,159.5,1.0,0.0,15.0,10.0,999.0,1.5,0.0,999.0,0,7.4,22.8,0.0,0,0.0,0.0,40.0,0.88,26.4,0,Minor (< 1h)
SH-2790,Chennai,Bengaluru,ROAD,CARRIER-C,RT-MAA-BLR-01,4,848900.0,9599.3,12,3,10,113.7,124.0,10.0,94.1,1.0,0.0,15.0,10.0,999.0,6.4,110.3,18.7,0,0.0,0.0,0.0,0,0.0,0.0,35.0,0.86,102.2,0,Moderate (1-3h)
SH-2276,Mumbai,Delhi,MARITIME,CARRIER-D,RT-BOM-DEL-01,2,130500.0,2266.6,13,3,10,374.3,408.3,48.8,114.9,1.0,0.0,15.0,10.0,999.0,1.5,0.0,999.0,0,7.7,27.9,0.0,0,0.0,0.0,110.0,0.88,11.9,0,On-Time
SH-2136,Chennai,Hyderabad,MARITIME,CARRIER-D,RT-MAA-HYD-01,3,364300.0,14098.9,16,3,10,452.3,493.4,23.1,-20.8,1.0,0.0,15.0,10.0,999.0,1.5,0.0,999.0,0,7.4,27.5,0.0,0,6.8,3.29,55.0,0.88,138.9,1,Moderate (1-3h)
SH-2931,Chennai,Hyderabad,MARITIME,CARRIER-D,RT-MAA-HYD-01,3,1424200.0,3329.5,4,5,10,436.1,475.7,23.1,-12.6,1.0,0.0,15.0,10.0,999.0,1.5,0.0,999.0,0,7.4,22.8,0.0,0,0.0,0.0,55.0,0.88,128.4,1,Moderate (1-3h)
SH-2900,Bengaluru,Hyderabad,ROAD,CARRIER-C,RT-BLR-HYD-01,2,353300.0,14175.5,2,5,10,153.3,167.2,11.5,56.9,3.9,25.3,40.6,6.5,0.0,1.5,0.0,999.0,0,0.0,0.0,0.0,0,0.0,0.0,45.0,0.86,7.2,0,On-Time
SH-2666,Bengaluru,Hyderabad,MARITIME,CARRIER-D,RT-BLR-HYD-01,4,1633500.0,4348.1,1,5,10,249.8,272.5,19.9,52.0,1.0,0.0,15.0,10.0,999.0,1.5,0.0,999.0,0,0.0,0.0,0.0,0,0.0,0.0,45.0,0.88,18.7,0,Minor (< 1h)
SH-3428,Mumbai,Pune,ROAD,CARRIER-C,RT-BOM-PNQ-01,2,650800.0,5328.2,7,3,10,33.6,36.7,6.5,65.0,1.0,0.0,15.0,10.0,999.0,1.5,0.0,999.0,0,0.0,0.0,0.0,0,0.0,0.0,25.0,0.86,144.3,0,Moderate (1-3h)
SH-2048,Chennai,Bengaluru,ROAD,CARRIER-A,RT-MAA-BLR-01,1,850000.0,1250.0,8,3,10,215.0,270.0,10.0,40.0,3.5,22.8,39.0,6.8,0.0,7.2,85.5,11.1,1,0.0,0.0,0.0,0,0.0,0.0,35.0,0.92,135.0,1,Major Delay
SH-3774,Chennai,Hyderabad,AIR,CARRIER-B,RT-MAA-HYD-01,3,1057000.0,10377.4,9,3,10,366.8,400.1,5.7,42.1,1.0,0.0,15.0,10.0,999.0,1.5,0.0,999.0,0,0.0,0.0,0.0,0,0.0,0.0,55.0,0.97,61.8,0,Moderate (1-3h)
SH-4176,Chennai,Coimbatore,ROAD,CARRIER-C,RT-MAA-CJB-01,2,72400.0,13345.0,19,4,10,238.7,260.4,11.5,112.3,1.0,0.0,15.0,10.0,999.0,1.5,0.0,999.0,0,0.0,0.0,0.0,0,0.0,0.0,40.0,0.86,18.2,0,Minor (< 1h)
SH-2344,Bengaluru,Hyderabad,ROAD,CARRIER-C,RT-BLR-HYD-01,3,2465300.0,11841.0,4,4,10,378.5,412.9,12.0,84.0,4.3,27.9,42.2,7.3,0.0,1.5,0.0,999.0,0,0.0,0.0,0.0,0,0.0,0.0,45.0,0.86,14.1,0,On-Time
SH-2181,Mumbai,Pune,MARITIME,CARRIER-D,RT-BOM-PNQ-01,3,214500.0,889.8,21,3,10,112.2,122.4,9.3,176.2,1.0,0.0,15.0,10.0,999.0,1.5,0.0,999.0,0,7.7,27.9,0.0,0,0.0,0.0,25.0,0.88,9.0,0,On-Time
SH-2759,Mumbai,Delhi,ROAD,CARRIER-C,RT-BOM-DEL-01,2,769300.0,9082.7,18,4,10,687.1,749.6,27.0,51.7,3.1,20.2,37.4,7.2,0.0,1.5,0.0,999.0,0,0.0,0.0,0.0,0,0.0,0.0,110.0,0.86,14.4,0,On-Time
SH-2254,Chennai,Bengaluru,AIR,CARRIER-B,RT-MAA-BLR-01,3,2179300.0,16341.2,1,4,10,306.0,333.8,3.4,27.1,1.0,0.0,15.0,10.0,999.0,1.5,0.0,999.0,0,0.0,0.0,0.0,0,0.0,0.0,35.0,0.97,77.5,1,Moderate (1-3h)
SH-3930,Chennai,Bengaluru,MARITIME,CARRIER-D,RT-MAA-BLR-01,1,2245200.0,5579.0,4,5,10,253.7,276.8,14.6,116.1,1.0,0.0,15.0,10.0,999.0,1.5,0.0,999.0,0,7.4,22.8,0.0,0,0.0,0.0,35.0,0.88,9.1,0,On-Time
SH-2471,Bengaluru,Chennai,MARITIME,CARRIER-D,RT-BLR-MAA-01,4,1643800.0,5941.1,10,3,10,291.6,318.1,14.1,86.5,1.0,0.0,15.0,10.0,999.0,1.5,0.0,999.0,0,6.9,22.2,0.0,0,0.0,0.0,30.0,0.88,8.2,0,On-Time
SH-3106,Bengaluru,Hyderabad,ROAD,CARRIER-A,RT-BLR-HYD-01,2,183900.0,9096.0,1,4,10,420.0,458.2,12.0,26.0,4.3,27.9,42.2,7.3,0.0,1.5,0.0,999.0,0,0.0,0.0,0.0,0,0.0,0.0,45.0,0.92,79.0,0,Moderate (1-3h)
SH-4158,Mumbai,Delhi,ROAD,CARRIER-A,RT-BOM-DEL-01,4,2160700.0,9142.9,5,5,10,738.2,805.3,29.0,176.0,3.1,20.2,37.4,7.2,0.0,1.5,0.0,999.0,0,0.0,0.0,0.0,0,0.0,0.0,110.0,0.92,9.5,0,On-Time
SH-2171,Chennai,Hyderabad,AIR,CARRIER-B,RT-MAA-HYD-01,2,1880400.0,2527.4,23,3,10,113.4,123.7,5.7,75.6,1.0,0.0,15.0,10.0,999.0,1.5,0.0,999.0,0,0.0,0.0,0.0,0,0.0,0.0,55.0,0.97,22.7,0,Minor (< 1h)
SH-2821,Chennai,Coimbatore,ROAD,CARRIER-C,RT-MAA-CJB-01,1,358400.0,5202.6,10,3,10,409.8,447.1,12.5,177.1,3.5,22.8,39.0,6.8,0.0,7.2,150.6,18.7,0,0.0,0.0,0.0,0,0.0,0.0,40.0,0.86,6.7,0,On-Time
SH-3570,Bengaluru,Chennai,ROAD,CARRIER-C,RT-BLR-MAA-01,2,564000.0,17710.2,5,4,10,228.5,249.3,8.5,89.3,4.3,27.9,42.2,6.1,35.8,7.0,40.9,25.8,0,0.0,0.0,0.0,0,0.0,0.0,30.0,0.86,1.7,0,On-Time
SH-3501,Mumbai,Delhi,ROAD,CARRIER-C,RT-BOM-DEL-01,1,988300.0,4432.5,4,4,10,781.3,852.3,29.0,139.3,10.0,65.0,65.0,1.0,0.0,1.5,0.0,999.0,0,0.0,0.0,0.0,0,0.0,0.0,110.0,0.86,55.0,0,Minor (< 1h)
SH-2909,Mumbai,Pune,MARITIME,CARRIER-D,RT-BOM-PNQ-01,4,854400.0,13347.6,7,4,10,80.3,87.6,7.8,82.3,1.0,0.0,15.0,10.0,999.0,1.5,0.0,999.0,0,7.7,27.9,0.0,0,0.0,0.0,25.0,0.88,18.2,0,Minor (< 1h)
SH-2899,Chennai,Bengaluru,MARITIME,CARRIER-D,RT-MAA-BLR-01,2,774300.0,3442.1,2,4,10,165.0,180.0,13.6,53.2,1.0,0.0,15.0,10.0,999.0,1.5,0.0,999.0,0,7.4,27.5,0.0,0,6.8,3.29,35.0,0.88,16.1,0,Minor (< 1h)
SH-3574,Chennai,Coimbatore,ROAD,CARRIER-A,RT-MAA-CJB-01,3,1229600.0,15263.6,5,4,10,411.5,448.9,13.5,233.3,3.1,20.2,37.4,7.2,37.7,7.3,122.5,23.4,1,0.0,0.0,0.0,0,0.0,0.0,40.0,0.92,15.7,0,Minor (< 1h)
SH-3132,Bengaluru,Hyderabad,ROAD,CARRIER-C,RT-BLR-HYD-01,3,75900.0,15142.6,7,4,10,128.7,140.4,12.0,75.2,4.3,27.9,42.2,7.3,0.0,1.5,0.0,999.0,0,0.0,0.0,0.0,0,0.0,0.0,45.0,0.86,21.1,0,Minor (< 1h)
SH-2602,Mumbai,Pune,MARITIME,CARRIER-D,RT-BOM-PNQ-01,2,1351700.0,8253.6,14,4,10,80.2,87.5,7.8,83.8,1.0,0.0,15.0,10.0,999.0,1.5,0.0,999.0,0,7.7,27.9,0.0,0,0.0,0.0,25.0,0.88,14.6,0,On-Time
SH-4430,Bengaluru,Chennai,ROAD,CARRIER-C,RT-BLR-MAA-01,3,1204800.0,8748.5,2,5,10,156.0,170.2,8.0,59.2,6.0,39.0,49.0,6.5,0.0,7.0,92.4,21.8,0,0.0,0.0,0.0,0,0.0,0.0,30.0,0.86,1.8,0,On-Time
SH-2694,Chennai,Bengaluru,AIR,CARRIER-B,RT-MAA-BLR-01,3,1284300.0,3216.3,3,4,10,159.4,173.9,3.4,59.5,1.0,0.0,15.0,10.0,999.0,1.5,0.0,999.0,0,0.0,0.0,0.0,0,0.0,0.0,35.0,0.97,1.2,0,On-Time
SH-3588,Bengaluru,Chennai,ROAD,CARRIER-A,RT-BLR-MAA-01,2,1995000.0,16923.6,16,3,10,110.1,120.1,11.0,233.8,1.0,0.0,15.0,10.0,999.0,6.4,110.3,18.7,0,0.0,0.0,0.0,0,0.0,0.0,30.0,0.92,14.6,0,On-Time
SH-2267,Chennai,Coimbatore,ROAD,CARRIER-C,RT-MAA-CJB-01,4,747900.0,6522.6,15,3,10,409.2,446.4,10.5,36.7,1.0,0.0,15.0,10.0,999.0,6.4,110.3,18.7,0,0.0,0.0,0.0,0,0.0,0.0,40.0,0.86,32.2,0,Minor (< 1h)
SH-2138,Mumbai,Pune,ROAD,CARRIER-C,RT-BOM-PNQ-01,3,511900.0,14355.1,9,4,10,105.4,115.0,7.5,233.3,10.0,65.0,65.0,1.0,0.0,1.5,0.0,999.0,0,0.0,0.0,0.0,0,0.0,0.0,25.0,0.86,15.7,0,Minor (< 1h)
SH-2864,Mumbai,Pune,MARITIME,CARRIER-D,RT-BOM-PNQ-01,1,92400.0,14122.1,23,3,10,42.0,45.8,9.3,178.1,1.0,0.0,15.0,10.0,999.0,1.5,0.0,999.0,0,7.7,27.9,0.0,0,0.0,0.0,25.0,0.88,4.4,0,On-Time
SH-3866,Mumbai,Pune,AIR,CARRIER-B,RT-BOM-PNQ-01,2,2342800.0,4546.0,5,4,10,75.5,82.4,3.5,84.0,1.0,0.0,15.0,10.0,999.0,1.5,0.0,999.0,0,0.0,0.0,0.0,0,0.0,0.0,25.0,0.97,14.2,0,On-Time
SH-2031,Mumbai,Delhi,MARITIME,CARRIER-D,RT-BOM-DEL-01,2,1837700.0,10043.3,18,3,10,1110.1,1211.0,48.3,87.3,1.0,0.0,15.0,10.0,999.0,1.5,0.0,999.0,0,7.7,27.9,0.0,0,0.0,0.0,110.0,0.88,6.3,0,On-Time
SH-4113,Chennai,Hyderabad,ROAD,CARRIER-A,RT-MAA-HYD-01,3,1725000.0,11688.4,0,4,10,401.1,437.6,14.0,77.0,3.1,20.2,37.4,7.3,0.0,7.0,40.9,25.8,0,0.0,0.0,0.0,0,0.0,0.0,55.0,0.92,57.0,0,Minor (< 1h)
SH-3826,Chennai,Bengaluru,ROAD,CARRIER-C,RT-MAA-BLR-01,2,284100.0,6086.3,9,4,10,165.6,180.7,9.0,13.3,4.2,27.3,41.8,6.2,30.0,7.3,122.5,23.4,1,0.0,0.0,0.0,0,0.0,0.0,35.0,0.86,132.2,1,Moderate (1-3h)
SH-3766,Bengaluru,Chennai,ROAD,CARRIER-C,RT-BLR-MAA-01,2,1840700.0,9498.8,14,3,10,56.6,61.7,11.0,123.8,1.0,0.0,15.0,10.0,999.0,6.4,110.3,18.7,0,0.0,0.0,0.0,0,0.0,0.0,30.0,0.86,138.3,0,Moderate (1-3h)
SH-2246,Bengaluru,Chennai,AIR,CARRIER-B,RT-BLR-MAA-01,3,2194000.0,11122.2,13,4,10,84.3,92.0,6.4,215.5,1.0,0.0,15.0,10.0,999.0,1.5,0.0,999.0,0,0.0,0.0,0.0,0,0.0,0.0,30.0,0.97,57.7,0,Minor (< 1h)
SH-3313,Mumbai,Pune,ROAD,CARRIER-C,RT-BOM-PNQ-01,3,1799900.0,6475.2,23,3,10,19.9,30.0,6.5,178.6,1.0,0.0,15.0,10.0,999.0,1.5,0.0,999.0,0,0.0,0.0,0.0,0,0.0,0.0,25.0,0.86,3.2,0,On-Time
SH-2575,Bengaluru,Hyderabad,ROAD,CARRIER-C,RT-BLR-HYD-01,2,1927800.0,5840.0,7,3,10,191.4,208.8,13.5,178.3,10.0,65.0,65.0,1.0,0.0,1.5,0.0,999.0,0,0.0,0.0,0.0,0,0.0,0.0,45.0,0.86,3.9,0,On-Time
SH-2834,Mumbai,Pune,MARITIME,CARRIER-D,RT-BOM-PNQ-01,1,1320500.0,16590.8,8,4,10,91.5,99.8,8.3,57.0,1.0,0.0,15.0,10.0,999.0,1.5,0.0,999.0,0,7.7,27.9,0.0,0,0.0,0.0,25.0,0.88,92.6,0,Moderate (1-3h)
SH-3863,Mumbai,Pune,ROAD,CARRIER-A,RT-BOM-PNQ-01,3,1674000.0,597.1,7,4,10,116.3,126.9,5.5,116.1,1.0,0.0,15.0,10.0,999.0,1.5,0.0,999.0,0,0.0,0.0,0.0,0,0.0,0.0,25.0,0.92,9.2,0,On-Time
SH-3116,Bengaluru,Hyderabad,ROAD,CARRIER-C,RT-BLR-HYD-01,3,1616400.0,9500.6,21,4,10,385.1,420.1,14.5,231.6,3.9,25.3,40.6,6.5,0.0,1.5,0.0,999.0,0,0.0,0.0,0.0,0,0.0,0.0,45.0,0.86,19.7,0,Minor (< 1h)
SH-4018,Chennai,Bengaluru,AIR,CARRIER-B,RT-MAA-BLR-01,1,756400.0,13956.5,17,4,10,181.6,198.1,3.4,55.8,1.0,0.0,15.0,10.0,999.0,1.5,0.0,999.0,0,0.0,0.0,0.0,0,0.0,0.0,35.0,0.97,9.9,0,On-Time
SH-3350,Chennai,Bengaluru,ROAD,CARRIER-A,RT-MAA-BLR-01,4,2220100.0,6214.5,12,3,10,253.9,277.0,9.0,108.3,1.0,0.0,15.0,10.0,999.0,6.4,110.3,18.7,0,0.0,0.0,0.0,0,0.0,0.0,35.0,0.92,21.4,0,Minor (< 1h)
SH-2566,Chennai,Hyderabad,ROAD,CARRIER-C,RT-MAA-HYD-01,3,316400.0,1319.5,9,4,10,390.5,426.0,13.5,35.6,3.1,20.2,37.4,7.3,0.0,7.3,122.5,23.4,1,0.0,0.0,0.0,0,0.0,0.0,55.0,0.86,69.6,0,Moderate (1-3h)
SH-2858,Chennai,Hyderabad,ROAD,CARRIER-A,RT-MAA-HYD-01,2,2286500.0,16539.8,19,4,10,251.3,274.1,13.5,-157.1,10.0,65.0,65.0,1.0,0.0,7.0,92.4,21.8,0,0.0,0.0,0.0,0,0.0,0.0,55.0,0.92,296.8,1,Major (> 3h)
SH-3271,Bengaluru,Hyderabad,ROAD,CARRIER-C,RT-BLR-HYD-01,2,433000.0,10763.3,8,3,10,206.2,224.9,11.5,56.5,10.0,65.0,65.0,1.0,0.0,1.5,0.0,999.0,0,0.0,0.0,0.0,0,0.0,0.0,45.0,0.86,8.3,0,On-Time
SH-4264,Chennai,Hyderabad,ROAD,CARRIER-A,RT-MAA-HYD-01,3,1000400.0,5204.7,22,3,10,407.1,444.1,13.0,18.0,1.0,0.0,15.0,10.0,999.0,7.0,40.9,25.8,0,0.0,0.0,0.0,0,0.0,0.0,55.0,0.92,98.9,1,Moderate (1-3h)
SH-3443,Chennai,Coimbatore,ROAD,CARRIER-C,RT-MAA-CJB-01,1,1561000.0,7492.5,4,4,10,216.6,236.3,12.5,157.9,3.1,20.2,37.4,7.2,37.7,7.3,122.5,23.4,1,0.0,0.0,0.0,0,0.0,0.0,40.0,0.86,52.0,0,Minor (< 1h)
SH-3325,Chennai,Coimbatore,AIR,CARRIER-B,RT-MAA-CJB-01,2,652100.0,11304.2,5,4,10,96.1,104.8,6.3,173.0,1.0,0.0,15.0,10.0,999.0,1.5,0.0,999.0,0,0.0,0.0,0.0,0,0.0,0.0,40.0,0.97,16.6,0,Minor (< 1h)
SH-4138,Mumbai,Pune,ROAD,CARRIER-C,RT-BOM-PNQ-01,1,652700.0,635.2,23,3,10,52.3,57.1,5.5,-15.1,1.0,0.0,15.0,10.0,999.0,1.5,0.0,999.0,0,0.0,0.0,0.0,0,0.0,0.0,25.0,0.86,163.7,1,Moderate (1-3h)
SH-2673,Chennai,Bengaluru,AIR,CARRIER-B,RT-MAA-BLR-01,3,676500.0,3874.4,8,4,10,232.5,253.6,3.9,33.2,1.0,0.0,15.0,10.0,999.0,1.5,0.0,999.0,0,0.0,0.0,0.0,0,0.0,0.0,35.0,0.97,92.2,1,Moderate (1-3h)
SH-2026,Bengaluru,Chennai,AIR,CARRIER-B,RT-BLR-MAA-01,4,2295100.0,8760.2,17,3,10,205.8,224.5,5.4,176.9,1.0,0.0,15.0,10.0,999.0,1.5,0.0,999.0,0,0.0,0.0,0.0,0,0.0,0.0,30.0,0.97,7.3,0,On-Time
SH-3369,Chennai,Coimbatore,AIR,CARRIER-B,RT-MAA-CJB-01,2,1299500.0,13094.9,19,3,10,289.0,315.3,6.3,177.0,1.0,0.0,15.0,10.0,999.0,1.5,0.0,999.0,0,0.0,0.0,0.0,0,0.0,0.0,40.0,0.97,7.1,0,On-Time
SH-4130,Mumbai,Pune,MARITIME,CARRIER-D,RT-BOM-PNQ-01,1,1670800.0,2030.1,17,3,10,20.9,30.0,10.3,178.2,1.0,0.0,15.0,10.0,999.0,1.5,0.0,999.0,0,7.7,27.9,0.0,0,0.0,0.0,25.0,0.88,76.9,0,Moderate (1-3h)
SH-2086,Mumbai,Delhi,ROAD,CARRIER-A,RT-BOM-DEL-01,4,546200.0,9849.0,19,4,10,1131.0,1233.8,30.0,200.2,3.1,20.2,37.4,7.2,0.0,1.5,0.0,999.0,0,0.0,0.0,0.0,0,0.0,0.0,110.0,0.92,49.3,0,Minor (< 1h)
SH-2543,Bengaluru,Hyderabad,AIR,CARRIER-B,RT-BLR-HYD-01,3,308700.0,15614.7,20,4,10,391.1,426.7,6.7,66.0,1.0,0.0,15.0,10.0,999.0,1.5,0.0,999.0,0,0.0,0.0,0.0,0,0.0,0.0,45.0,0.97,137.7,0,Moderate (1-3h)
SH-3108,Bengaluru,Hyderabad,ROAD,CARRIER-C,RT-BLR-HYD-01,4,900300.0,2849.0,3,4,10,353.5,385.6,11.5,11.9,4.3,27.9,42.2,7.3,0.0,1.5,0.0,999.0,0,0.0,0.0,0.0,0,0.0,0.0,45.0,0.86,64.1,1,Moderate (1-3h)
SH-3789,Bengaluru,Hyderabad,MARITIME,CARRIER-D,RT-BLR-HYD-01,3,1141800.0,9577.1,22,3,10,484.7,528.8,19.9,-47.4,1.0,0.0,15.0,10.0,999.0,1.5,0.0,999.0,0,0.0,0.0,0.0,0,0.0,0.0,45.0,0.88,128.4,1,Moderate (1-3h)
SH-2236,Bengaluru,Hyderabad,AIR,CARRIER-B,RT-BLR-HYD-01,3,828400.0,2055.7,18,4,10,172.0,187.6,7.7,234.4,1.0,0.0,15.0,10.0,999.0,1.5,0.0,999.0,0,0.0,0.0,0.0,0,0.0,0.0,45.0,0.97,13.2,0,On-Time
SH-3328,Bengaluru,Hyderabad,ROAD,CARRIER-A,RT-BLR-HYD-01,3,1427300.0,4727.6,10,4,10,387.4,422.6,12.5,104.9,4.3,27.9,42.2,7.3,0.0,1.5,0.0,999.0,0,0.0,0.0,0.0,0,0.0,0.0,45.0,0.92,27.2,0,Minor (< 1h)
SH-2630,Chennai,Hyderabad,AIR,CARRIER-B,RT-MAA-HYD-01,1,2103900.0,9258.0,17,4,10,539.2,588.2,8.2,235.0,1.0,0.0,15.0,10.0,999.0,1.5,0.0,999.0,0,0.0,0.0,0.0,0,0.0,0.0,55.0,0.97,11.8,0,On-Time
SH-2021,Chennai,Coimbatore,AIR,CARRIER-B,RT-MAA-CJB-01,1,213100.0,10780.9,13,4,10,358.9,391.5,5.3,116.1,1.0,0.0,15.0,10.0,999.0,1.5,0.0,999.0,0,0.0,0.0,0.0,0,0.0,0.0,40.0,0.97,9.1,0,On-Time
SH-4288,Chennai,Coimbatore,ROAD,CARRIER-C,RT-MAA-CJB-01,3,1058200.0,1340.7,17,4,10,104.1,113.6,13.5,214.4,3.1,20.2,37.4,7.2,37.7,7.3,81.6,23.4,1,0.0,0.0,0.0,0,0.0,0.0,40.0,0.86,38.4,0,Minor (< 1h)
SH-2997,Chennai,Hyderabad,ROAD,CARRIER-C,RT-MAA-HYD-01,1,797100.0,508.8,13,3,10,260.1,283.7,14.0,116.5,1.0,0.0,15.0,10.0,999.0,6.4,110.3,18.7,0,0.0,0.0,0.0,0,0.0,0.0,55.0,0.86,8.3,0,On-Time
SH-4140,Bengaluru,Chennai,MARITIME,CARRIER-D,RT-BLR-MAA-01,2,1137200.0,13288.6,2,5,10,87.5,95.5,15.6,175.4,1.0,0.0,15.0,10.0,999.0,1.5,0.0,999.0,0,7.4,22.8,0.0,0,0.0,0.0,30.0,0.88,10.8,0,On-Time
SH-3792,Mumbai,Delhi,ROAD,CARRIER-A,RT-BOM-DEL-01,3,2187300.0,3800.0,5,4,10,1215.0,1325.5,27.5,87.1,10.0,65.0,65.0,1.0,0.0,1.5,0.0,999.0,0,0.0,0.0,0.0,0,0.0,0.0,110.0,0.92,6.8,0,On-Time
SH-3895,Chennai,Bengaluru,AIR,CARRIER-B,RT-MAA-BLR-01,2,2462300.0,15322.6,18,3,10,50.6,55.2,6.4,236.9,1.0,0.0,15.0,10.0,999.0,1.5,0.0,999.0,0,0.0,0.0,0.0,0,0.0,0.0,35.0,0.97,7.3,0,On-Time
SH-2681,Chennai,Bengaluru,MARITIME,CARRIER-D,RT-MAA-BLR-01,3,963500.0,1252.7,13,4,10,142.7,155.7,15.6,148.4,1.0,0.0,15.0,10.0,999.0,1.5,0.0,999.0,0,7.4,27.5,0.0,0,6.8,3.29,35.0,0.88,45.4,0,Minor (< 1h)
SH-3592,Chennai,Hyderabad,AIR,CARRIER-B,RT-MAA-HYD-01,1,2240000.0,11945.3,5,4,10,173.7,189.5,7.2,57.4,1.0,0.0,15.0,10.0,999.0,1.5,0.0,999.0,0,0.0,0.0,0.0,0,0.0,0.0,55.0,0.97,153.7,0,Moderate (1-3h)
SH-3091,Mumbai,Pune,ROAD,CARRIER-A,RT-BOM-PNQ-01,4,592700.0,11234.2,6,4,10,41.2,44.9,4.5,56.3,1.0,0.0,15.0,10.0,999.0,1.5,0.0,999.0,0,0.0,0.0,0.0,0,0.0,0.0,25.0,0.92,8.7,0,On-Time
SH-3929,Mumbai,Delhi,MARITIME,CARRIER-D,RT-BOM-DEL-01,2,761100.0,15109.8,4,4,10,994.0,1084.4,48.8,-28.9,1.0,0.0,15.0,10.0,999.0,1.5,0.0,999.0,0,7.7,27.9,0.0,0,0.0,0.0,110.0,0.88,182.7,1,Major (> 3h)
SH-2547,Mumbai,Delhi,AIR,CARRIER-B,RT-BOM-DEL-01,4,1690200.0,9546.7,12,4,10,236.7,258.2,10.6,89.4,1.0,0.0,15.0,10.0,999.0,1.5,0.0,999.0,0,0.0,0.0,0.0,0,0.0,0.0,110.0,0.97,1.4,0,On-Time
SH-2292,Bengaluru,Hyderabad,MARITIME,CARRIER-D,RT-BLR-HYD-01,1,2137300.0,15573.5,8,4,10,298.2,325.3,19.9,58.1,1.0,0.0,15.0,10.0,999.0,1.5,0.0,999.0,0,0.0,0.0,0.0,0,0.0,0.0,45.0,0.88,4.5,0,On-Time
SH-3268,Chennai,Bengaluru,MARITIME,CARRIER-D,RT-MAA-BLR-01,3,1424600.0,14014.9,11,3,10,215.0,234.5,15.6,160.3,1.0,0.0,15.0,10.0,999.0,1.5,0.0,999.0,0,7.4,27.5,0.0,0,0.0,0.0,35.0,0.88,46.4,0,Minor (< 1h)
SH-2122,Mumbai,Delhi,ROAD,CARRIER-A,RT-BOM-DEL-01,2,1673200.0,12159.0,21,4,10,553.3,603.6,30.0,233.4,3.1,20.2,37.4,7.2,0.0,1.5,0.0,999.0,0,0.0,0.0,0.0,0,0.0,0.0,110.0,0.92,15.6,0,Minor (< 1h)
SH-4212,Chennai,Hyderabad,ROAD,CARRIER-C,RT-MAA-HYD-01,3,1714500.0,10381.5,6,3,10,201.3,219.6,13.5,-4.8,3.5,22.8,39.0,6.8,0.0,7.2,150.6,18.7,0,0.0,0.0,0.0,0,0.0,0.0,55.0,0.86,121.3,1,Moderate (1-3h)
SH-3110,Chennai,Coimbatore,MARITIME,CARRIER-D,RT-MAA-CJB-01,2,953700.0,13560.2,20,3,10,186.4,203.3,18.1,-21.9,1.0,0.0,15.0,10.0,999.0,1.5,0.0,999.0,0,7.4,27.5,0.0,0,6.8,3.29,40.0,0.88,98.7,1,Moderate (1-3h)
SH-2504,Chennai,Coimbatore,ROAD,CARRIER-A,RT-MAA-CJB-01,2,498800.0,8121.6,7,4,10,161.6,176.3,11.0,45.2,3.1,20.2,37.4,7.2,37.7,7.3,122.5,23.4,1,0.0,0.0,0.0,0,0.0,0.0,40.0,0.92,66.7,0,Moderate (1-3h)
SH-3424,Bengaluru,Chennai,AIR,CARRIER-B,RT-BLR-MAA-01,3,1359600.0,2533.1,16,3,10,129.4,141.2,6.4,200.0,1.0,0.0,15.0,10.0,999.0,1.5,0.0,999.0,0,0.0,0.0,0.0,0,0.0,0.0,30.0,0.97,47.0,0,Minor (< 1h)
SH-2979,Bengaluru,Chennai,AIR,CARRIER-B,RT-BLR-MAA-01,2,2382100.0,2001.5,13,3,10,265.3,289.4,6.4,233.2,1.0,0.0,15.0,10.0,999.0,1.5,0.0,999.0,0,0.0,0.0,0.0,0,0.0,0.0,30.0,0.97,16.0,0,Minor (< 1h)
SH-4281,Chennai,Bengaluru,AIR,CARRIER-B,RT-MAA-BLR-01,1,619000.0,2910.0,0,5,10,236.3,257.8,6.4,221.9,1.0,0.0,15.0,10.0,999.0,1.5,0.0,999.0,0,0.0,0.0,0.0,0,0.0,0.0,35.0,0.97,28.5,0,Minor (< 1h)
SH-3441,Bengaluru,Chennai,ROAD,CARRIER-C,RT-BLR-MAA-01,1,196600.0,15892.5,12,3,10,266.2,290.4,9.0,-100.2,1.0,0.0,15.0,10.0,999.0,6.4,110.3,18.7,0,0.0,0.0,0.0,0,0.0,0.0,30.0,0.86,278.1,1,Major (> 3h)
SH-4148,Bengaluru,Hyderabad,AIR,CARRIER-B,RT-BLR-HYD-01,1,1038000.0,2178.6,18,3,10,143.1,156.1,5.7,69.3,1.0,0.0,15.0,10.0,999.0,1.5,0.0,999.0,0,0.0,0.0,0.0,0,0.0,0.0,45.0,0.97,61.7,0,Moderate (1-3h)
SH-3871,Chennai,Hyderabad,ROAD,CARRIER-A,RT-MAA-HYD-01,1,887300.0,11547.7,6,4,10,482.4,526.3,13.0,12.3,3.1,20.2,37.4,7.3,0.0,7.3,122.5,23.4,1,0.0,0.0,0.0,0,0.0,0.0,55.0,0.92,62.9,1,Moderate (1-3h)
SH-2492,Bengaluru,Chennai,MARITIME,CARRIER-D,RT-BLR-MAA-01,3,874500.0,12074.3,16,3,10,126.7,138.2,16.6,237.1,1.0,0.0,15.0,10.0,999.0,1.5,0.0,999.0,0,7.4,27.5,0.0,0,6.8,3.29,30.0,0.88,6.9,0,On-Time
SH-4175,Bengaluru,Hyderabad,MARITIME,CARRIER-D,RT-BLR-HYD-01,2,1401300.0,9146.5,18,4,10,467.1,509.6,22.9,239.9,1.0,0.0,15.0,10.0,999.0,1.5,0.0,999.0,0,0.0,0.0,0.0,0,0.0,0.0,45.0,0.88,0.2,0,On-Time
SH-3741,Bengaluru,Chennai,ROAD,CARRIER-C,RT-BLR-MAA-01,2,1185100.0,4294.0,21,3,10,101.3,110.5,8.0,52.7,1.0,0.0,15.0,10.0,999.0,1.5,0.0,999.0,0,0.0,0.0,0.0,0,0.0,0.0,30.0,0.86,17.1,0,Minor (< 1h)
SH-2896,Chennai,Coimbatore,ROAD,CARRIER-A,RT-MAA-CJB-01,2,198000.0,5391.1,23,4,10,361.7,394.6,11.0,82.7,8.2,53.3,57.8,2.6,37.7,7.0,92.4,21.8,0,0.0,0.0,0.0,0,0.0,0.0,40.0,0.92,17.2,0,Minor (< 1h)
SH-2698,Bengaluru,Hyderabad,MARITIME,CARRIER-D,RT-BLR-HYD-01,1,1113100.0,12304.8,3,5,10,366.4,399.7,21.9,168.8,1.0,0.0,15.0,10.0,999.0,1.5,0.0,999.0,0,0.0,0.0,0.0,0,0.0,0.0,45.0,0.88,26.4,0,Minor (< 1h)
SH-3017,Chennai,Hyderabad,AIR,CARRIER-B,RT-MAA-HYD-01,3,576800.0,7825.0,13,3,10,126.4,137.9,8.2,204.5,1.0,0.0,15.0,10.0,999.0,1.5,0.0,999.0,0,0.0,0.0,0.0,0,0.0,0.0,55.0,0.97,83.6,0,Moderate (1-3h)
SH-3412,Chennai,Bengaluru,MARITIME,CARRIER-D,RT-MAA-BLR-01,3,2369900.0,3766.4,9,3,10,72.0,78.5,14.1,31.7,1.0,0.0,15.0,10.0,999.0,1.5,0.0,999.0,0,6.9,22.2,0.0,0,0.0,0.0,35.0,0.88,70.1,0,Moderate (1-3h)
SH-3359,Chennai,Bengaluru,ROAD,CARRIER-C,RT-MAA-BLR-01,3,439000.0,9354.5,18,3,10,292.3,318.9,8.0,45.9,1.0,0.0,15.0,10.0,999.0,1.5,0.0,999.0,0,0.0,0.0,0.0,0,0.0,0.0,35.0,0.86,33.2,0,Minor (< 1h)
SH-4008,Chennai,Bengaluru,AIR,CARRIER-B,RT-MAA-BLR-01,4,1017800.0,12648.3,18,4,10,46.0,50.2,4.4,-83.2,1.0,0.0,15.0,10.0,999.0,1.5,0.0,999.0,0,0.0,0.0,0.0,0,0.0,0.0,35.0,0.97,246.9,1,Major (> 3h)
SH-3769,Mumbai,Delhi,AIR,CARRIER-B,RT-BOM-DEL-01,4,661200.0,11623.2,5,5,10,321.0,350.2,13.1,234.4,1.0,0.0,15.0,10.0,999.0,1.5,0.0,999.0,0,0.0,0.0,0.0,0,0.0,0.0,110.0,0.97,13.1,0,On-Time
SH-3517,Chennai,Hyderabad,AIR,CARRIER-B,RT-MAA-HYD-01,2,1921100.0,15325.1,4,4,10,522.9,570.4,8.2,235.9,1.0,0.0,15.0,10.0,999.0,1.5,0.0,999.0,0,0.0,0.0,0.0,0,0.0,0.0,55.0,0.97,9.7,0,On-Time
SH-2126,Mumbai,Pune,ROAD,CARRIER-C,RT-BOM-PNQ-01,3,818900.0,5055.9,21,4,10,91.7,100.0,5.0,41.1,1.0,0.0,15.0,10.0,999.0,1.5,0.0,999.0,0,0.0,0.0,0.0,0,0.0,0.0,25.0,0.86,65.7,0,Moderate (1-3h)
SH-2306,Bengaluru,Chennai,MARITIME,CARRIER-D,RT-BLR-MAA-01,2,1613800.0,9365.9,5,5,10,108.9,118.8,16.6,232.8,1.0,0.0,15.0,10.0,999.0,1.5,0.0,999.0,0,7.4,22.8,0.0,0,0.0,0.0,30.0,0.88,17.0,0,Minor (< 1h)
SH-4247,Chennai,Coimbatore,ROAD,CARRIER-C,RT-MAA-CJB-01,3,2431200.0,9473.2,21,3,10,220.0,240.0,10.5,52.6,1.0,0.0,15.0,10.0,999.0,1.5,0.0,999.0,0,0.0,0.0,0.0,0,0.0,0.0,40.0,0.86,17.4,0,Minor (< 1h)
SH-2561,Mumbai,Delhi,AIR,CARRIER-B,RT-BOM-DEL-01,1,1279400.0,3622.2,0,5,10,795.9,868.3,10.1,33.3,1.0,0.0,15.0,10.0,999.0,1.5,0.0,999.0,0,0.0,0.0,0.0,0,0.0,0.0,110.0,0.97,36.7,0,Minor (< 1h)
SH-2784,Bengaluru,Hyderabad,ROAD,CARRIER-C,RT-BLR-HYD-01,2,1469400.0,11334.6,9,3,10,67.5,73.6,13.5,52.5,10.0,65.0,65.0,1.0,0.0,1.5,0.0,999.0,0,0.0,0.0,0.0,0,0.0,0.0,45.0,0.86,151.9,0,Moderate (1-3h)
SH-3273,Mumbai,Pune,ROAD,CARRIER-A,RT-BOM-PNQ-01,2,2005100.0,9265.8,18,3,10,44.9,49.0,5.5,-39.4,1.0,0.0,15.0,10.0,999.0,1.5,0.0,999.0,0,0.0,0.0,0.0,0,0.0,0.0,25.0,0.92,193.2,1,Major (> 3h)
SH-4090,Bengaluru,Hyderabad,AIR,CARRIER-B,RT-BLR-HYD-01,4,339300.0,5748.7,12,4,10,345.9,377.3,7.7,173.6,1.0,0.0,15.0,10.0,999.0,1.5,0.0,999.0,0,0.0,0.0,0.0,0,0.0,0.0,45.0,0.97,78.4,0,Moderate (1-3h)
SH-4206,Mumbai,Delhi,MARITIME,CARRIER-D,RT-BOM-DEL-01,2,1704600.0,2989.0,23,4,10,494.7,539.7,47.8,55.2,1.0,0.0,15.0,10.0,999.0,1.5,0.0,999.0,0,7.7,27.9,0.0,0,0.0,0.0,110.0,0.88,11.2,0,On-Time
SH-4233,Mumbai,Delhi,ROAD,CARRIER-C,RT-BOM-DEL-01,2,1586500.0,13977.5,15,4,10,742.2,809.7,29.0,176.6,10.0,65.0,65.0,1.0,0.0,1.5,0.0,999.0,0,0.0,0.0,0.0,0,0.0,0.0,110.0,0.86,8.0,0,On-Time
SH-3502,Bengaluru,Hyderabad,AIR,CARRIER-B,RT-BLR-HYD-01,2,1954500.0,8418.3,21,3,10,466.9,509.3,5.7,118.5,1.0,0.0,15.0,10.0,999.0,1.5,0.0,999.0,0,0.0,0.0,0.0,0,0.0,0.0,45.0,0.97,3.5,0,On-Time
SH-2233,Chennai,Hyderabad,AIR,CARRIER-B,RT-MAA-HYD-01,2,589000.0,14662.8,10,4,10,224.7,245.1,7.2,144.7,1.0,0.0,15.0,10.0,999.0,1.5,0.0,999.0,0,0.0,0.0,0.0,0,0.0,0.0,55.0,0.97,50.7,0,Minor (< 1h)
SH-2259,Bengaluru,Chennai,ROAD,CARRIER-C,RT-BLR-MAA-01,3,189200.0,14028.9,12,3,10,61.8,67.4,8.0,13.6,1.0,0.0,15.0,10.0,999.0,6.4,110.3,18.7,0,0.0,0.0,0.0,0,0.0,0.0,30.0,0.86,64.1,1,Moderate (1-3h)
SH-3246,Bengaluru,Hyderabad,AIR,CARRIER-B,RT-BLR-HYD-01,2,791800.0,10758.8,20,4,10,301.5,328.9,5.2,-47.9,1.0,0.0,15.0,10.0,999.0,1.5,0.0,999.0,0,0.0,0.0,0.0,0,0.0,0.0,45.0,0.97,168.3,1,Moderate (1-3h)
SH-2699,Bengaluru,Hyderabad,ROAD,CARRIER-A,RT-BLR-HYD-01,3,1401000.0,16562.3,20,4,10,68.8,75.1,14.5,207.3,1.0,0.0,15.0,10.0,999.0,1.5,0.0,999.0,0,0.0,0.0,0.0,0,0.0,0.0,45.0,0.92,39.4,0,Minor (< 1h)
SH-3101,Bengaluru,Hyderabad,MARITIME,CARRIER-D,RT-BLR-HYD-01,2,601900.0,8499.1,20,4,10,483.3,527.2,22.9,183.6,1.0,0.0,15.0,10.0,999.0,1.5,0.0,999.0,0,0.0,0.0,0.0,0,0.0,0.0,45.0,0.88,74.1,0,Moderate (1-3h)
SH-2335,Chennai,Bengaluru,MARITIME,CARRIER-D,RT-MAA-BLR-01,2,121200.0,7437.4,19,3,10,202.1,220.5,16.6,232.3,1.0,0.0,15.0,10.0,999.0,1.5,0.0,999.0,0,7.4,27.5,0.0,0,6.8,3.29,35.0,0.88,18.2,0,Minor (< 1h)
SH-3452,Bengaluru,Chennai,ROAD,CARRIER-C,RT-BLR-MAA-01,2,2013500.0,5174.5,2,5,10,143.5,156.5,8.0,56.4,6.0,39.0,49.0,6.5,0.0,7.0,92.4,21.8,0,0.0,0.0,0.0,0,0.0,0.0,30.0,0.86,8.5,0,On-Time
SH-4297,Mumbai,Delhi,AIR,CARRIER-B,RT-BOM-DEL-01,2,2256400.0,6027.5,21,3,10,412.1,449.6,13.1,223.4,1.0,0.0,15.0,10.0,999.0,1.5,0.0,999.0,0,0.0,0.0,0.0,0,0.0,0.0,110.0,0.97,26.9,0,Minor (< 1h)
SH-2380,Chennai,Bengaluru,MARITIME,CARRIER-D,RT-MAA-BLR-01,3,577600.0,16907.3,23,4,10,221.3,241.4,15.6,130.9,1.0,0.0,15.0,10.0,999.0,1.5,0.0,999.0,0,7.4,27.5,0.0,0,0.0,0.0,35.0,0.88,64.5,0,Moderate (1-3h)
SH-2200,Bengaluru,Hyderabad,MARITIME,CARRIER-D,RT-BLR-HYD-01,3,1814500.0,11619.5,13,3,10,252.4,275.3,20.4,35.1,1.0,0.0,15.0,10.0,999.0,1.5,0.0,999.0,0,0.0,0.0,0.0,0,0.0,0.0,45.0,0.88,78.7,0,Moderate (1-3h)
SH-2703,Chennai,Bengaluru,ROAD,CARRIER-C,RT-MAA-BLR-01,3,638600.0,17044.4,6,3,10,145.2,158.4,10.0,164.1,3.5,22.8,39.0,6.8,0.0,7.2,40.3,23.8,0,0.0,0.0,0.0,0,0.0,0.0,35.0,0.86,37.5,0,Minor (< 1h)
SH-2187,Chennai,Bengaluru,ROAD,CARRIER-A,RT-MAA-BLR-01,4,1903400.0,8595.2,20,3,10,225.6,246.1,9.0,46.9,1.0,0.0,15.0,10.0,999.0,1.5,0.0,999.0,0,0.0,0.0,0.0,0,0.0,0.0,35.0,0.92,93.1,0,Moderate (1-3h)
SH-3380,Mumbai,Pune,MARITIME,CARRIER-D,RT-BOM-PNQ-01,2,2494600.0,12426.5,2,5,10,57.0,62.2,7.8,61.3,1.0,0.0,15.0,10.0,999.0,1.5,0.0,999.0,0,7.0,21.7,0.0,0,0.0,0.0,25.0,0.88,39.4,0,Minor (< 1h)
SH-4374,Mumbai,Delhi,ROAD,CARRIER-C,RT-BOM-DEL-01,2,1683200.0,7588.6,3,4,10,461.2,503.1,29.0,174.5,10.0,65.0,65.0,1.0,0.0,1.5,0.0,999.0,0,0.0,0.0,0.0,0,0.0,0.0,110.0,0.86,12.9,0,On-Time
SH-2919,Bengaluru,Hyderabad,ROAD,CARRIER-A,RT-BLR-HYD-01,2,2332100.0,14932.0,18,4,10,113.4,123.7,14.5,196.7,1.0,0.0,15.0,10.0,999.0,1.5,0.0,999.0,0,0.0,0.0,0.0,0,0.0,0.0,45.0,0.92,52.3,0,Minor (< 1h)
SH-4455,Bengaluru,Chennai,ROAD,CARRIER-C,RT-BLR-MAA-01,3,1289800.0,4412.2,11,4,10,193.0,210.5,10.0,122.3,4.3,27.9,42.2,6.1,35.8,7.3,122.5,23.4,1,0.0,0.0,0.0,0,0.0,0.0,30.0,0.86,76.9,0,Moderate (1-3h)
SH-3473,Chennai,Bengaluru,MARITIME,CARRIER-D,RT-MAA-BLR-01,1,76300.0,3981.6,16,3,10,202.6,221.0,14.1,89.0,1.0,0.0,15.0,10.0,999.0,1.5,0.0,999.0,0,7.4,27.5,0.0,0,6.8,3.29,35.0,0.88,2.3,0,On-Time
SH-4043,Chennai,Hyderabad,ROAD,CARRIER-C,RT-MAA-HYD-01,3,1819700.0,6961.3,19,4,10,102.6,111.9,13.0,-154.0,10.0,65.0,65.0,1.0,0.0,7.0,92.4,21.8,0,0.0,0.0,0.0,0,0.0,0.0,55.0,0.86,259.6,1,Major (> 3h)
SH-4034,Chennai,Coimbatore,ROAD,CARRIER-C,RT-MAA-CJB-01,3,567100.0,13900.4,20,3,10,247.0,269.5,12.5,101.1,1.0,0.0,15.0,10.0,999.0,1.5,0.0,999.0,0,0.0,0.0,0.0,0,0.0,0.0,40.0,0.86,100.0,0,Moderate (1-3h)
SH-2012,Chennai,Hyderabad,AIR,CARRIER-B,RT-MAA-HYD-01,3,1210000.0,4952.2,10,4,10,172.5,188.2,6.2,-121.9,1.0,0.0,15.0,10.0,999.0,1.5,0.0,999.0,0,0.0,0.0,0.0,0,0.0,0.0,55.0,0.97,366.0,1,Major (> 3h)
SH-3634,Chennai,Bengaluru,ROAD,CARRIER-A,RT-MAA-BLR-01,2,288900.0,5700.7,17,4,10,132.9,145.0,8.5,46.0,4.3,27.9,42.2,6.1,35.8,7.3,81.6,23.4,1,0.0,0.0,0.0,0,0.0,0.0,35.0,0.92,58.1,0,Minor (< 1h)
SH-3261,Mumbai,Pune,ROAD,CARRIER-C,RT-BOM-PNQ-01,2,2385600.0,849.2,20,3,10,22.0,30.0,5.5,112.6,1.0,0.0,15.0,10.0,999.0,1.5,0.0,999.0,0,0.0,0.0,0.0,0,0.0,0.0,25.0,0.86,17.5,0,Minor (< 1h)
SH-4303,Chennai,Hyderabad,MARITIME,CARRIER-D,RT-MAA-HYD-01,2,416900.0,10488.5,6,4,10,250.6,273.4,22.6,16.2,1.0,0.0,15.0,10.0,999.0,1.5,0.0,999.0,0,7.4,27.5,0.0,0,6.8,3.29,55.0,0.88,55.4,0,Minor (< 1h)
SH-3216,Mumbai,Delhi,AIR,CARRIER-B,RT-BOM-DEL-01,3,63800.0,10468.5,11,3,10,509.1,555.4,10.6,60.9,1.0,0.0,15.0,10.0,999.0,1.5,0.0,999.0,0,0.0,0.0,0.0,0,0.0,0.0,110.0,0.97,40.3,0,Minor (< 1h)
SH-3162,Mumbai,Pune,AIR,CARRIER-B,RT-BOM-PNQ-01,3,946400.0,16465.1,10,4,10,74.3,81.1,6.0,198.0,1.0,0.0,15.0,10.0,999.0,1.5,0.0,999.0,0,0.0,0.0,0.0,0,0.0,0.0,25.0,0.97,52.0,0,Minor (< 1h)
SH-2222,Bengaluru,Chennai,MARITIME,CARRIER-D,RT-BLR-MAA-01,3,1000300.0,14658.9,23,4,10,201.9,220.3,14.6,107.3,1.0,0.0,15.0,10.0,999.0,1.5,0.0,999.0,0,7.4,27.5,0.0,0,0.0,0.0,30.0,0.88,30.0,0,Minor (< 1h)
SH-2934,Chennai,Hyderabad,AIR,CARRIER-B,RT-MAA-HYD-01,1,1092100.0,17411.9,6,4,10,402.6,439.2,5.7,66.1,1.0,0.0,15.0,10.0,999.0,1.5,0.0,999.0,0,0.0,0.0,0.0,0,0.0,0.0,55.0,0.97,37.8,0,Minor (< 1h)
SH-3683,Mumbai,Pune,ROAD,CARRIER-C,RT-BOM-PNQ-01,2,687900.0,17485.9,9,4,10,21.9,30.0,5.0,56.8,10.0,65.0,65.0,1.0,0.0,1.5,0.0,999.0,0,0.0,0.0,0.0,0,0.0,0.0,25.0,0.86,42.9,0,Minor (< 1h)
SH-2643,Bengaluru,Chennai,ROAD,CARRIER-A,RT-BLR-MAA-01,3,1920100.0,5444.9,10,3,10,255.2,278.4,11.0,234.2,3.5,22.8,39.0,6.8,0.0,7.2,150.6,18.7,0,0.0,0.0,0.0,0,0.0,0.0,30.0,0.92,13.7,0,On-Time
SH-4394,Chennai,Hyderabad,MARITIME,CARRIER-D,RT-MAA-HYD-01,2,903000.0,16013.0,23,4,10,340.0,370.9,25.6,225.8,1.0,0.0,15.0,10.0,999.0,1.5,0.0,999.0,0,7.4,27.5,0.0,0,0.0,0.0,55.0,0.88,33.4,0,Minor (< 1h)
SH-2424,Bengaluru,Hyderabad,MARITIME,CARRIER-D,RT-BLR-HYD-01,2,2241000.0,5127.1,11,4,10,362.0,394.9,21.9,177.3,1.0,0.0,15.0,10.0,999.0,1.5,0.0,999.0,0,0.0,0.0,0.0,0,0.0,0.0,45.0,0.88,6.4,0,On-Time
SH-2542,Chennai,Bengaluru,MARITIME,CARRIER-D,RT-MAA-BLR-01,3,672700.0,12535.0,21,4,10,178.3,194.5,14.1,35.4,1.0,0.0,15.0,10.0,999.0,1.5,0.0,999.0,0,7.4,27.5,0.0,0,0.0,0.0,35.0,0.88,71.7,0,Moderate (1-3h)
SH-3272,Bengaluru,Hyderabad,MARITIME,CARRIER-D,RT-BLR-HYD-01,3,2495500.0,6870.6,1,4,10,89.8,98.0,22.9,143.1,1.0,0.0,15.0,10.0,999.0,1.5,0.0,999.0,0,0.0,0.0,0.0,0,0.0,0.0,45.0,0.88,115.8,0,Moderate (1-3h)
SH-3727,Bengaluru,Hyderabad,ROAD,CARRIER-C,RT-BLR-HYD-01,3,1872400.0,17735.1,5,5,10,325.8,355.4,12.5,109.8,3.9,25.3,40.6,6.5,0.0,1.5,0.0,999.0,0,0.0,0.0,0.0,0,0.0,0.0,45.0,0.86,24.0,0,Minor (< 1h)
SH-2321,Chennai,Hyderabad,ROAD,CARRIER-C,RT-MAA-HYD-01,3,1349300.0,6863.7,7,4,10,365.4,398.6,15.0,108.0,3.1,20.2,37.4,7.3,0.0,7.3,122.5,23.4,1,0.0,0.0,0.0,0,0.0,0.0,55.0,0.86,90.9,0,Moderate (1-3h)
SH-3719,Chennai,Bengaluru,ROAD,CARRIER-C,RT-MAA-BLR-01,3,462400.0,17587.2,4,4,10,86.5,94.4,9.0,101.5,1.0,0.0,15.0,10.0,999.0,7.0,40.9,25.8,0,0.0,0.0,0.0,0,0.0,0.0,35.0,0.86,43.4,0,Minor (< 1h)
SH-2378,Mumbai,Pune,ROAD,CARRIER-C,RT-BOM-PNQ-01,2,2446200.0,7936.1,18,4,10,29.0,31.6,4.5,-95.0,1.0,0.0,15.0,10.0,999.0,1.5,0.0,999.0,0,0.0,0.0,0.0,0,0.0,0.0,25.0,0.86,191.5,1,Major (> 3h)
SH-2855,Chennai,Coimbatore,ROAD,CARRIER-A,RT-MAA-CJB-01,3,2322200.0,2920.4,14,4,10,193.2,210.8,11.5,64.1,3.1,20.2,37.4,7.2,37.7,7.3,81.6,23.4,1,0.0,0.0,0.0,0,0.0,0.0,40.0,0.92,71.5,0,Moderate (1-3h)
SH-3276,Chennai,Coimbatore,ROAD,CARRIER-C,RT-MAA-CJB-01,3,2061500.0,13039.0,9,4,10,65.6,71.6,11.0,19.4,3.1,20.2,37.4,7.2,37.7,7.3,122.5,23.4,1,0.0,0.0,0.0,0,0.0,0.0,40.0,0.86,85.6,0,Moderate (1-3h)
SH-3027,Bengaluru,Hyderabad,AIR,CARRIER-B,RT-BLR-HYD-01,3,1443100.0,17396.1,11,3,10,414.7,452.4,4.7,17.7,1.0,0.0,15.0,10.0,999.0,1.5,0.0,999.0,0,0.0,0.0,0.0,0,0.0,0.0,45.0,0.97,53.2,0,Minor (< 1h)
SH-3908,Bengaluru,Chennai,AIR,CARRIER-B,RT-BLR-MAA-01,2,778200.0,16563.6,0,5,10,46.3,50.5,4.4,77.6,1.0,0.0,15.0,10.0,999.0,1.5,0.0,999.0,0,0.0,0.0,0.0,0,0.0,0.0,30.0,0.97,52.9,0,Minor (< 1h)
SH-2066,Chennai,Bengaluru,MARITIME,CARRIER-D,RT-MAA-BLR-01,1,90600.0,17876.9,10,4,10,262.8,286.7,15.6,176.7,1.0,0.0,15.0,10.0,999.0,1.5,0.0,999.0,0,7.4,27.5,0.0,0,6.8,3.29,35.0,0.88,7.9,0,On-Time
SH-3098,Mumbai,Delhi,ROAD,CARRIER-C,RT-BOM-DEL-01,2,2426500.0,6945.0,17,4,10,1182.0,1289.5,27.5,53.9,10.0,65.0,65.0,1.0,0.0,1.5,0.0,999.0,0,0.0,0.0,0.0,0,0.0,0.0,110.0,0.86,48.0,0,Minor (< 1h)
SH-2258,Chennai,Hyderabad,ROAD,CARRIER-C,RT-MAA-HYD-01,2,516500.0,3635.5,13,3,10,485.3,529.4,16.0,237.7,1.0,0.0,15.0,10.0,999.0,6.4,110.3,18.7,0,0.0,0.0,0.0,0,0.0,0.0,55.0,0.86,5.4,0,On-Time
SH-3255,Chennai,Coimbatore,MARITIME,CARRIER-D,RT-MAA-CJB-01,1,2451400.0,2386.8,1,4,10,247.7,270.2,19.1,-44.3,1.0,0.0,15.0,10.0,999.0,1.5,0.0,999.0,0,7.4,27.5,0.0,0,6.8,3.29,40.0,0.88,194.2,1,Major (> 3h)
SH-4076,Bengaluru,Chennai,ROAD,CARRIER-A,RT-BLR-MAA-01,3,2445300.0,5536.5,13,4,10,41.8,45.6,11.0,236.5,3.1,20.2,37.4,7.2,11.3,7.3,59.2,11.0,1,0.0,0.0,0.0,0,0.0,0.0,30.0,0.92,8.2,0,On-Time
SH-2172,Bengaluru,Hyderabad,MARITIME,CARRIER-D,RT-BLR-HYD-01,2,1552100.0,451.4,2,5,10,60.3,65.8,20.9,58.7,1.0,0.0,15.0,10.0,999.0,1.5,0.0,999.0,0,0.0,0.0,0.0,0,0.0,0.0,45.0,0.88,79.3,0,Moderate (1-3h)
SH-3432,Chennai,Coimbatore,ROAD,CARRIER-A,RT-MAA-CJB-01,3,904200.0,6040.1,17,3,10,288.7,314.9,13.5,234.0,1.0,0.0,15.0,10.0,999.0,6.4,110.3,18.7,0,0.0,0.0,0.0,0,0.0,0.0,40.0,0.92,14.0,0,On-Time
SH-3169,Chennai,Coimbatore,ROAD,CARRIER-A,RT-MAA-CJB-01,2,2306400.0,4088.7,2,4,10,283.5,309.3,11.0,-12.2,3.1,20.2,37.4,7.2,37.7,7.0,40.9,25.8,0,0.0,0.0,0.0,0,0.0,0.0,40.0,0.92,128.8,1,Moderate (1-3h)
SH-3243,Bengaluru,Hyderabad,AIR,CARRIER-B,RT-BLR-HYD-01,4,136200.0,17659.9,8,4,10,348.3,380.0,5.2,67.8,1.0,0.0,15.0,10.0,999.0,1.5,0.0,999.0,0,0.0,0.0,0.0,0,0.0,0.0,45.0,0.97,26.6,0,Minor (< 1h)
SH-3472,Mumbai,Delhi,MARITIME,CARRIER-D,RT-BOM-DEL-01,2,1047200.0,1682.8,5,4,10,236.4,257.9,48.3,86.5,1.0,0.0,15.0,10.0,999.0,1.5,0.0,999.0,0,7.7,27.9,0.0,0,0.0,0.0,110.0,0.88,8.3,0,On-Time
SH-2606,Mumbai,Pune,MARITIME,CARRIER-D,RT-BOM-PNQ-01,2,697600.0,2515.5,8,4,10,97.3,106.1,7.8,82.5,1.0,0.0,15.0,10.0,999.0,1.5,0.0,999.0,0,7.7,27.9,0.0,0,0.0,0.0,25.0,0.88,17.6,0,Minor (< 1h)
SH-3151,Bengaluru,Chennai,ROAD,CARRIER-A,RT-BLR-MAA-01,3,2390600.0,14373.8,21,4,10,135.6,147.9,11.0,231.7,1.0,0.0,15.0,10.0,999.0,1.5,0.0,999.0,0,0.0,0.0,0.0,0,0.0,0.0,30.0,0.92,19.6,0,Minor (< 1h)
SH-3018,Chennai,Hyderabad,MARITIME,CARRIER-D,RT-MAA-HYD-01,3,625300.0,16209.8,17,3,10,299.2,326.4,23.1,24.4,1.0,0.0,15.0,10.0,999.0,1.5,0.0,999.0,0,7.4,27.5,0.0,0,6.8,3.29,55.0,0.88,87.1,0,Moderate (1-3h)
SH-4239,Mumbai,Delhi,AIR,CARRIER-B,RT-BOM-DEL-01,2,1260600.0,3670.0,6,4,10,1018.8,1111.4,11.1,47.5,1.0,0.0,15.0,10.0,999.0,1.5,0.0,999.0,0,0.0,0.0,0.0,0,0.0,0.0,110.0,0.97,90.6,0,Moderate (1-3h)
SH-4259,Bengaluru,Hyderabad,ROAD,CARRIER-A,RT-BLR-HYD-01,3,1307200.0,8174.2,1,5,10,305.8,333.6,11.5,-6.4,3.9,25.3,40.6,6.5,0.0,1.5,0.0,999.0,0,0.0,0.0,0.0,0,0.0,0.0,45.0,0.92,87.2,1,Moderate (1-3h)
SH-2019,Bengaluru,Hyderabad,MARITIME,CARRIER-D,RT-BLR-HYD-01,3,2335900.0,14517.6,19,3,10,223.9,244.3,20.9,66.6,1.0,0.0,15.0,10.0,999.0,1.5,0.0,999.0,0,0.0,0.0,0.0,0,0.0,0.0,45.0,0.88,63.0,0,Moderate (1-3h)
SH-2363,Mumbai,Pune,ROAD,CARRIER-A,RT-BOM-PNQ-01,4,970200.0,15775.4,18,4,10,45.4,49.5,6.5,131.7,1.0,0.0,15.0,10.0,999.0,1.5,0.0,999.0,0,0.0,0.0,0.0,0,0.0,0.0,25.0,0.92,73.1,0,Moderate (1-3h)
SH-4406,Mumbai,Delhi,MARITIME,CARRIER-D,RT-BOM-DEL-01,3,1472900.0,12946.7,17,3,10,779.9,850.8,48.3,-31.4,1.0,0.0,15.0,10.0,999.0,1.5,0.0,999.0,0,7.7,27.9,0.0,0,0.0,0.0,110.0,0.88,146.5,1,Moderate (1-3h)
SH-3961,Mumbai,Delhi,AIR,CARRIER-B,RT-BOM-DEL-01,1,1034400.0,8573.2,7,3,10,718.0,783.3,13.1,237.6,1.0,0.0,15.0,10.0,999.0,1.5,0.0,999.0,0,0.0,0.0,0.0,0,0.0,0.0,110.0,0.97,5.7,0,On-Time
SH-3401,Mumbai,Delhi,ROAD,CARRIER-C,RT-BOM-DEL-01,3,218000.0,14269.6,0,5,10,1259.1,1373.6,27.5,13.8,3.1,20.2,37.4,7.2,0.0,1.5,0.0,999.0,0,0.0,0.0,0.0,0,0.0,0.0,110.0,0.86,92.6,1,Moderate (1-3h)
SH-3696,Bengaluru,Chennai,ROAD,CARRIER-A,RT-BLR-MAA-01,3,1299700.0,8894.0,20,4,10,254.7,277.9,8.0,55.5,1.0,0.0,15.0,10.0,999.0,1.5,0.0,999.0,0,0.0,0.0,0.0,0,0.0,0.0,30.0,0.92,10.6,0,On-Time
SH-2804,Mumbai,Pune,AIR,CARRIER-B,RT-BOM-PNQ-01,3,662700.0,11804.9,17,4,10,29.1,31.7,5.0,-26.6,1.0,0.0,15.0,10.0,999.0,1.5,0.0,999.0,0,0.0,0.0,0.0,0,0.0,0.0,25.0,0.97,243.8,1,Major (> 3h)
SH-3605,Chennai,Bengaluru,ROAD,CARRIER-C,RT-MAA-BLR-01,2,182500.0,10428.7,18,3,10,51.2,55.9,8.0,55.2,1.0,0.0,15.0,10.0,999.0,1.5,0.0,999.0,0,0.0,0.0,0.0,0,0.0,0.0,35.0,0.86,11.2,0,On-Time
SH-3405,Chennai,Coimbatore,AIR,CARRIER-B,RT-MAA-CJB-01,3,2468900.0,5365.0,21,4,10,139.2,151.9,6.3,179.6,1.0,0.0,15.0,10.0,999.0,1.5,0.0,999.0,0,0.0,0.0,0.0,0,0.0,0.0,40.0,0.97,0.9,0,On-Time
SH-3154,Bengaluru,Hyderabad,AIR,CARRIER-B,RT-BLR-HYD-01,1,793600.0,15083.5,8,4,10,141.4,154.3,5.7,-52.8,1.0,0.0,15.0,10.0,999.0,1.5,0.0,999.0,0,0.0,0.0,0.0,0,0.0,0.0,45.0,0.97,210.6,1,Major (> 3h)
SH-4146,Bengaluru,Hyderabad,ROAD,CARRIER-C,RT-BLR-HYD-01,3,1205900.0,15942.5,15,3,10,168.8,184.1,13.5,74.4,1.0,0.0,15.0,10.0,999.0,1.5,0.0,999.0,0,0.0,0.0,0.0,0,0.0,0.0,45.0,0.86,131.0,0,Moderate (1-3h)
SH-3445,Mumbai,Delhi,MARITIME,CARRIER-D,RT-BOM-DEL-01,2,327200.0,1445.2,22,3,10,738.3,805.4,47.8,25.7,1.0,0.0,15.0,10.0,999.0,1.5,0.0,999.0,0,7.7,27.9,0.0,0,0.0,0.0,110.0,0.88,80.7,1,Moderate (1-3h)
SH-2040,Chennai,Coimbatore,ROAD,CARRIER-C,RT-MAA-CJB-01,3,1637500.0,11813.3,21,3,10,363.4,396.4,11.5,116.6,1.0,0.0,15.0,10.0,999.0,1.5,0.0,999.0,0,0.0,0.0,0.0,0,0.0,0.0,40.0,0.86,8.1,0,On-Time
SH-4360,Chennai,Hyderabad,MARITIME,CARRIER-D,RT-MAA-HYD-01,3,766200.0,4210.4,1,4,10,492.3,537.1,23.1,57.2,1.0,0.0,15.0,10.0,999.0,1.5,0.0,999.0,0,7.4,27.5,0.0,0,6.8,3.29,55.0,0.88,77.2,0,Moderate (1-3h)
SH-2925,Mumbai,Delhi,ROAD,CARRIER-A,RT-BOM-DEL-01,1,2485100.0,1168.7,5,4,10,462.8,504.9,27.0,51.2,10.0,65.0,65.0,1.0,0.0,1.5,0.0,999.0,0,0.0,0.0,0.0,0,0.0,0.0,110.0,0.92,20.7,0,Minor (< 1h)
SH-3917,Chennai,Hyderabad,AIR,CARRIER-B,RT-MAA-HYD-01,2,930700.0,14902.0,0,4,10,125.4,136.8,5.7,57.9,1.0,0.0,15.0,10.0,999.0,1.5,0.0,999.0,0,0.0,0.0,0.0,0,0.0,0.0,55.0,0.97,38.9,0,Minor (< 1h)
SH-3180,Mumbai,Pune,ROAD,CARRIER-C,RT-BOM-PNQ-01,2,1952200.0,15779.4,10,3,10,19.3,30.0,5.5,6.1,1.0,0.0,15.0,10.0,999.0,1.5,0.0,999.0,0,0.0,0.0,0.0,0,0.0,0.0,25.0,0.86,141.8,1,Moderate (1-3h)
SH-3330,Bengaluru,Hyderabad,ROAD,CARRIER-A,RT-BLR-HYD-01,2,1616300.0,10369.8,17,4,10,190.6,207.9,12.5,118.2,4.3,27.9,42.2,7.3,0.0,1.5,0.0,999.0,0,0.0,0.0,0.0,0,0.0,0.0,45.0,0.92,4.2,0,On-Time
SH-2811,Chennai,Hyderabad,ROAD,CARRIER-A,RT-MAA-HYD-01,3,1550900.0,9429.7,8,4,10,548.8,598.7,13.5,-110.4,3.1,20.2,37.4,7.3,0.0,7.3,122.5,23.4,1,0.0,0.0,0.0,0,0.0,0.0,55.0,0.92,239.7,1,Major (> 3h)
SH-2023,Mumbai,Delhi,AIR,CARRIER-B,RT-BOM-DEL-01,2,170700.0,6850.3,21,3,10,1228.6,1340.3,12.1,-82.7,1.0,0.0,15.0,10.0,999.0,1.5,0.0,999.0,0,0.0,0.0,0.0,0,0.0,0.0,110.0,0.97,317.8,1,Major (> 3h)
SH-4434,Chennai,Coimbatore,ROAD,CARRIER-A,RT-MAA-CJB-01,2,585800.0,263.5,18,3,10,126.3,137.8,12.5,87.4,1.0,0.0,15.0,10.0,999.0,1.5,0.0,999.0,0,0.0,0.0,0.0,0,0.0,0.0,40.0,0.92,124.3,0,Moderate (1-3h)
SH-2069,Mumbai,Delhi,MARITIME,CARRIER-D,RT-BOM-DEL-01,3,416000.0,17315.6,2,4,10,687.0,749.5,47.8,7.7,1.0,0.0,15.0,10.0,999.0,1.5,0.0,999.0,0,7.7,27.9,0.0,0,0.0,0.0,110.0,0.88,61.7,1,Moderate (1-3h)
SH-3471,Bengaluru,Chennai,ROAD,CARRIER-C,RT-BLR-MAA-01,2,637900.0,16718.3,18,3,10,172.0,187.6,8.0,56.0,1.0,0.0,15.0,10.0,999.0,1.5,0.0,999.0,0,0.0,0.0,0.0,0,0.0,0.0,30.0,0.86,9.4,0,On-Time
SH-2278,Chennai,Coimbatore,ROAD,CARRIER-C,RT-MAA-CJB-01,1,2145200.0,3104.6,21,3,10,399.9,436.3,11.0,84.1,1.0,0.0,15.0,10.0,999.0,1.5,0.0,999.0,0,0.0,0.0,0.0,0,0.0,0.0,40.0,0.86,13.9,0,On-Time
SH-4330,Mumbai,Delhi,ROAD,CARRIER-A,RT-BOM-DEL-01,3,397900.0,6442.6,12,3,10,748.8,816.9,29.0,177.1,10.0,65.0,65.0,1.0,0.0,1.5,0.0,999.0,0,0.0,0.0,0.0,0,0.0,0.0,110.0,0.92,6.9,0,On-Time
SH-3440,Chennai,Hyderabad,ROAD,CARRIER-A,RT-MAA-HYD-01,2,795600.0,6400.4,13,3,10,296.4,323.3,15.0,173.9,1.0,0.0,15.0,10.0,999.0,6.4,110.3,18.7,0,0.0,0.0,0.0,0,0.0,0.0,55.0,0.92,14.3,0,On-Time
SH-2843,Bengaluru,Chennai,AIR,CARRIER-B,RT-BLR-MAA-01,4,823700.0,12510.2,19,4,10,53.6,58.5,6.4,227.9,1.0,0.0,15.0,10.0,999.0,1.5,0.0,999.0,0,0.0,0.0,0.0,0,0.0,0.0,30.0,0.97,28.4,0,Minor (< 1h)
SH-2779,Bengaluru,Hyderabad,MARITIME,CARRIER-D,RT-BLR-HYD-01,3,1318500.0,3360.3,5,4,10,161.0,175.6,21.9,173.5,1.0,0.0,15.0,10.0,999.0,1.5,0.0,999.0,0,0.0,0.0,0.0,0,0.0,0.0,45.0,0.88,15.2,0,Minor (< 1h)
SH-3122,Chennai,Coimbatore,ROAD,CARRIER-C,RT-MAA-CJB-01,3,346700.0,11058.6,18,4,10,347.1,378.7,11.5,-73.7,8.2,53.3,57.8,2.6,37.7,1.5,0.0,999.0,0,0.0,0.0,0.0,0,0.0,0.0,40.0,0.86,239.9,1,Major (> 3h)
SH-4236,Chennai,Bengaluru,ROAD,CARRIER-A,RT-MAA-BLR-01,2,1815200.0,8556.4,16,3,10,236.2,257.7,8.5,88.1,1.0,0.0,15.0,10.0,999.0,6.4,110.3,18.7,0,0.0,0.0,0.0,0,0.0,0.0,35.0,0.92,4.4,0,On-Time
SH-3520,Chennai,Hyderabad,MARITIME,CARRIER-D,RT-MAA-HYD-01,3,825000.0,7342.7,8,4,10,507.7,553.9,24.6,173.3,1.0,0.0,15.0,10.0,999.0,1.5,0.0,999.0,0,7.4,27.5,0.0,0,6.8,3.29,55.0,0.88,15.9,0,Minor (< 1h)
SH-3667,Mumbai,Delhi,MARITIME,CARRIER-D,RT-BOM-DEL-01,2,2322400.0,17998.9,20,4,10,562.3,613.4,48.3,7.5,1.0,0.0,15.0,10.0,999.0,1.5,0.0,999.0,0,7.7,27.9,0.0,0,0.0,0.0,110.0,0.88,101.1,1,Moderate (1-3h)
SH-2716,Bengaluru,Hyderabad,ROAD,CARRIER-A,RT-BLR-HYD-01,2,2480700.0,16641.5,22,3,10,255.9,279.2,13.5,177.1,1.0,0.0,15.0,10.0,999.0,1.5,0.0,999.0,0,0.0,0.0,0.0,0,0.0,0.0,45.0,0.92,6.8,0,On-Time
SH-2238,Chennai,Coimbatore,ROAD,CARRIER-A,RT-MAA-CJB-01,2,109400.0,16956.3,19,3,10,389.1,424.5,11.5,29.5,1.0,0.0,15.0,10.0,999.0,1.5,0.0,999.0,0,0.0,0.0,0.0,0,0.0,0.0,40.0,0.92,111.7,0,Moderate (1-3h)
SH-3612,Chennai,Hyderabad,MARITIME,CARRIER-D,RT-MAA-HYD-01,3,1606900.0,12933.5,5,4,10,122.2,133.3,23.1,87.2,1.0,0.0,15.0,10.0,999.0,1.5,0.0,999.0,0,7.4,27.5,0.0,0,6.8,3.29,55.0,0.88,6.5,0,On-Time
SH-4480,Mumbai,Pune,AIR,CARRIER-B,RT-BOM-PNQ-01,2,854600.0,626.3,20,3,10,110.8,120.9,4.0,42.6,1.0,0.0,15.0,10.0,999.0,1.5,0.0,999.0,0,0.0,0.0,0.0,0,0.0,0.0,25.0,0.97,96.0,0,Moderate (1-3h)
SH-4425,Chennai,Bengaluru,AIR,CARRIER-B,RT-MAA-BLR-01,3,165300.0,15380.6,14,3,10,128.5,140.2,3.4,-16.7,1.0,0.0,15.0,10.0,999.0,1.5,0.0,999.0,0,0.0,0.0,0.0,0,0.0,0.0,35.0,0.97,94.4,1,Moderate (1-3h)
SH-3738,Mumbai,Delhi,AIR,CARRIER-B,RT-BOM-DEL-01,4,2494600.0,4517.6,11,4,10,302.8,330.3,10.1,20.4,1.0,0.0,15.0,10.0,999.0,1.5,0.0,999.0,0,0.0,0.0,0.0,0,0.0,0.0,110.0,0.97,49.4,0,Minor (< 1h)
SH-4093,Mumbai,Delhi,AIR,CARRIER-B,RT-BOM-DEL-01,2,1988800.0,16185.9,17,4,10,943.2,1028.9,10.1,27.8,1.0,0.0,15.0,10.0,999.0,1.5,0.0,999.0,0,0.0,0.0,0.0,0,0.0,0.0,110.0,0.97,75.8,1,Moderate (1-3h)
SH-4078,Chennai,Hyderabad,ROAD,CARRIER-A,RT-MAA-HYD-01,4,902300.0,11182.2,2,4,10,553.5,603.8,13.0,54.2,3.1,20.2,37.4,7.3,0.0,7.3,122.5,23.4,1,0.0,0.0,0.0,0,0.0,0.0,55.0,0.92,13.6,0,On-Time
SH-2785,Chennai,Hyderabad,ROAD,CARRIER-C,RT-MAA-HYD-01,4,933400.0,5631.7,14,3,10,347.1,378.7,13.0,-42.4,1.0,0.0,15.0,10.0,999.0,6.4,110.3,18.7,0,0.0,0.0,0.0,0,0.0,0.0,55.0,0.86,121.2,1,Moderate (1-3h)
SH-2677,Chennai,Coimbatore,ROAD,CARRIER-C,RT-MAA-CJB-01,3,2132600.0,2228.7,7,3,10,287.6,313.7,13.5,232.1,3.5,22.8,39.0,6.8,0.0,7.2,150.6,18.7,0,0.0,0.0,0.0,0,0.0,0.0,40.0,0.86,18.6,0,Minor (< 1h)
SH-2043,Chennai,Coimbatore,ROAD,CARRIER-A,RT-MAA-CJB-01,3,1778200.0,7103.6,21,4,10,211.8,231.1,12.5,-35.9,8.2,53.3,57.8,2.6,37.7,7.0,92.4,21.8,0,0.0,0.0,0.0,0,0.0,0.0,40.0,0.92,257.7,1,Major (> 3h)
SH-3115,Chennai,Hyderabad,AIR,CARRIER-B,RT-MAA-HYD-01,1,2399900.0,12316.0,14,4,10,372.1,405.9,5.2,56.4,1.0,0.0,15.0,10.0,999.0,1.5,0.0,999.0,0,0.0,0.0,0.0,0,0.0,0.0,55.0,0.97,8.4,0,On-Time
SH-2324,Mumbai,Delhi,MARITIME,CARRIER-D,RT-BOM-DEL-01,3,1269400.0,1859.3,12,3,10,698.5,762.0,49.8,15.5,1.0,0.0,15.0,10.0,999.0,1.5,0.0,999.0,0,7.7,27.9,0.0,0,0.0,0.0,110.0,0.88,198.9,1,Major (> 3h)
SH-2411,Mumbai,Delhi,ROAD,CARRIER-A,RT-BOM-DEL-01,2,1509000.0,4179.1,20,3,10,558.8,609.6,27.0,0.8,10.0,65.0,65.0,1.0,0.0,1.5,0.0,999.0,0,0.0,0.0,0.0,0,0.0,0.0,110.0,0.92,82.9,1,Moderate (1-3h)
SH-2317,Bengaluru,Hyderabad,ROAD,CARRIER-C,RT-BLR-HYD-01,3,588700.0,14516.4,15,4,10,386.4,421.5,12.5,111.3,4.3,27.9,42.2,7.3,0.0,1.5,0.0,999.0,0,0.0,0.0,0.0,0,0.0,0.0,45.0,0.86,20.5,0,Minor (< 1h)
SH-4211,Mumbai,Pune,AIR,CARRIER-B,RT-BOM-PNQ-01,3,332100.0,10564.0,13,3,10,81.6,89.0,3.5,79.6,1.0,0.0,15.0,10.0,999.0,1.5,0.0,999.0,0,0.0,0.0,0.0,0,0.0,0.0,25.0,0.97,24.6,0,Minor (< 1h)
SH-2014,Mumbai,Pune,MARITIME,CARRIER-D,RT-BOM-PNQ-01,4,762700.0,9368.0,17,3,10,35.4,38.6,8.3,114.3,1.0,0.0,15.0,10.0,999.0,1.5,0.0,999.0,0,5.7,17.3,0.0,0,0.0,0.0,25.0,0.88,13.3,0,On-Time
SH-3695,Bengaluru,Hyderabad,AIR,CARRIER-B,RT-BLR-HYD-01,3,1357300.0,14206.5,1,5,10,465.0,507.3,4.7,21.1,1.0,0.0,15.0,10.0,999.0,1.5,0.0,999.0,0,0.0,0.0,0.0,0,0.0,0.0,45.0,0.97,52.7,0,Minor (< 1h)
SH-4028,Chennai,Coimbatore,ROAD,CARRIER-A,RT-MAA-CJB-01,1,1882100.0,15318.8,21,3,10,154.5,168.5,12.5,145.4,1.0,0.0,15.0,10.0,999.0,1.5,0.0,999.0,0,0.0,0.0,0.0,0,0.0,0.0,40.0,0.92,45.6,0,Minor (< 1h)
SH-3192,Mumbai,Pune,MARITIME,CARRIER-D,RT-BOM-PNQ-01,3,1538500.0,11095.7,9,3,10,18.8,30.0,7.8,82.1,1.0,0.0,15.0,10.0,999.0,1.5,0.0,999.0,0,5.7,17.3,0.0,0,0.0,0.0,25.0,0.88,18.5,0,Minor (< 1h)
SH-4114,Mumbai,Pune,MARITIME,CARRIER-D,RT-BOM-PNQ-01,2,252000.0,4589.2,9,3,10,33.1,36.1,10.3,235.6,1.0,0.0,15.0,10.0,999.0,1.5,0.0,999.0,0,5.7,17.3,0.0,0,0.0,0.0,25.0,0.88,10.4,0,On-Time
SH-3718,Mumbai,Pune,MARITIME,CARRIER-D,RT-BOM-PNQ-01,3,2272100.0,8047.5,7,3,10,134.4,146.6,8.3,116.4,1.0,0.0,15.0,10.0,999.0,1.5,0.0,999.0,0,5.7,17.3,0.0,0,0.0,0.0,25.0,0.88,8.5,0,On-Time
SH-2825,Bengaluru,Hyderabad,MARITIME,CARRIER-D,RT-BLR-HYD-01,2,366600.0,16677.3,10,3,10,182.4,199.0,20.9,44.7,1.0,0.0,15.0,10.0,999.0,1.5,0.0,999.0,0,0.0,0.0,0.0,0,0.0,0.0,45.0,0.88,96.5,0,Moderate (1-3h)
SH-3986,Bengaluru,Hyderabad,ROAD,CARRIER-C,RT-BLR-HYD-01,1,1851300.0,4128.0,21,3,10,357.0,389.5,12.0,82.4,1.0,0.0,15.0,10.0,999.0,1.5,0.0,999.0,0,0.0,0.0,0.0,0,0.0,0.0,45.0,0.86,11.3,0,On-Time
SH-4022,Chennai,Hyderabad,ROAD,CARRIER-A,RT-MAA-HYD-01,3,1839200.0,8996.9,21,3,10,113.0,123.3,14.0,119.3,1.0,0.0,15.0,10.0,999.0,7.0,40.9,25.8,0,0.0,0.0,0.0,0,0.0,0.0,55.0,0.92,1.6,0,On-Time
SH-3166,Mumbai,Delhi,MARITIME,CARRIER-D,RT-BOM-DEL-01,3,193500.0,14298.2,9,4,10,906.7,989.1,48.8,112.2,1.0,0.0,15.0,10.0,999.0,1.5,0.0,999.0,0,7.7,27.9,0.0,0,0.0,0.0,110.0,0.88,18.4,0,Minor (< 1h)
SH-2430,Chennai,Coimbatore,ROAD,CARRIER-A,RT-MAA-CJB-01,1,1227300.0,8072.6,4,5,10,303.0,330.5,11.5,62.0,8.2,53.3,57.8,2.6,37.7,7.0,70.1,21.8,0,0.0,0.0,0.0,0,0.0,0.0,40.0,0.92,72.3,0,Moderate (1-3h)
SH-3378,Mumbai,Pune,ROAD,CARRIER-C,RT-BOM-PNQ-01,3,1118400.0,7854.6,17,3,10,64.2,70.0,4.5,55.2,1.0,0.0,15.0,10.0,999.0,1.5,0.0,999.0,0,0.0,0.0,0.0,0,0.0,0.0,25.0,0.86,11.2,0,On-Time
SH-2305,Chennai,Hyderabad,ROAD,CARRIER-A,RT-MAA-HYD-01,2,1848800.0,15643.2,2,4,10,222.1,242.3,14.0,53.7,3.1,20.2,37.4,7.3,0.0,7.3,122.5,23.4,1,0.0,0.0,0.0,0,0.0,0.0,55.0,0.92,80.4,0,Moderate (1-3h)
SH-3701,Chennai,Coimbatore,ROAD,CARRIER-C,RT-MAA-CJB-01,4,1090600.0,8650.0,11,4,10,408.2,445.3,11.0,82.9,3.1,20.2,37.4,7.2,37.7,7.3,122.5,23.4,1,0.0,0.0,0.0,0,0.0,0.0,40.0,0.86,16.8,0,Minor (< 1h)
SH-4151,Bengaluru,Hyderabad,ROAD,CARRIER-C,RT-BLR-HYD-01,3,1312300.0,3147.4,23,3,10,189.5,206.7,12.0,68.5,1.0,0.0,15.0,10.0,999.0,1.5,0.0,999.0,0,0.0,0.0,0.0,0,0.0,0.0,45.0,0.86,34.8,0,Minor (< 1h)
SH-2091,Mumbai,Pune,MARITIME,CARRIER-D,RT-BOM-PNQ-01,4,2453000.0,1439.6,11,3,10,116.5,127.1,7.8,81.5,1.0,0.0,15.0,10.0,999.0,1.5,0.0,999.0,0,5.7,17.3,0.0,0,0.0,0.0,25.0,0.88,20.0,0,Minor (< 1h)
SH-3417,Bengaluru,Chennai,ROAD,CARRIER-C,RT-BLR-MAA-01,3,75500.0,8571.3,11,4,10,106.4,116.1,8.0,0.8,4.3,27.9,42.2,6.1,35.8,7.3,122.5,23.4,1,0.0,0.0,0.0,0,0.0,0.0,30.0,0.86,70.9,1,Moderate (1-3h)
SH-2460,Chennai,Hyderabad,MARITIME,CARRIER-D,RT-MAA-HYD-01,1,1446100.0,11478.1,9,4,10,351.9,383.9,25.6,235.8,1.0,0.0,15.0,10.0,999.0,1.5,0.0,999.0,0,7.4,27.5,0.0,0,6.8,3.29,55.0,0.88,9.8,0,On-Time
SH-4322,Chennai,Hyderabad,MARITIME,CARRIER-D,RT-MAA-HYD-01,3,475800.0,4741.5,8,3,10,456.1,497.6,23.6,113.1,1.0,0.0,15.0,10.0,999.0,1.5,0.0,999.0,0,7.4,27.5,0.0,0,6.8,3.29,55.0,0.88,16.3,0,Minor (< 1h)
SH-4223,Chennai,Coimbatore,AIR,CARRIER-B,RT-MAA-CJB-01,3,1948000.0,16432.3,2,5,10,123.4,134.6,4.3,-2.2,1.0,0.0,15.0,10.0,999.0,1.5,0.0,999.0,0,0.0,0.0,0.0,0,0.0,0.0,40.0,0.97,76.6,1,Moderate (1-3h)
SH-2467,Bengaluru,Hyderabad,ROAD,CARRIER-C,RT-BLR-HYD-01,2,1466200.0,13628.9,21,4,10,262.6,286.5,13.5,172.6,3.9,25.3,40.6,6.5,0.0,1.5,0.0,999.0,0,0.0,0.0,0.0,0,0.0,0.0,45.0,0.86,17.4,0,Minor (< 1h)
SH-4166,Mumbai,Pune,ROAD,CARRIER-C,RT-BOM-PNQ-01,2,1265700.0,636.2,21,4,10,84.2,91.9,6.5,175.9,1.0,0.0,15.0,10.0,999.0,1.5,0.0,999.0,0,0.0,0.0,0.0,0,0.0,0.0,25.0,0.86,9.6,0,On-Time
SH-3495,Chennai,Hyderabad,AIR,CARRIER-B,RT-MAA-HYD-01,2,296800.0,436.1,1,4,10,515.3,562.1,8.2,239.4,1.0,0.0,15.0,10.0,999.0,1.5,0.0,999.0,0,0.0,0.0,0.0,0,0.0,0.0,55.0,0.97,1.5,0,On-Time
SH-2310,Bengaluru,Chennai,AIR,CARRIER-B,RT-BLR-MAA-01,3,1595100.0,16929.7,2,5,10,241.9,263.9,4.4,23.3,1.0,0.0,15.0,10.0,999.0,1.5,0.0,999.0,0,0.0,0.0,0.0,0,0.0,0.0,30.0,0.97,195.0,1,Major (> 3h)
SH-3197,Chennai,Bengaluru,MARITIME,CARRIER-D,RT-MAA-BLR-01,2,640600.0,4285.4,17,4,10,236.2,257.7,14.1,84.3,1.0,0.0,15.0,10.0,999.0,1.5,0.0,999.0,0,7.4,27.5,0.0,0,0.0,0.0,35.0,0.88,13.3,0,On-Time
SH-2756,Bengaluru,Chennai,ROAD,CARRIER-A,RT-BLR-MAA-01,1,613900.0,7453.8,22,3,10,180.8,197.2,8.0,55.6,1.0,0.0,15.0,10.0,999.0,1.5,0.0,999.0,0,0.0,0.0,0.0,0,0.0,0.0,30.0,0.92,10.4,0,On-Time
SH-2946,Chennai,Hyderabad,ROAD,CARRIER-A,RT-MAA-HYD-01,1,2470700.0,9694.1,17,4,10,481.2,524.9,15.0,178.9,3.1,20.2,37.4,7.3,0.0,7.3,81.6,23.4,1,0.0,0.0,0.0,0,0.0,0.0,55.0,0.92,2.7,0,On-Time
SH-3999,Bengaluru,Chennai,ROAD,CARRIER-A,RT-BLR-MAA-01,2,1329900.0,11790.5,19,3,10,151.0,164.7,8.0,47.7,1.0,0.0,15.0,10.0,999.0,1.5,0.0,999.0,0,0.0,0.0,0.0,0,0.0,0.0,30.0,0.92,28.8,0,Minor (< 1h)
SH-2431,Chennai,Coimbatore,ROAD,CARRIER-A,RT-MAA-CJB-01,3,1586000.0,3477.7,6,3,10,84.7,92.4,13.5,239.4,3.5,22.8,39.0,6.8,0.0,7.2,150.6,18.7,0,0.0,0.0,0.0,0,0.0,0.0,40.0,0.92,1.5,0,On-Time
SH-2520,Chennai,Coimbatore,ROAD,CARRIER-A,RT-MAA-CJB-01,2,2169800.0,2156.3,15,4,10,257.0,280.4,11.0,85.5,3.1,20.2,37.4,7.2,37.7,7.3,81.6,23.4,1,0.0,0.0,0.0,0,0.0,0.0,40.0,0.92,10.6,0,On-Time
SH-2860,Bengaluru,Hyderabad,ROAD,CARRIER-A,RT-BLR-HYD-01,3,89700.0,12749.1,23,3,10,332.4,362.6,12.5,115.5,1.0,0.0,15.0,10.0,999.0,1.5,0.0,999.0,0,0.0,0.0,0.0,0,0.0,0.0,45.0,0.92,10.5,0,On-Time
SH-2053,Chennai,Coimbatore,ROAD,CARRIER-A,RT-MAA-CJB-01,2,2139300.0,6395.0,11,4,10,180.9,197.3,13.5,208.2,3.1,20.2,37.4,7.2,37.7,7.3,122.5,23.4,1,0.0,0.0,0.0,0,0.0,0.0,40.0,0.92,37.5,0,Minor (< 1h)
SH-2062,Bengaluru,Chennai,AIR,CARRIER-B,RT-BLR-MAA-01,2,166100.0,2660.1,17,3,10,219.2,239.1,3.9,73.1,1.0,0.0,15.0,10.0,999.0,1.5,0.0,999.0,0,0.0,0.0,0.0,0,0.0,0.0,30.0,0.97,26.7,0,Minor (< 1h)
SH-2033,Chennai,Bengaluru,AIR,CARRIER-B,RT-MAA-BLR-01,1,2492700.0,15849.8,21,4,10,227.2,247.9,3.9,86.1,1.0,0.0,15.0,10.0,999.0,1.5,0.0,999.0,0,0.0,0.0,0.0,0,0.0,0.0,35.0,0.97,9.2,0,On-Time
SH-4073,Mumbai,Pune,AIR,CARRIER-B,RT-BOM-PNQ-01,3,1372700.0,4524.1,16,3,10,51.2,55.9,5.0,156.3,1.0,0.0,15.0,10.0,999.0,1.5,0.0,999.0,0,0.0,0.0,0.0,0,0.0,0.0,25.0,0.97,37.8,0,Minor (< 1h)
SH-2614,Mumbai,Pune,ROAD,CARRIER-A,RT-BOM-PNQ-01,3,1799200.0,2942.5,6,3,10,108.2,118.0,5.5,119.2,1.0,0.0,15.0,10.0,999.0,1.5,0.0,999.0,0,0.0,0.0,0.0,0,0.0,0.0,25.0,0.92,1.8,0,On-Time
SH-2556,Chennai,Coimbatore,ROAD,CARRIER-A,RT-MAA-CJB-01,2,249600.0,14417.4,10,3,10,175.0,190.9,12.5,108.2,3.5,22.8,39.0,6.8,0.0,7.2,150.6,18.7,0,0.0,0.0,0.0,0,0.0,0.0,40.0,0.92,89.7,0,Moderate (1-3h)
SH-2213,Mumbai,Delhi,MARITIME,CARRIER-D,RT-BOM-DEL-01,2,1685100.0,8330.1,0,5,10,240.5,262.4,50.8,161.8,1.0,0.0,15.0,10.0,999.0,1.5,0.0,999.0,0,7.0,21.7,0.0,0,0.0,0.0,110.0,0.88,93.2,0,Moderate (1-3h)
SH-3159,Chennai,Coimbatore,ROAD,CARRIER-A,RT-MAA-CJB-01,2,1758100.0,17446.4,17,3,10,324.9,354.4,11.5,111.6,1.0,0.0,15.0,10.0,999.0,6.4,110.3,18.7,0,0.0,0.0,0.0,0,0.0,0.0,40.0,0.92,19.8,0,Minor (< 1h)
SH-3978,Bengaluru,Hyderabad,ROAD,CARRIER-A,RT-BLR-HYD-01,1,2456600.0,4519.4,4,5,10,368.2,401.7,11.5,-31.0,3.9,25.3,40.6,6.5,0.0,1.5,0.0,999.0,0,0.0,0.0,0.0,0,0.0,0.0,45.0,0.92,158.1,1,Moderate (1-3h)
SH-3613,Mumbai,Pune,MARITIME,CARRIER-D,RT-BOM-PNQ-01,3,2446300.0,8580.1,10,3,10,22.9,30.0,7.3,57.7,1.0,0.0,15.0,10.0,999.0,1.5,0.0,999.0,0,5.7,17.3,0.0,0,0.0,0.0,25.0,0.88,5.5,0,On-Time
SH-3085,Mumbai,Pune,ROAD,CARRIER-A,RT-BOM-PNQ-01,4,2095200.0,377.2,10,3,10,17.6,30.0,6.5,148.3,1.0,0.0,15.0,10.0,999.0,1.5,0.0,999.0,0,0.0,0.0,0.0,0,0.0,0.0,25.0,0.92,42.9,0,Minor (< 1h)
SH-3080,Chennai,Coimbatore,ROAD,CARRIER-C,RT-MAA-CJB-01,1,1652300.0,14423.7,14,3,10,77.2,84.2,13.5,226.2,1.0,0.0,15.0,10.0,999.0,6.4,110.3,18.7,0,0.0,0.0,0.0,0,0.0,0.0,40.0,0.86,20.1,0,Minor (< 1h)
SH-4436,Bengaluru,Hyderabad,ROAD,CARRIER-C,RT-BLR-HYD-01,3,1596300.0,17931.4,4,4,10,354.9,387.2,12.5,89.2,4.3,27.9,42.2,7.3,0.0,1.5,0.0,999.0,0,0.0,0.0,0.0,0,0.0,0.0,45.0,0.86,40.4,0,Minor (< 1h)
SH-3680,Mumbai,Pune,AIR,CARRIER-B,RT-BOM-PNQ-01,3,1800000.0,7604.0,13,3,10,41.6,45.4,3.5,82.3,1.0,0.0,15.0,10.0,999.0,1.5,0.0,999.0,0,0.0,0.0,0.0,0,0.0,0.0,25.0,0.97,18.2,0,Minor (< 1h)
SH-3924,Chennai,Hyderabad,AIR,CARRIER-B,RT-MAA-HYD-01,2,1951300.0,3229.3,16,4,10,140.5,153.3,5.7,84.8,1.0,0.0,15.0,10.0,999.0,1.5,0.0,999.0,0,0.0,0.0,0.0,0,0.0,0.0,55.0,0.97,12.3,0,On-Time
SH-3425,Chennai,Coimbatore,ROAD,CARRIER-C,RT-MAA-CJB-01,3,161600.0,16266.9,5,5,10,99.1,108.1,11.0,-31.0,8.2,53.3,57.8,2.6,37.7,7.0,70.1,21.8,0,0.0,0.0,0.0,0,0.0,0.0,40.0,0.86,147.7,1,Moderate (1-3h)
SH-3010,Mumbai,Pune,AIR,CARRIER-B,RT-BOM-PNQ-01,4,481600.0,5155.0,4,4,10,122.6,133.7,3.5,57.4,1.0,0.0,15.0,10.0,999.0,1.5,0.0,999.0,0,0.0,0.0,0.0,0,0.0,0.0,25.0,0.97,40.3,0,Minor (< 1h)
SH-2955,Chennai,Coimbatore,AIR,CARRIER-B,RT-MAA-CJB-01,2,275000.0,266.6,0,4,10,111.6,121.7,6.3,30.2,1.0,0.0,15.0,10.0,999.0,1.5,0.0,999.0,0,0.0,0.0,0.0,0,0.0,0.0,40.0,0.97,183.4,1,Major (> 3h)
SH-2100,Mumbai,Delhi,AIR,CARRIER-B,RT-BOM-DEL-01,2,2231100.0,8565.2,7,4,10,1202.9,1312.3,12.1,161.9,1.0,0.0,15.0,10.0,999.0,1.5,0.0,999.0,0,0.0,0.0,0.0,0,0.0,0.0,110.0,0.97,26.9,0,Minor (< 1h)
SH-3061,Chennai,Hyderabad,ROAD,CARRIER-A,RT-MAA-HYD-01,4,1159700.0,12797.8,14,4,10,139.1,151.7,15.0,172.6,3.1,20.2,37.4,7.3,0.0,7.3,81.6,23.4,1,0.0,0.0,0.0,0,0.0,0.0,55.0,0.92,17.3,0,Minor (< 1h)
SH-4343,Chennai,Hyderabad,ROAD,CARRIER-C,RT-MAA-HYD-01,3,2436800.0,14532.9,17,3,10,267.6,291.9,14.0,57.2,1.0,0.0,15.0,10.0,999.0,6.4,110.3,18.7,0,0.0,0.0,0.0,0,0.0,0.0,55.0,0.86,83.7,0,Moderate (1-3h)
SH-3231,Mumbai,Pune,MARITIME,CARRIER-D,RT-BOM-PNQ-01,3,327500.0,5606.7,22,3,10,117.4,128.1,9.3,97.9,1.0,0.0,15.0,10.0,999.0,1.5,0.0,999.0,0,7.7,27.9,0.0,0,0.0,0.0,25.0,0.88,105.1,0,Moderate (1-3h)
SH-3859,Bengaluru,Chennai,AIR,CARRIER-B,RT-BLR-MAA-01,3,1037100.0,8170.6,21,3,10,185.6,202.5,5.4,178.0,1.0,0.0,15.0,10.0,999.0,1.5,0.0,999.0,0,0.0,0.0,0.0,0,0.0,0.0,30.0,0.97,4.7,0,On-Time
SH-2148,Mumbai,Delhi,ROAD,CARRIER-C,RT-BOM-DEL-01,4,1254900.0,9610.1,17,3,10,741.2,808.6,27.0,55.4,10.0,65.0,65.0,1.0,0.0,1.5,0.0,999.0,0,0.0,0.0,0.0,0,0.0,0.0,110.0,0.86,10.9,0,On-Time
SH-2057,Bengaluru,Hyderabad,ROAD,CARRIER-A,RT-BLR-HYD-01,2,840100.0,2966.9,21,3,10,243.6,265.7,14.5,235.5,1.0,0.0,15.0,10.0,999.0,1.5,0.0,999.0,0,0.0,0.0,0.0,0,0.0,0.0,45.0,0.92,10.6,0,On-Time
SH-2924,Mumbai,Delhi,MARITIME,CARRIER-D,RT-BOM-DEL-01,3,960200.0,11754.0,20,3,10,270.1,294.7,50.8,234.8,1.0,0.0,15.0,10.0,999.0,1.5,0.0,999.0,0,7.7,27.9,0.0,0,0.0,0.0,110.0,0.88,12.3,0,On-Time
SH-2039,Chennai,Coimbatore,AIR,CARRIER-B,RT-MAA-CJB-01,2,1051500.0,4073.8,11,3,10,281.6,307.2,4.3,59.6,1.0,0.0,15.0,10.0,999.0,1.5,0.0,999.0,0,0.0,0.0,0.0,0,0.0,0.0,40.0,0.97,0.9,0,On-Time
SH-3518,Bengaluru,Chennai,ROAD,CARRIER-C,RT-BLR-MAA-01,3,2001000.0,6418.7,12,4,10,111.9,122.1,8.0,-6.9,4.2,27.3,41.8,6.2,32.7,7.3,81.6,23.4,1,0.0,0.0,0.0,0,0.0,0.0,30.0,0.86,102.5,1,Moderate (1-3h)
SH-3686,Chennai,Coimbatore,ROAD,CARRIER-A,RT-MAA-CJB-01,2,1003000.0,5941.6,4,4,10,297.1,324.1,10.5,52.8,3.1,20.2,37.4,7.2,37.7,7.3,122.5,23.4,1,0.0,0.0,0.0,0,0.0,0.0,40.0,0.92,16.9,0,Minor (< 1h)
SH-2505,Mumbai,Pune,ROAD,CARRIER-A,RT-BOM-PNQ-01,4,1846400.0,14523.8,13,3,10,57.0,62.2,5.0,80.7,1.0,0.0,15.0,10.0,999.0,1.5,0.0,999.0,0,0.0,0.0,0.0,0,0.0,0.0,25.0,0.92,21.9,0,Minor (< 1h)
SH-2680,Bengaluru,Chennai,ROAD,CARRIER-C,RT-BLR-MAA-01,1,1760300.0,3098.7,1,4,10,220.0,240.0,11.0,237.4,1.0,0.0,15.0,10.0,999.0,7.0,40.9,25.8,0,0.0,0.0,0.0,0,0.0,0.0,30.0,0.86,6.2,0,On-Time
SH-3461,Bengaluru,Chennai,ROAD,CARRIER-A,RT-BLR-MAA-01,2,149800.0,13757.5,23,4,10,121.4,132.4,9.0,115.1,8.2,53.3,57.8,2.6,37.7,1.5,0.0,999.0,0,0.0,0.0,0.0,0,0.0,0.0,30.0,0.92,11.4,0,On-Time
SH-4155,Bengaluru,Chennai,MARITIME,CARRIER-D,RT-BLR-MAA-01,2,179100.0,15215.1,2,5,10,188.3,205.4,14.1,-7.8,1.0,0.0,15.0,10.0,999.0,1.5,0.0,999.0,0,7.4,22.8,0.0,0,0.0,0.0,30.0,0.88,122.1,1,Moderate (1-3h)
SH-4071,Chennai,Coimbatore,ROAD,CARRIER-A,RT-MAA-CJB-01,4,1307100.0,2372.7,12,3,10,202.2,220.6,13.5,169.3,1.0,0.0,15.0,10.0,999.0,6.4,110.3,18.7,0,0.0,0.0,0.0,0,0.0,0.0,40.0,0.92,115.9,0,Moderate (1-3h)
SH-2647,Bengaluru,Hyderabad,ROAD,CARRIER-C,RT-BLR-HYD-01,1,2020700.0,3506.0,4,5,10,368.2,401.7,13.5,19.0,3.9,25.3,40.6,6.5,0.0,1.5,0.0,999.0,0,0.0,0.0,0.0,0,0.0,0.0,45.0,0.86,195.9,1,Major (> 3h)
SH-3839,Mumbai,Delhi,ROAD,CARRIER-A,RT-BOM-DEL-01,3,1031000.0,13695.4,16,4,10,781.2,852.2,29.0,175.1,10.0,65.0,65.0,1.0,0.0,1.5,0.0,999.0,0,0.0,0.0,0.0,0,0.0,0.0,110.0,0.92,11.5,0,On-Time
SH-3921,Bengaluru,Chennai,AIR,CARRIER-B,RT-BLR-MAA-01,3,2083100.0,5705.2,3,4,10,215.0,234.5,3.4,55.4,1.0,0.0,15.0,10.0,999.0,1.5,0.0,999.0,0,0.0,0.0,0.0,0,0.0,0.0,30.0,0.97,10.8,0,On-Time
SH-3926,Chennai,Bengaluru,AIR,CARRIER-B,RT-MAA-BLR-01,3,1460000.0,6070.2,10,3,10,161.2,175.9,4.4,108.6,1.0,0.0,15.0,10.0,999.0,1.5,0.0,999.0,0,0.0,0.0,0.0,0,0.0,0.0,35.0,0.97,14.2,0,On-Time
SH-4104,Mumbai,Pune,ROAD,CARRIER-A,RT-BOM-PNQ-01,2,1984400.0,8495.9,19,4,10,45.5,49.6,5.0,87.0,1.0,0.0,15.0,10.0,999.0,1.5,0.0,999.0,0,0.0,0.0,0.0,0,0.0,0.0,25.0,0.92,7.0,0,On-Time
SH-4469,Bengaluru,Chennai,ROAD,CARRIER-A,RT-BLR-MAA-01,1,630300.0,1876.0,5,5,10,96.3,105.1,8.5,77.3,6.0,39.0,49.0,6.5,0.0,9.5,202.6,21.0,1,0.0,0.0,0.0,0,0.0,0.0,30.0,0.92,29.8,0,Minor (< 1h)
SH-3598,Chennai,Coimbatore,AIR,CARRIER-B,RT-MAA-CJB-01,3,183300.0,13169.6,7,4,10,351.9,383.9,7.3,234.5,1.0,0.0,15.0,10.0,999.0,1.5,0.0,999.0,0,0.0,0.0,0.0,0,0.0,0.0,40.0,0.97,13.0,0,On-Time
SH-4038,Chennai,Coimbatore,ROAD,CARRIER-A,RT-MAA-CJB-01,3,2437700.0,14881.1,5,4,10,313.7,342.2,11.5,79.3,3.1,20.2,37.4,7.2,37.7,7.3,122.5,23.4,1,0.0,0.0,0.0,0,0.0,0.0,40.0,0.92,54.1,0,Minor (< 1h)
SH-2219,Chennai,Hyderabad,ROAD,CARRIER-A,RT-MAA-HYD-01,4,221800.0,10431.8,16,3,10,443.0,483.3,16.0,236.6,1.0,0.0,15.0,10.0,999.0,6.4,110.3,18.7,0,0.0,0.0,0.0,0,0.0,0.0,55.0,0.92,7.9,0,On-Time
SH-2197,Mumbai,Delhi,AIR,CARRIER-B,RT-BOM-DEL-01,1,629900.0,9591.9,21,3,10,804.4,877.5,13.1,234.2,1.0,0.0,15.0,10.0,999.0,1.5,0.0,999.0,0,0.0,0.0,0.0,0,0.0,0.0,110.0,0.97,13.6,0,On-Time
SH-4057,Chennai,Hyderabad,MARITIME,CARRIER-D,RT-MAA-HYD-01,1,1737000.0,8795.2,19,4,10,550.5,600.5,23.6,118.7,1.0,0.0,15.0,10.0,999.0,1.5,0.0,999.0,0,7.4,27.5,0.0,0,0.0,0.0,55.0,0.88,3.0,0,On-Time
SH-4058,Mumbai,Pune,MARITIME,CARRIER-D,RT-BOM-PNQ-01,2,2197700.0,11816.6,16,3,10,56.7,61.9,9.3,79.0,1.0,0.0,15.0,10.0,999.0,1.5,0.0,999.0,0,5.7,17.3,0.0,0,0.0,0.0,25.0,0.88,119.5,0,Moderate (1-3h)
SH-4481,Chennai,Coimbatore,AIR,CARRIER-B,RT-MAA-CJB-01,3,1174900.0,3772.2,14,4,10,94.9,103.5,7.3,143.7,1.0,0.0,15.0,10.0,999.0,1.5,0.0,999.0,0,0.0,0.0,0.0,0,0.0,0.0,40.0,0.97,120.7,0,Moderate (1-3h)
SH-2711,Bengaluru,Hyderabad,AIR,CARRIER-B,RT-BLR-HYD-01,1,782400.0,17784.5,9,3,10,318.3,347.2,7.7,234.4,1.0,0.0,15.0,10.0,999.0,1.5,0.0,999.0,0,0.0,0.0,0.0,0,0.0,0.0,45.0,0.97,13.2,0,On-Time
SH-3597,Chennai,Bengaluru,MARITIME,CARRIER-D,RT-MAA-BLR-01,2,121500.0,2943.6,10,4,10,133.2,145.3,14.1,79.6,1.0,0.0,15.0,10.0,999.0,1.5,0.0,999.0,0,7.4,27.5,0.0,0,6.8,3.29,35.0,0.88,24.5,0,Minor (< 1h)
SH-2475,Chennai,Coimbatore,AIR,CARRIER-B,RT-MAA-CJB-01,3,264700.0,17920.4,11,4,10,100.7,109.9,7.3,99.6,1.0,0.0,15.0,10.0,999.0,1.5,0.0,999.0,0,0.0,0.0,0.0,0,0.0,0.0,40.0,0.97,172.6,0,Moderate (1-3h)
SH-2372,Chennai,Coimbatore,ROAD,CARRIER-A,RT-MAA-CJB-01,2,1919800.0,4565.7,18,4,10,100.0,109.1,12.5,47.8,1.0,0.0,15.0,10.0,999.0,1.5,0.0,999.0,0,0.0,0.0,0.0,0,0.0,0.0,40.0,0.92,161.4,0,Moderate (1-3h)
SH-3391,Chennai,Bengaluru,ROAD,CARRIER-C,RT-MAA-BLR-01,2,2190700.0,14914.0,16,3,10,58.9,64.3,9.0,112.0,1.0,0.0,15.0,10.0,999.0,6.4,110.3,18.7,0,0.0,0.0,0.0,0,0.0,0.0,35.0,0.86,18.8,0,Minor (< 1h)
SH-4363,Bengaluru,Chennai,ROAD,CARRIER-A,RT-BLR-MAA-01,2,877600.0,13140.9,10,3,10,49.7,54.2,9.0,114.6,3.5,22.8,39.0,6.8,0.0,7.2,80.8,14.3,1,0.0,0.0,0.0,0,0.0,0.0,30.0,0.92,12.6,0,On-Time
SH-2868,Mumbai,Delhi,MARITIME,CARRIER-D,RT-BOM-DEL-01,4,1015400.0,1500.6,10,4,10,227.5,248.2,48.8,102.5,1.0,0.0,15.0,10.0,999.0,1.5,0.0,999.0,0,7.7,27.9,0.0,0,0.0,0.0,110.0,0.88,26.1,0,Minor (< 1h)
SH-2243,Mumbai,Delhi,AIR,CARRIER-B,RT-BOM-DEL-01,2,844800.0,14410.6,21,3,10,157.2,171.5,12.1,145.7,1.0,0.0,15.0,10.0,999.0,1.5,0.0,999.0,0,0.0,0.0,0.0,0,0.0,0.0,110.0,0.97,43.5,0,Minor (< 1h)
SH-4007,Mumbai,Pune,MARITIME,CARRIER-D,RT-BOM-PNQ-01,3,2198500.0,11536.6,16,4,10,49.5,54.0,7.3,39.2,1.0,0.0,15.0,10.0,999.0,1.5,0.0,999.0,0,7.7,27.9,0.0,0,0.0,0.0,25.0,0.88,24.7,0,Minor (< 1h)
SH-3147,Mumbai,Delhi,ROAD,CARRIER-A,RT-BOM-DEL-01,3,2397800.0,7714.2,0,4,10,1044.8,1139.8,27.5,88.7,10.0,65.0,65.0,1.0,0.0,1.5,0.0,999.0,0,0.0,0.0,0.0,0,0.0,0.0,110.0,0.92,3.1,0,On-Time
SH-3627,Chennai,Bengaluru,MARITIME,CARRIER-D,RT-MAA-BLR-01,3,1520400.0,11209.7,9,3,10,259.8,283.4,13.6,58.5,1.0,0.0,15.0,10.0,999.0,1.5,0.0,999.0,0,6.9,22.2,0.0,0,0.0,0.0,35.0,0.88,3.6,0,On-Time
SH-2507,Bengaluru,Chennai,MARITIME,CARRIER-D,RT-BLR-MAA-01,2,1098900.0,7774.7,13,4,10,117.7,128.4,16.6,236.1,1.0,0.0,15.0,10.0,999.0,1.5,0.0,999.0,0,7.4,27.5,0.0,0,6.8,3.29,30.0,0.88,9.2,0,On-Time
SH-2110,Chennai,Hyderabad,MARITIME,CARRIER-D,RT-MAA-HYD-01,1,2036900.0,8775.4,5,4,10,135.8,148.1,22.6,30.8,1.0,0.0,15.0,10.0,999.0,1.5,0.0,999.0,0,7.4,27.5,0.0,0,6.8,3.29,55.0,0.88,44.0,0,Minor (< 1h)
SH-2923,Chennai,Hyderabad,ROAD,CARRIER-A,RT-MAA-HYD-01,3,365000.0,11168.1,10,3,10,477.1,520.5,16.0,140.4,3.5,22.8,39.0,6.8,0.0,7.2,150.6,18.7,0,0.0,0.0,0.0,0,0.0,0.0,55.0,0.92,118.4,0,Moderate (1-3h)
SH-4269,Chennai,Bengaluru,ROAD,CARRIER-A,RT-MAA-BLR-01,2,2357600.0,3851.6,20,4,10,208.2,227.1,9.0,117.5,1.0,0.0,15.0,10.0,999.0,1.5,0.0,999.0,0,0.0,0.0,0.0,0,0.0,0.0,35.0,0.92,5.8,0,On-Time
SH-3904,Mumbai,Delhi,ROAD,CARRIER-C,RT-BOM-DEL-01,3,1561200.0,4281.6,22,3,10,542.8,592.1,29.0,17.7,10.0,65.0,65.0,1.0,0.0,1.5,0.0,999.0,0,0.0,0.0,0.0,0,0.0,0.0,110.0,0.86,198.6,1,Major (> 3h)
SH-3946,Mumbai,Pune,ROAD,CARRIER-A,RT-BOM-PNQ-01,4,88200.0,9832.8,10,3,10,54.2,59.1,4.5,31.1,1.0,0.0,15.0,10.0,999.0,1.5,0.0,999.0,0,0.0,0.0,0.0,0,0.0,0.0,25.0,0.92,43.7,0,Minor (< 1h)
SH-4280,Bengaluru,Hyderabad,MARITIME,CARRIER-D,RT-BLR-HYD-01,3,2030500.0,2049.1,2,4,10,420.4,458.6,19.9,56.5,1.0,0.0,15.0,10.0,999.0,1.5,0.0,999.0,0,0.0,0.0,0.0,0,0.0,0.0,45.0,0.88,8.3,0,On-Time
SH-4337,Chennai,Coimbatore,ROAD,CARRIER-C,RT-MAA-CJB-01,3,1091900.0,15170.6,4,5,10,409.7,446.9,11.5,115.7,8.2,53.3,57.8,2.6,37.7,7.0,70.1,21.8,0,0.0,0.0,0.0,0,0.0,0.0,40.0,0.86,10.1,0,On-Time
SH-3559,Bengaluru,Chennai,MARITIME,CARRIER-D,RT-BLR-MAA-01,3,2035100.0,7547.5,4,4,10,273.1,297.9,16.6,221.6,1.0,0.0,15.0,10.0,999.0,1.5,0.0,999.0,0,7.4,27.5,0.0,0,6.8,3.29,30.0,0.88,43.3,0,Minor (< 1h)
SH-2737,Bengaluru,Chennai,MARITIME,CARRIER-D,RT-BLR-MAA-01,3,2408900.0,6963.9,17,4,10,215.4,235.0,14.1,83.6,1.0,0.0,15.0,10.0,999.0,1.5,0.0,999.0,0,7.4,27.5,0.0,0,0.0,0.0,30.0,0.88,14.9,0,On-Time
SH-2571,Chennai,Hyderabad,MARITIME,CARRIER-D,RT-MAA-HYD-01,3,2268600.0,10229.8,20,3,10,277.8,303.1,23.6,117.9,1.0,0.0,15.0,10.0,999.0,1.5,0.0,999.0,0,7.4,27.5,0.0,0,6.8,3.29,55.0,0.88,4.8,0,On-Time
SH-3277,Mumbai,Delhi,ROAD,CARRIER-C,RT-BOM-DEL-01,2,2478200.0,1036.1,23,3,10,965.1,1052.8,30.0,238.4,10.0,65.0,65.0,1.0,0.0,1.5,0.0,999.0,0,0.0,0.0,0.0,0,0.0,0.0,110.0,0.86,3.7,0,On-Time
SH-2002,Bengaluru,Chennai,MARITIME,CARRIER-D,RT-BLR-MAA-01,2,2428200.0,16097.6,12,4,10,157.4,171.7,14.6,24.7,1.0,0.0,15.0,10.0,999.0,1.5,0.0,999.0,0,7.4,27.5,0.0,0,6.8,3.29,30.0,0.88,116.6,0,Moderate (1-3h)
SH-2225,Mumbai,Delhi,MARITIME,CARRIER-D,RT-BOM-DEL-01,2,1177100.0,3431.1,12,3,10,938.6,1023.9,50.8,232.4,1.0,0.0,15.0,10.0,999.0,1.5,0.0,999.0,0,7.7,27.9,0.0,0,0.0,0.0,110.0,0.88,17.9,0,Minor (< 1h)
SH-3811,Chennai,Hyderabad,ROAD,CARRIER-A,RT-MAA-HYD-01,2,2313800.0,2313.7,22,3,10,155.4,169.5,13.0,53.7,1.0,0.0,15.0,10.0,999.0,7.0,40.9,25.8,0,0.0,0.0,0.0,0,0.0,0.0,55.0,0.92,14.9,0,On-Time
SH-2912,Mumbai,Pune,AIR,CARRIER-B,RT-BOM-PNQ-01,3,1660400.0,12419.2,4,5,10,20.2,30.0,4.0,55.6,1.0,0.0,15.0,10.0,999.0,1.5,0.0,999.0,0,0.0,0.0,0.0,0,0.0,0.0,25.0,0.97,93.7,0,Moderate (1-3h)
SH-2636,Chennai,Bengaluru,ROAD,CARRIER-A,RT-MAA-BLR-01,1,1465200.0,3048.8,2,4,10,149.3,162.9,8.5,88.1,1.0,0.0,15.0,10.0,999.0,7.0,40.9,25.8,0,0.0,0.0,0.0,0,0.0,0.0,35.0,0.92,4.5,0,On-Time
SH-4050,Mumbai,Delhi,AIR,CARRIER-B,RT-BOM-DEL-01,1,720700.0,14975.4,21,4,10,870.6,949.7,10.6,67.6,1.0,0.0,15.0,10.0,999.0,1.5,0.0,999.0,0,0.0,0.0,0.0,0,0.0,0.0,110.0,0.97,28.9,0,Minor (< 1h)
SH-2745,Chennai,Hyderabad,AIR,CARRIER-B,RT-MAA-HYD-01,4,1183000.0,5341.6,16,4,10,555.3,605.8,5.2,-30.7,1.0,0.0,15.0,10.0,999.0,1.5,0.0,999.0,0,0.0,0.0,0.0,0,0.0,0.0,55.0,0.97,114.3,1,Moderate (1-3h)
SH-2522,Chennai,Coimbatore,AIR,CARRIER-B,RT-MAA-CJB-01,2,746000.0,11555.0,2,4,10,101.8,111.1,5.3,118.7,1.0,0.0,15.0,10.0,999.0,1.5,0.0,999.0,0,0.0,0.0,0.0,0,0.0,0.0,40.0,0.97,3.0,0,On-Time
SH-2457,Chennai,Bengaluru,MARITIME,CARRIER-D,RT-MAA-BLR-01,2,865600.0,12132.5,11,4,10,292.7,319.3,16.6,202.7,1.0,0.0,15.0,10.0,999.0,1.5,0.0,999.0,0,7.4,27.5,0.0,0,6.8,3.29,35.0,0.88,48.5,0,Minor (< 1h)
SH-3583,Chennai,Bengaluru,MARITIME,CARRIER-D,RT-MAA-BLR-01,2,70400.0,607.6,3,4,10,289.3,315.6,14.6,119.8,1.0,0.0,15.0,10.0,999.0,1.5,0.0,999.0,0,7.4,27.5,0.0,0,6.8,3.29,35.0,0.88,0.6,0,On-Time
SH-2750,Mumbai,Pune,AIR,CARRIER-B,RT-BOM-PNQ-01,2,1672300.0,9838.9,11,3,10,103.0,112.4,3.0,59.8,1.0,0.0,15.0,10.0,999.0,1.5,0.0,999.0,0,0.0,0.0,0.0,0,0.0,0.0,25.0,0.97,0.4,0,On-Time
SH-4407,Bengaluru,Chennai,ROAD,CARRIER-C,RT-BLR-MAA-01,2,2266600.0,14867.8,17,3,10,63.6,69.4,8.0,-17.1,1.0,0.0,15.0,10.0,999.0,6.4,110.3,18.7,0,0.0,0.0,0.0,0,0.0,0.0,30.0,0.86,95.4,1,Moderate (1-3h)
SH-3962,Chennai,Hyderabad,AIR,CARRIER-B,RT-MAA-HYD-01,3,1824400.0,1554.3,16,4,10,135.2,147.5,6.2,119.8,1.0,0.0,15.0,10.0,999.0,1.5,0.0,999.0,0,0.0,0.0,0.0,0,0.0,0.0,55.0,0.97,0.6,0,On-Time
SH-2265,Chennai,Hyderabad,MARITIME,CARRIER-D,RT-MAA-HYD-01,3,1496000.0,2806.6,2,4,10,518.9,566.1,23.1,88.2,1.0,0.0,15.0,10.0,999.0,1.5,0.0,999.0,0,7.4,27.5,0.0,0,6.8,3.29,55.0,0.88,4.3,0,On-Time
SH-3076,Chennai,Coimbatore,ROAD,CARRIER-A,RT-MAA-CJB-01,4,1123000.0,7810.4,8,4,10,255.9,279.2,12.5,179.3,3.1,20.2,37.4,7.2,37.7,7.3,122.5,23.4,1,0.0,0.0,0.0,0,0.0,0.0,40.0,0.92,1.7,0,On-Time
SH-3437,Chennai,Hyderabad,AIR,CARRIER-B,RT-MAA-HYD-01,3,1639300.0,4482.5,2,5,10,337.6,368.3,5.2,-36.0,1.0,0.0,15.0,10.0,999.0,1.5,0.0,999.0,0,0.0,0.0,0.0,0,0.0,0.0,55.0,0.97,114.0,1,Moderate (1-3h)
SH-4123,Chennai,Hyderabad,ROAD,CARRIER-C,RT-MAA-HYD-01,4,791700.0,5626.8,7,4,10,190.3,207.6,15.0,177.0,3.1,20.2,37.4,7.3,0.0,7.3,122.5,23.4,1,0.0,0.0,0.0,0,0.0,0.0,55.0,0.86,7.0,0,On-Time
SH-2469,Bengaluru,Chennai,ROAD,CARRIER-C,RT-BLR-MAA-01,1,1908600.0,9746.3,23,4,10,61.9,67.5,8.0,-3.9,8.2,53.3,57.8,2.6,19.6,1.5,0.0,999.0,0,0.0,0.0,0.0,0,0.0,0.0,30.0,0.86,78.1,1,Moderate (1-3h)
SH-2960,Chennai,Bengaluru,AIR,CARRIER-B,RT-MAA-BLR-01,3,1131700.0,11558.1,20,3,10,116.7,127.3,5.4,173.9,1.0,0.0,15.0,10.0,999.0,1.5,0.0,999.0,0,0.0,0.0,0.0,0,0.0,0.0,35.0,0.97,14.4,0,On-Time
SH-2179,Bengaluru,Hyderabad,ROAD,CARRIER-C,RT-BLR-HYD-01,3,340800.0,16879.5,16,4,10,482.2,526.0,11.5,42.8,4.3,27.9,42.2,7.3,0.0,1.5,0.0,999.0,0,0.0,0.0,0.0,0,0.0,0.0,45.0,0.86,40.5,0,Minor (< 1h)
SH-3497,Bengaluru,Chennai,ROAD,CARRIER-C,RT-BLR-MAA-01,1,933400.0,463.1,13,3,10,95.2,103.9,11.0,178.4,1.0,0.0,15.0,10.0,999.0,6.4,110.3,18.7,0,0.0,0.0,0.0,0,0.0,0.0,30.0,0.86,74.8,0,Moderate (1-3h)
SH-2953,Bengaluru,Chennai,MARITIME,CARRIER-D,RT-BLR-MAA-01,3,866600.0,7013.0,21,3,10,218.3,238.1,16.6,163.9,1.0,0.0,15.0,10.0,999.0,1.5,0.0,999.0,0,7.4,27.5,0.0,0,6.8,3.29,30.0,0.88,97.6,0,Moderate (1-3h)
SH-4475,Bengaluru,Chennai,ROAD,CARRIER-A,RT-BLR-MAA-01,1,2373000.0,17383.5,2,5,10,44.9,49.0,9.0,14.1,6.0,39.0,49.0,6.5,0.0,7.0,102.2,16.3,0,0.0,0.0,0.0,0,0.0,0.0,30.0,0.92,134.3,1,Moderate (1-3h)
SH-2493,Mumbai,Pune,AIR,CARRIER-B,RT-BOM-PNQ-01,4,1451300.0,6897.8,8,3,10,122.0,133.1,6.0,231.9,1.0,0.0,15.0,10.0,999.0,1.5,0.0,999.0,0,0.0,0.0,0.0,0,0.0,0.0,25.0,0.97,19.0,0,Minor (< 1h)
SH-4105,Chennai,Bengaluru,MARITIME,CARRIER-D,RT-MAA-BLR-01,1,1725400.0,4158.4,13,4,10,40.2,43.9,15.6,171.5,1.0,0.0,15.0,10.0,999.0,1.5,0.0,999.0,0,7.4,27.5,0.0,0,6.8,3.29,35.0,0.88,19.9,0,Minor (< 1h)
SH-3982,Bengaluru,Chennai,AIR,CARRIER-B,RT-BLR-MAA-01,3,1050500.0,13754.3,2,5,10,58.4,63.7,5.4,176.6,1.0,0.0,15.0,10.0,999.0,1.5,0.0,999.0,0,0.0,0.0,0.0,0,0.0,0.0,30.0,0.97,8.0,0,On-Time
SH-3849,Bengaluru,Chennai,MARITIME,CARRIER-D,RT-BLR-MAA-01,2,441800.0,17769.4,1,4,10,136.9,149.3,16.6,235.8,1.0,0.0,15.0,10.0,999.0,1.5,0.0,999.0,0,7.4,27.5,0.0,0,6.8,3.29,30.0,0.88,9.8,0,On-Time
SH-2573,Mumbai,Delhi,MARITIME,CARRIER-D,RT-BOM-DEL-01,3,943600.0,16382.4,10,4,10,463.6,505.7,50.8,239.0,1.0,0.0,15.0,10.0,999.0,1.5,0.0,999.0,0,7.7,27.9,0.0,0,0.0,0.0,110.0,0.88,2.4,0,On-Time
SH-2055,Chennai,Hyderabad,ROAD,CARRIER-A,RT-MAA-HYD-01,1,945200.0,1395.6,9,4,10,369.2,402.8,15.0,174.0,3.1,20.2,37.4,7.3,0.0,7.3,122.5,23.4,1,0.0,0.0,0.0,0,0.0,0.0,55.0,0.92,14.0,0,On-Time
SH-3426,Chennai,Coimbatore,ROAD,CARRIER-C,RT-MAA-CJB-01,4,1995100.0,13313.6,19,3,10,253.9,277.0,13.5,236.2,1.0,0.0,15.0,10.0,999.0,1.5,0.0,999.0,0,0.0,0.0,0.0,0,0.0,0.0,40.0,0.86,8.8,0,On-Time
SH-3618,Chennai,Hyderabad,ROAD,CARRIER-C,RT-MAA-HYD-01,2,375200.0,8109.8,11,4,10,280.0,305.5,16.0,208.9,3.1,20.2,37.4,7.3,0.0,7.3,122.5,23.4,1,0.0,0.0,0.0,0,0.0,0.0,55.0,0.86,38.2,0,Minor (< 1h)
SH-4376,Bengaluru,Chennai,MARITIME,CARRIER-D,RT-BLR-MAA-01,2,361600.0,1716.6,9,4,10,90.2,98.4,13.6,-31.3,1.0,0.0,15.0,10.0,999.0,1.5,0.0,999.0,0,7.4,27.5,0.0,0,6.8,3.29,30.0,0.88,112.1,1,Moderate (1-3h)
SH-3964,Bengaluru,Chennai,MARITIME,CARRIER-D,RT-BLR-MAA-01,2,1801300.0,2925.9,23,3,10,88.3,96.3,16.6,236.8,1.0,0.0,15.0,10.0,999.0,1.5,0.0,999.0,0,7.4,27.5,0.0,0,6.8,3.29,30.0,0.88,7.5,0,On-Time
SH-4026,Chennai,Hyderabad,ROAD,CARRIER-A,RT-MAA-HYD-01,3,850300.0,17135.9,0,4,10,408.2,445.3,14.0,112.6,3.1,20.2,37.4,7.3,0.0,7.0,40.9,25.8,0,0.0,0.0,0.0,0,0.0,0.0,55.0,0.92,17.3,0,Minor (< 1h)
SH-2684,Chennai,Coimbatore,ROAD,CARRIER-A,RT-MAA-CJB-01,2,1085100.0,13506.1,17,4,10,60.7,66.2,11.0,85.9,3.1,20.2,37.4,7.2,37.7,7.3,81.6,23.4,1,0.0,0.0,0.0,0,0.0,0.0,40.0,0.92,9.8,0,On-Time
SH-4321,Bengaluru,Chennai,AIR,CARRIER-B,RT-BLR-MAA-01,3,1980100.0,3411.5,19,4,10,268.6,293.0,3.9,38.9,1.0,0.0,15.0,10.0,999.0,1.5,0.0,999.0,0,0.0,0.0,0.0,0,0.0,0.0,30.0,0.97,69.6,0,Moderate (1-3h)
SH-3748,Bengaluru,Hyderabad,AIR,CARRIER-B,RT-BLR-HYD-01,2,2407200.0,2272.1,0,4,10,270.6,295.2,7.7,239.3,1.0,0.0,15.0,10.0,999.0,1.5,0.0,999.0,0,0.0,0.0,0.0,0,0.0,0.0,45.0,0.97,1.7,0,On-Time
SH-3314,Bengaluru,Hyderabad,AIR,CARRIER-B,RT-BLR-HYD-01,4,493500.0,13364.5,16,4,10,511.6,558.1,6.7,173.1,1.0,0.0,15.0,10.0,999.0,1.5,0.0,999.0,0,0.0,0.0,0.0,0,0.0,0.0,45.0,0.97,16.3,0,Minor (< 1h)
SH-2501,Chennai,Bengaluru,ROAD,CARRIER-C,RT-MAA-BLR-01,3,2096100.0,7847.4,11,4,10,162.1,176.8,9.0,102.1,4.2,27.3,41.8,6.2,32.6,7.3,122.5,23.4,1,0.0,0.0,0.0,0,0.0,0.0,35.0,0.86,24.8,0,Minor (< 1h)
SH-4493,Bengaluru,Chennai,ROAD,CARRIER-C,RT-BLR-MAA-01,2,466700.0,8661.3,23,3,10,92.2,100.6,8.5,87.6,1.0,0.0,15.0,10.0,999.0,1.5,0.0,999.0,0,0.0,0.0,0.0,0,0.0,0.0,30.0,0.86,5.7,0,On-Time
SH-2420,Chennai,Hyderabad,AIR,CARRIER-B,RT-MAA-HYD-01,2,105900.0,11136.4,5,5,10,149.7,163.3,8.2,234.1,1.0,0.0,15.0,10.0,999.0,1.5,0.0,999.0,0,0.0,0.0,0.0,0,0.0,0.0,55.0,0.97,13.8,0,On-Time
SH-2088,Mumbai,Pune,MARITIME,CARRIER-D,RT-BOM-PNQ-01,3,868600.0,4546.8,11,4,10,96.3,105.1,10.3,232.0,1.0,0.0,15.0,10.0,999.0,1.5,0.0,999.0,0,7.7,27.9,0.0,0,0.0,0.0,25.0,0.88,18.7,0,Minor (< 1h)
SH-2907,Mumbai,Delhi,AIR,CARRIER-B,RT-BOM-DEL-01,3,1038600.0,2626.9,0,5,10,950.2,1036.6,12.1,172.8,1.0,0.0,15.0,10.0,999.0,1.5,0.0,999.0,0,0.0,0.0,0.0,0,0.0,0.0,110.0,0.97,17.1,0,Minor (< 1h)
SH-3509,Mumbai,Delhi,ROAD,CARRIER-A,RT-BOM-DEL-01,4,1092000.0,575.4,10,4,10,685.0,747.3,29.0,32.5,10.0,65.0,65.0,1.0,0.0,1.5,0.0,999.0,0,0.0,0.0,0.0,0,0.0,0.0,110.0,0.92,208.3,1,Major (> 3h)
SH-3331,Mumbai,Delhi,ROAD,CARRIER-A,RT-BOM-DEL-01,2,2280200.0,2655.8,6,4,10,782.6,853.7,28.0,113.0,10.0,65.0,65.0,1.0,0.0,1.5,0.0,999.0,0,0.0,0.0,0.0,0,0.0,0.0,110.0,0.92,16.5,0,Minor (< 1h)
SH-4227,Bengaluru,Chennai,ROAD,CARRIER-C,RT-BLR-MAA-01,3,1800100.0,6132.3,17,4,10,123.4,134.6,8.0,57.8,4.2,27.3,41.8,6.2,24.1,7.3,81.6,23.4,1,0.0,0.0,0.0,0,0.0,0.0,30.0,0.86,5.1,0,On-Time
SH-2939,Chennai,Coimbatore,MARITIME,CARRIER-D,RT-MAA-CJB-01,3,962400.0,9328.6,16,4,10,223.1,243.4,21.1,146.3,1.0,0.0,15.0,10.0,999.0,1.5,0.0,999.0,0,7.4,27.5,0.0,0,0.0,0.0,40.0,0.88,140.6,0,Moderate (1-3h)
SH-2133,Mumbai,Delhi,MARITIME,CARRIER-D,RT-BOM-DEL-01,3,1741500.0,17697.2,10,3,10,1063.5,1160.2,47.8,19.6,1.0,0.0,15.0,10.0,999.0,1.5,0.0,999.0,0,7.7,27.9,0.0,0,0.0,0.0,110.0,0.88,55.0,0,Minor (< 1h)
SH-4152,Bengaluru,Chennai,ROAD,CARRIER-C,RT-BLR-MAA-01,2,2241500.0,8970.4,17,3,10,278.1,303.4,8.0,58.9,1.0,0.0,15.0,10.0,999.0,6.4,110.3,18.7,0,0.0,0.0,0.0,0,0.0,0.0,30.0,0.86,2.5,0,On-Time
SH-2817,Mumbai,Delhi,MARITIME,CARRIER-D,RT-BOM-DEL-01,1,1995800.0,9252.1,15,3,10,1169.3,1275.6,49.8,174.9,1.0,0.0,15.0,10.0,999.0,1.5,0.0,999.0,0,7.7,27.9,0.0,0,0.0,0.0,110.0,0.88,11.9,0,On-Time
SH-2322,Chennai,Hyderabad,ROAD,CARRIER-C,RT-MAA-HYD-01,2,1020000.0,5627.4,21,4,10,309.3,337.4,15.0,175.4,10.0,65.0,65.0,1.0,0.0,7.0,92.4,21.8,0,0.0,0.0,0.0,0,0.0,0.0,55.0,0.86,10.9,0,On-Time
SH-3301,Mumbai,Pune,AIR,CARRIER-B,RT-BOM-PNQ-01,2,2429700.0,11833.9,18,3,10,26.9,30.0,4.0,112.0,1.0,0.0,15.0,10.0,999.0,1.5,0.0,999.0,0,0.0,0.0,0.0,0,0.0,0.0,25.0,0.97,13.7,0,On-Time
SH-3759,Bengaluru,Chennai,ROAD,CARRIER-C,RT-BLR-MAA-01,3,1936800.0,9184.3,6,3,10,197.9,215.9,10.0,176.4,3.5,22.8,39.0,6.8,0.0,7.2,40.3,23.8,0,0.0,0.0,0.0,0,0.0,0.0,30.0,0.86,8.6,0,On-Time
SH-3079,Bengaluru,Hyderabad,MARITIME,CARRIER-D,RT-BLR-HYD-01,3,2371100.0,9776.4,22,3,10,468.5,511.1,21.9,59.0,1.0,0.0,15.0,10.0,999.0,1.5,0.0,999.0,0,0.0,0.0,0.0,0,0.0,0.0,45.0,0.88,143.7,0,Moderate (1-3h)
SH-3523,Bengaluru,Chennai,AIR,CARRIER-B,RT-BLR-MAA-01,3,1621300.0,2432.1,20,4,10,115.1,125.6,6.4,238.0,1.0,0.0,15.0,10.0,999.0,1.5,0.0,999.0,0,0.0,0.0,0.0,0,0.0,0.0,30.0,0.97,4.8,0,On-Time
SH-3879,Bengaluru,Chennai,MARITIME,CARRIER-D,RT-BLR-MAA-01,2,2380000.0,6640.7,8,4,10,85.9,93.7,13.6,12.3,1.0,0.0,15.0,10.0,999.0,1.5,0.0,999.0,0,7.4,27.5,0.0,0,6.8,3.29,30.0,0.88,64.2,1,Moderate (1-3h)
SH-3024,Bengaluru,Hyderabad,MARITIME,CARRIER-D,RT-BLR-HYD-01,1,94600.0,9892.7,3,4,10,68.7,74.9,19.9,52.7,1.0,0.0,15.0,10.0,999.0,1.5,0.0,999.0,0,0.0,0.0,0.0,0,0.0,0.0,45.0,0.88,17.1,0,Minor (< 1h)
SH-2096,Bengaluru,Chennai,MARITIME,CARRIER-D,RT-BLR-MAA-01,2,951400.0,4101.6,7,4,10,106.9,116.6,14.6,68.2,1.0,0.0,15.0,10.0,999.0,1.5,0.0,999.0,0,7.4,27.5,0.0,0,6.8,3.29,30.0,0.88,61.9,0,Moderate (1-3h)
SH-3843,Chennai,Coimbatore,AIR,CARRIER-B,RT-MAA-CJB-01,2,57500.0,8727.8,8,3,10,275.0,300.0,4.8,39.8,1.0,0.0,15.0,10.0,999.0,1.5,0.0,999.0,0,0.0,0.0,0.0,0,0.0,0.0,40.0,0.97,65.5,0,Moderate (1-3h)
SH-4202,Chennai,Hyderabad,AIR,CARRIER-B,RT-MAA-HYD-01,1,611800.0,8839.3,23,3,10,560.0,610.9,5.2,-4.3,1.0,0.0,15.0,10.0,999.0,1.5,0.0,999.0,0,0.0,0.0,0.0,0,0.0,0.0,55.0,0.97,82.9,1,Moderate (1-3h)
SH-4081,Chennai,Bengaluru,ROAD,CARRIER-A,RT-MAA-BLR-01,2,1592700.0,2630.5,16,3,10,61.5,67.1,11.0,62.3,1.0,0.0,15.0,10.0,999.0,6.4,110.3,18.7,0,0.0,0.0,0.0,0,0.0,0.0,35.0,0.92,209.7,0,Major (> 3h)
SH-4204,Bengaluru,Chennai,AIR,CARRIER-B,RT-BLR-MAA-01,2,1022300.0,3672.2,9,3,10,202.1,220.5,3.9,46.8,1.0,0.0,15.0,10.0,999.0,1.5,0.0,999.0,0,0.0,0.0,0.0,0,0.0,0.0,30.0,0.97,59.5,0,Minor (< 1h)
SH-3467,Chennai,Coimbatore,ROAD,CARRIER-C,RT-MAA-CJB-01,3,298700.0,1881.4,19,3,10,85.8,93.6,11.5,109.6,1.0,0.0,15.0,10.0,999.0,1.5,0.0,999.0,0,0.0,0.0,0.0,0,0.0,0.0,40.0,0.86,24.4,0,Minor (< 1h)
SH-2905,Mumbai,Delhi,ROAD,CARRIER-A,RT-BOM-DEL-01,3,1424300.0,3418.4,16,4,10,982.7,1072.0,28.0,118.7,10.0,65.0,65.0,1.0,0.0,1.5,0.0,999.0,0,0.0,0.0,0.0,0,0.0,0.0,110.0,0.92,3.1,0,On-Time
SH-3454,Chennai,Coimbatore,MARITIME,CARRIER-D,RT-MAA-CJB-01,2,2442600.0,9293.2,15,3,10,234.6,255.9,21.1,103.4,1.0,0.0,15.0,10.0,999.0,1.5,0.0,999.0,0,7.4,27.5,0.0,0,6.8,3.29,40.0,0.88,221.6,0,Major (> 3h)
SH-4282,Bengaluru,Chennai,AIR,CARRIER-B,RT-BLR-MAA-01,2,1886400.0,9444.8,23,4,10,76.8,83.8,5.4,165.5,1.0,0.0,15.0,10.0,999.0,1.5,0.0,999.0,0,0.0,0.0,0.0,0,0.0,0.0,30.0,0.97,18.7,0,Minor (< 1h)
SH-2568,Bengaluru,Chennai,ROAD,CARRIER-A,RT-BLR-MAA-01,3,827100.0,8702.2,11,3,10,49.0,53.5,11.0,239.9,3.5,22.8,39.0,6.8,0.0,7.2,82.1,13.8,1,0.0,0.0,0.0,0,0.0,0.0,30.0,0.92,0.3,0,On-Time
SH-3664,Chennai,Coimbatore,ROAD,CARRIER-A,RT-MAA-CJB-01,2,2335900.0,14218.2,2,4,10,386.4,421.5,10.5,-98.4,3.1,20.2,37.4,7.2,37.7,7.3,122.5,23.4,1,0.0,0.0,0.0,0,0.0,0.0,40.0,0.92,195.6,1,Major (> 3h)
SH-3760,Bengaluru,Chennai,MARITIME,CARRIER-D,RT-BLR-MAA-01,2,1948500.0,5934.1,9,4,10,47.4,51.7,13.6,53.3,1.0,0.0,15.0,10.0,999.0,1.5,0.0,999.0,0,7.4,27.5,0.0,0,6.8,3.29,30.0,0.88,15.8,0,Minor (< 1h)
SH-4446,Mumbai,Pune,AIR,CARRIER-B,RT-BOM-PNQ-01,2,1902800.0,2222.6,10,4,10,17.3,30.0,6.0,95.3,1.0,0.0,15.0,10.0,999.0,1.5,0.0,999.0,0,0.0,0.0,0.0,0,0.0,0.0,25.0,0.97,171.5,0,Moderate (1-3h)
SH-2808,Bengaluru,Chennai,ROAD,CARRIER-A,RT-BLR-MAA-01,4,2058400.0,16434.4,3,4,10,136.7,149.1,9.0,50.5,1.0,0.0,15.0,10.0,999.0,7.0,40.9,25.8,0,0.0,0.0,0.0,0,0.0,0.0,30.0,0.92,84.9,0,Moderate (1-3h)
SH-4195,Mumbai,Pune,ROAD,CARRIER-C,RT-BOM-PNQ-01,3,2426800.0,832.6,15,3,10,63.2,68.9,4.5,-24.4,1.0,0.0,15.0,10.0,999.0,1.5,0.0,999.0,0,0.0,0.0,0.0,0,0.0,0.0,25.0,0.86,104.5,1,Moderate (1-3h)
SH-3189,Chennai,Hyderabad,ROAD,CARRIER-A,RT-MAA-HYD-01,3,2139400.0,5074.3,1,4,10,543.0,592.4,14.0,116.2,3.1,20.2,37.4,7.3,0.0,7.0,40.9,25.8,0,0.0,0.0,0.0,0,0.0,0.0,55.0,0.92,9.0,0,On-Time
SH-2173,Chennai,Bengaluru,MARITIME,CARRIER-D,RT-MAA-BLR-01,2,880600.0,6037.0,18,3,10,234.9,256.3,15.6,146.0,1.0,0.0,15.0,10.0,999.0,1.5,0.0,999.0,0,7.4,27.5,0.0,0,6.8,3.29,35.0,0.88,43.8,0,Minor (< 1h)
SH-2833,Chennai,Bengaluru,ROAD,CARRIER-C,RT-MAA-BLR-01,2,2204800.0,2096.9,3,4,10,285.5,311.5,9.0,-8.3,3.1,20.2,37.4,7.2,18.0,5.0,15.5,20.9,0,0.0,0.0,0.0,0,0.0,0.0,35.0,0.86,151.7,1,Moderate (1-3h)
SH-2744,Chennai,Bengaluru,MARITIME,CARRIER-D,RT-MAA-BLR-01,2,2482400.0,16373.4,20,3,10,202.3,220.7,14.1,82.8,1.0,0.0,15.0,10.0,999.0,1.5,0.0,999.0,0,7.4,27.5,0.0,0,6.8,3.29,35.0,0.88,16.9,0,Minor (< 1h)
SH-2685,Mumbai,Delhi,MARITIME,CARRIER-D,RT-BOM-DEL-01,2,662000.0,13422.9,21,3,10,705.3,769.4,48.8,37.8,1.0,0.0,15.0,10.0,999.0,1.5,0.0,999.0,0,7.7,27.9,0.0,0,0.0,0.0,110.0,0.88,102.6,0,Moderate (1-3h)
SH-3632,Chennai,Hyderabad,ROAD,CARRIER-C,RT-MAA-HYD-01,2,187400.0,9233.0,12,4,10,474.6,517.7,14.0,-3.9,3.1,20.2,37.4,7.3,0.0,7.3,81.6,23.4,1,0.0,0.0,0.0,0,0.0,0.0,55.0,0.86,149.7,1,Moderate (1-3h)
SH-3754,Chennai,Hyderabad,ROAD,CARRIER-A,RT-MAA-HYD-01,2,272900.0,10701.6,0,5,10,260.4,284.1,15.0,172.8,10.0,65.0,65.0,1.0,0.0,7.0,92.4,21.8,0,0.0,0.0,0.0,0,0.0,0.0,55.0,0.92,16.9,0,Minor (< 1h)
SH-3026,Chennai,Hyderabad,ROAD,CARRIER-C,RT-MAA-HYD-01,1,243900.0,15205.9,15,4,10,364.5,397.6,13.0,-29.5,3.1,20.2,37.4,7.3,0.0,7.3,81.6,23.4,1,0.0,0.0,0.0,0,0.0,0.0,55.0,0.86,114.1,1,Moderate (1-3h)
SH-2523,Chennai,Coimbatore,MARITIME,CARRIER-D,RT-MAA-CJB-01,2,1274700.0,6041.6,16,4,10,83.1,90.7,21.1,234.1,1.0,0.0,15.0,10.0,999.0,1.5,0.0,999.0,0,7.4,27.5,0.0,0,0.0,0.0,40.0,0.88,13.8,0,On-Time
SH-2829,Bengaluru,Hyderabad,ROAD,CARRIER-A,RT-BLR-HYD-01,2,1809300.0,12904.9,7,4,10,435.8,475.4,12.0,87.4,4.3,27.9,42.2,7.3,0.0,1.5,0.0,999.0,0,0.0,0.0,0.0,0,0.0,0.0,45.0,0.92,6.2,0,On-Time
SH-2474,Bengaluru,Hyderabad,MARITIME,CARRIER-D,RT-BLR-HYD-01,4,1201500.0,7556.6,10,3,10,403.7,440.4,21.9,65.4,1.0,0.0,15.0,10.0,999.0,1.5,0.0,999.0,0,0.0,0.0,0.0,0,0.0,0.0,45.0,0.88,136.2,0,Moderate (1-3h)
SH-2097,Mumbai,Pune,ROAD,CARRIER-A,RT-BOM-PNQ-01,4,386200.0,11833.0,18,4,10,114.0,124.4,5.0,89.9,1.0,0.0,15.0,10.0,999.0,1.5,0.0,999.0,0,0.0,0.0,0.0,0,0.0,0.0,25.0,0.92,0.3,0,On-Time
SH-2112,Chennai,Coimbatore,ROAD,CARRIER-C,RT-MAA-CJB-01,2,392100.0,3554.8,4,4,10,302.3,329.8,12.5,91.8,3.1,20.2,37.4,7.2,37.7,7.3,122.5,23.4,1,0.0,0.0,0.0,0,0.0,0.0,40.0,0.86,105.5,0,Moderate (1-3h)
SH-2353,Chennai,Bengaluru,ROAD,CARRIER-C,RT-MAA-BLR-01,1,209900.0,1533.6,12,3,10,250.8,273.6,11.0,238.7,1.0,0.0,15.0,10.0,999.0,6.4,110.3,18.7,0,0.0,0.0,0.0,0,0.0,0.0,35.0,0.86,3.1,0,On-Time
SH-2421,Mumbai,Delhi,MARITIME,CARRIER-D,RT-BOM-DEL-01,1,2319700.0,10906.1,3,4,10,327.5,357.3,48.8,105.5,1.0,0.0,15.0,10.0,999.0,1.5,0.0,999.0,0,7.7,27.9,0.0,0,0.0,0.0,110.0,0.88,21.6,0,Minor (< 1h)
SH-2615,Mumbai,Delhi,ROAD,CARRIER-A,RT-BOM-DEL-01,4,1369300.0,13214.7,13,4,10,722.3,788.0,28.0,46.9,10.0,65.0,65.0,1.0,0.0,1.5,0.0,999.0,0,0.0,0.0,0.0,0,0.0,0.0,110.0,0.92,89.7,0,Moderate (1-3h)
SH-3332,Chennai,Coimbatore,MARITIME,CARRIER-D,RT-MAA-CJB-01,4,2179300.0,460.5,14,3,10,115.2,125.7,20.1,87.8,1.0,0.0,15.0,10.0,999.0,1.5,0.0,999.0,0,7.4,27.5,0.0,0,6.8,3.29,40.0,0.88,118.3,0,Moderate (1-3h)
SH-2705,Chennai,Hyderabad,ROAD,CARRIER-C,RT-MAA-HYD-01,3,698600.0,11628.6,23,3,10,146.7,160.0,13.5,86.5,1.0,0.0,15.0,10.0,999.0,7.0,40.9,25.8,0,0.0,0.0,0.0,0,0.0,0.0,55.0,0.86,8.3,0,On-Time
SH-2695,Mumbai,Pune,ROAD,CARRIER-C,RT-BOM-PNQ-01,3,1275400.0,11538.2,22,4,10,49.5,54.0,5.0,83.0,1.0,0.0,15.0,10.0,999.0,1.5,0.0,999.0,0,0.0,0.0,0.0,0,0.0,0.0,25.0,0.86,16.5,0,Minor (< 1h)
SH-3035,Chennai,Bengaluru,AIR,CARRIER-B,RT-MAA-BLR-01,3,1034600.0,7717.8,22,3,10,58.3,63.6,3.4,56.1,1.0,0.0,15.0,10.0,999.0,1.5,0.0,999.0,0,0.0,0.0,0.0,0,0.0,0.0,35.0,0.97,9.3,0,On-Time
SH-2484,Chennai,Bengaluru,AIR,CARRIER-B,RT-MAA-BLR-01,1,688400.0,3013.3,11,4,10,224.5,244.9,6.4,120.8,1.0,0.0,15.0,10.0,999.0,1.5,0.0,999.0,0,0.0,0.0,0.0,0,0.0,0.0,35.0,0.97,173.4,0,Moderate (1-3h)
SH-2710,Chennai,Bengaluru,ROAD,CARRIER-A,RT-MAA-BLR-01,3,1335200.0,974.7,10,4,10,76.3,83.2,8.5,-35.4,4.3,27.9,42.2,6.1,35.8,7.3,122.5,23.4,1,0.0,0.0,0.0,0,0.0,0.0,35.0,0.92,152.8,1,Moderate (1-3h)
SH-3516,Chennai,Hyderabad,MARITIME,CARRIER-D,RT-MAA-HYD-01,3,715600.0,7066.8,12,4,10,190.0,207.3,25.6,232.3,1.0,0.0,15.0,10.0,999.0,1.5,0.0,999.0,0,7.4,27.5,0.0,0,6.8,3.29,55.0,0.88,18.1,0,Minor (< 1h)
SH-2226,Chennai,Bengaluru,ROAD,CARRIER-C,RT-MAA-BLR-01,3,555400.0,3522.6,15,4,10,262.2,286.0,8.5,89.2,3.1,20.2,37.4,7.2,35.5,7.3,81.6,23.4,1,0.0,0.0,0.0,0,0.0,0.0,35.0,0.86,1.9,0,On-Time
SH-3113,Bengaluru,Chennai,AIR,CARRIER-B,RT-BLR-MAA-01,2,733500.0,2955.9,1,5,10,237.0,258.5,4.4,51.1,1.0,0.0,15.0,10.0,999.0,1.5,0.0,999.0,0,0.0,0.0,0.0,0,0.0,0.0,30.0,0.97,127.9,1,Moderate (1-3h)
SH-4313,Chennai,Bengaluru,ROAD,CARRIER-A,RT-MAA-BLR-01,2,2412800.0,1076.9,8,3,10,241.8,263.8,8.0,55.6,3.5,22.8,39.0,6.8,0.0,7.2,150.6,18.7,0,0.0,0.0,0.0,0,0.0,0.0,35.0,0.92,10.4,0,On-Time
SH-2741,Bengaluru,Hyderabad,AIR,CARRIER-B,RT-BLR-HYD-01,3,1354600.0,10338.1,1,5,10,135.7,148.0,7.7,62.3,1.0,0.0,15.0,10.0,999.0,1.5,0.0,999.0,0,0.0,0.0,0.0,0,0.0,0.0,45.0,0.97,217.7,0,Major (> 3h)
SH-2632,Chennai,Bengaluru,AIR,CARRIER-B,RT-MAA-BLR-01,3,595000.0,9602.5,15,4,10,204.2,222.8,4.4,117.8,1.0,0.0,15.0,10.0,999.0,1.5,0.0,999.0,0,0.0,0.0,0.0,0,0.0,0.0,35.0,0.97,5.1,0,On-Time
SH-2011,Chennai,Bengaluru,ROAD,CARRIER-C,RT-MAA-BLR-01,2,2316500.0,10542.9,13,4,10,174.2,190.0,10.0,53.6,4.2,27.3,41.8,6.2,23.7,7.3,81.6,23.4,1,0.0,0.0,0.0,0,0.0,0.0,35.0,0.86,154.7,0,Moderate (1-3h)
SH-3785,Mumbai,Pune,MARITIME,CARRIER-D,RT-BOM-PNQ-01,3,2219100.0,2025.0,17,3,10,53.1,57.9,7.8,82.1,1.0,0.0,15.0,10.0,999.0,1.5,0.0,999.0,0,7.7,27.9,0.0,0,0.0,0.0,25.0,0.88,18.7,0,Minor (< 1h)
SH-4246,Chennai,Coimbatore,MARITIME,CARRIER-D,RT-MAA-CJB-01,3,548800.0,2563.2,11,4,10,157.3,171.6,18.1,56.4,1.0,0.0,15.0,10.0,999.0,1.5,0.0,999.0,0,7.4,27.5,0.0,0,6.8,3.29,40.0,0.88,8.5,0,On-Time
SH-2387,Bengaluru,Hyderabad,ROAD,CARRIER-C,RT-BLR-HYD-01,2,378000.0,5485.5,1,4,10,67.3,73.4,14.5,235.5,1.0,0.0,15.0,10.0,999.0,1.5,0.0,999.0,0,0.0,0.0,0.0,0,0.0,0.0,45.0,0.86,10.5,0,On-Time
SH-3963,Bengaluru,Hyderabad,AIR,CARRIER-B,RT-BLR-HYD-01,3,2052100.0,11243.0,10,4,10,418.7,456.8,5.2,83.5,1.0,0.0,15.0,10.0,999.0,1.5,0.0,999.0,0,0.0,0.0,0.0,0,0.0,0.0,45.0,0.97,15.3,0,Minor (< 1h)
SH-2688,Chennai,Hyderabad,ROAD,CARRIER-C,RT-MAA-HYD-01,2,1763500.0,10310.8,2,5,10,548.6,598.5,15.0,160.4,10.0,65.0,65.0,1.0,0.0,7.0,70.1,21.8,0,0.0,0.0,0.0,0,0.0,0.0,55.0,0.86,26.2,0,Minor (< 1h)
SH-3482,Mumbai,Pune,ROAD,CARRIER-C,RT-BOM-PNQ-01,4,693900.0,17826.2,19,3,10,70.8,77.2,5.5,119.0,1.0,0.0,15.0,10.0,999.0,1.5,0.0,999.0,0,0.0,0.0,0.0,0,0.0,0.0,25.0,0.86,2.4,0,On-Time
SH-2068,Chennai,Bengaluru,ROAD,CARRIER-C,RT-MAA-BLR-01,3,1439000.0,13699.9,17,3,10,157.7,172.0,10.0,177.8,1.0,0.0,15.0,10.0,999.0,6.4,110.3,18.7,0,0.0,0.0,0.0,0,0.0,0.0,35.0,0.86,5.1,0,On-Time
SH-2863,Bengaluru,Chennai,MARITIME,CARRIER-D,RT-BLR-MAA-01,2,1755200.0,11956.9,12,4,10,189.4,206.6,14.1,86.2,1.0,0.0,15.0,10.0,999.0,1.5,0.0,999.0,0,7.4,27.5,0.0,0,6.8,3.29,30.0,0.88,9.0,0,On-Time
SH-3260,Bengaluru,Chennai,ROAD,CARRIER-C,RT-BLR-MAA-01,4,1722900.0,16172.4,10,3,10,125.8,137.2,9.0,-3.2,3.5,22.8,39.0,6.8,0.0,7.2,150.6,18.7,0,0.0,0.0,0.0,0,0.0,0.0,30.0,0.86,145.0,1,Moderate (1-3h)
SH-3651,Mumbai,Delhi,AIR,CARRIER-B,RT-BOM-DEL-01,4,821800.0,16808.6,18,4,10,1079.0,1177.1,10.1,-29.8,1.0,0.0,15.0,10.0,999.0,1.5,0.0,999.0,0,0.0,0.0,0.0,0,0.0,0.0,110.0,0.97,110.5,1,Moderate (1-3h)
SH-2875,Bengaluru,Chennai,ROAD,CARRIER-C,RT-BLR-MAA-01,3,1976000.0,17591.4,12,4,10,159.3,173.8,8.0,46.9,4.2,27.3,41.8,6.2,16.6,7.3,81.6,23.4,1,0.0,0.0,0.0,0,0.0,0.0,30.0,0.86,30.7,0,Minor (< 1h)
SH-2389,Bengaluru,Hyderabad,ROAD,CARRIER-C,RT-BLR-HYD-01,2,1532700.0,7498.5,6,4,10,391.1,426.7,11.5,39.3,4.3,27.9,42.2,7.3,0.0,1.5,0.0,999.0,0,0.0,0.0,0.0,0,0.0,0.0,45.0,0.86,36.1,0,Minor (< 1h)
SH-3466,Mumbai,Pune,ROAD,CARRIER-C,RT-BOM-PNQ-01,1,1372300.0,16457.4,20,3,10,49.7,54.2,5.5,114.6,1.0,0.0,15.0,10.0,999.0,1.5,0.0,999.0,0,0.0,0.0,0.0,0,0.0,0.0,25.0,0.86,12.8,0,On-Time
SH-2061,Bengaluru,Chennai,ROAD,CARRIER-A,RT-BLR-MAA-01,3,2110900.0,4834.2,11,3,10,175.4,191.3,8.0,60.0,3.5,22.8,39.0,6.8,0.0,7.2,150.6,18.7,0,0.0,0.0,0.0,0,0.0,0.0,30.0,0.92,0.0,0,On-Time
SH-3537,Chennai,Hyderabad,AIR,CARRIER-B,RT-MAA-HYD-01,3,2070700.0,15159.7,7,3,10,314.4,343.0,6.2,23.3,1.0,0.0,15.0,10.0,999.0,1.5,0.0,999.0,0,0.0,0.0,0.0,0,0.0,0.0,55.0,0.97,119.7,0,Moderate (1-3h)
SH-3637,Chennai,Hyderabad,AIR,CARRIER-B,RT-MAA-HYD-01,4,230500.0,15732.0,8,3,10,456.1,497.6,5.7,65.4,1.0,0.0,15.0,10.0,999.0,1.5,0.0,999.0,0,0.0,0.0,0.0,0,0.0,0.0,55.0,0.97,31.4,0,Minor (< 1h)
SH-2937,Mumbai,Delhi,ROAD,CARRIER-A,RT-BOM-DEL-01,3,521500.0,8367.9,4,5,10,936.3,1021.4,27.0,58.1,3.1,20.2,37.4,7.2,0.0,1.5,0.0,999.0,0,0.0,0.0,0.0,0,0.0,0.0,110.0,0.92,4.5,0,On-Time
SH-4458,Mumbai,Pune,MARITIME,CARRIER-D,RT-BOM-PNQ-01,3,660000.0,3153.8,12,4,10,67.7,73.9,8.3,25.2,1.0,0.0,15.0,10.0,999.0,1.5,0.0,999.0,0,7.7,27.9,0.0,0,0.0,0.0,25.0,0.88,113.1,0,Moderate (1-3h)
SH-2128,Chennai,Hyderabad,ROAD,CARRIER-C,RT-MAA-HYD-01,3,1402800.0,15091.7,0,5,10,526.1,573.9,13.5,78.8,10.0,65.0,65.0,1.0,0.0,7.0,92.4,21.8,0,0.0,0.0,0.0,0,0.0,0.0,55.0,0.86,21.1,0,Minor (< 1h)
SH-2348,Chennai,Bengaluru,ROAD,CARRIER-C,RT-MAA-BLR-01,3,482300.0,10108.5,9,3,10,306.6,334.5,9.0,81.9,3.5,22.8,39.0,6.8,0.0,7.2,103.0,5.7,1,0.0,0.0,0.0,0,0.0,0.0,35.0,0.86,51.7,0,Minor (< 1h)
SH-3053,Mumbai,Pune,ROAD,CARRIER-C,RT-BOM-PNQ-01,3,412800.0,9018.5,6,4,10,41.4,45.2,5.5,117.1,1.0,0.0,15.0,10.0,999.0,1.5,0.0,999.0,0,0.0,0.0,0.0,0,0.0,0.0,25.0,0.86,6.7,0,On-Time
SH-3375,Mumbai,Delhi,ROAD,CARRIER-C,RT-BOM-DEL-01,3,833100.0,878.0,11,4,10,753.5,822.0,27.0,57.9,10.0,65.0,65.0,1.0,0.0,1.5,0.0,999.0,0,0.0,0.0,0.0,0,0.0,0.0,110.0,0.86,5.1,0,On-Time
SH-3066,Mumbai,Pune,AIR,CARRIER-B,RT-BOM-PNQ-01,2,697700.0,7436.8,18,3,10,88.3,96.3,4.0,100.3,1.0,0.0,15.0,10.0,999.0,1.5,0.0,999.0,0,0.0,0.0,0.0,0,0.0,0.0,25.0,0.97,25.8,0,Minor (< 1h)
SH-3139,Mumbai,Delhi,AIR,CARRIER-B,RT-BOM-DEL-01,2,2241400.0,16154.1,13,3,10,1124.2,1226.4,10.6,84.3,1.0,0.0,15.0,10.0,999.0,1.5,0.0,999.0,0,0.0,0.0,0.0,0,0.0,0.0,110.0,0.97,13.4,0,On-Time
SH-2514,Bengaluru,Chennai,MARITIME,CARRIER-D,RT-BLR-MAA-01,2,1102000.0,6554.9,14,3,10,140.4,153.2,15.6,156.4,1.0,0.0,15.0,10.0,999.0,1.5,0.0,999.0,0,7.4,27.5,0.0,0,0.0,0.0,30.0,0.88,55.6,0,Minor (< 1h)
SH-3708,Mumbai,Delhi,MARITIME,CARRIER-D,RT-BOM-DEL-01,4,1595400.0,17396.1,9,3,10,706.1,770.3,48.3,70.1,1.0,0.0,15.0,10.0,999.0,1.5,0.0,999.0,0,7.7,27.9,0.0,0,0.0,0.0,110.0,0.88,30.5,0,Minor (< 1h)
SH-2529,Mumbai,Pune,ROAD,CARRIER-C,RT-BOM-PNQ-01,1,2295800.0,10864.8,19,4,10,87.6,95.6,5.0,54.8,1.0,0.0,15.0,10.0,999.0,1.5,0.0,999.0,0,0.0,0.0,0.0,0,0.0,0.0,25.0,0.86,44.3,0,Minor (< 1h)
SH-4074,Mumbai,Pune,MARITIME,CARRIER-D,RT-BOM-PNQ-01,3,1957700.0,16404.4,17,4,10,30.5,33.3,9.3,110.5,1.0,0.0,15.0,10.0,999.0,1.5,0.0,999.0,0,7.7,27.9,0.0,0,0.0,0.0,25.0,0.88,93.7,0,Moderate (1-3h)
SH-4169,Bengaluru,Hyderabad,MARITIME,CARRIER-D,RT-BLR-HYD-01,2,2000900.0,15801.5,3,5,10,159.0,173.5,20.4,83.7,1.0,0.0,15.0,10.0,999.0,1.5,0.0,999.0,0,0.0,0.0,0.0,0,0.0,0.0,45.0,0.88,14.9,0,On-Time
SH-2156,Mumbai,Pune,AIR,CARRIER-B,RT-BOM-PNQ-01,2,546800.0,11947.8,9,3,10,113.6,123.9,3.0,52.4,1.0,0.0,15.0,10.0,999.0,1.5,0.0,999.0,0,0.0,0.0,0.0,0,0.0,0.0,25.0,0.97,17.9,0,Minor (< 1h)
SH-4144,Mumbai,Delhi,ROAD,CARRIER-A,RT-BOM-DEL-01,3,1519200.0,15248.9,15,3,10,306.8,334.7,28.0,115.6,10.0,65.0,65.0,1.0,0.0,1.5,0.0,999.0,0,0.0,0.0,0.0,0,0.0,0.0,110.0,0.92,10.5,0,On-Time
SH-2006,Chennai,Hyderabad,ROAD,CARRIER-C,RT-MAA-HYD-01,3,1420100.0,5610.3,12,3,10,282.1,307.7,15.0,166.2,1.0,0.0,15.0,10.0,999.0,6.4,110.3,18.7,0,0.0,0.0,0.0,0,0.0,0.0,55.0,0.86,32.5,0,Minor (< 1h)
SH-3685,Mumbai,Delhi,ROAD,CARRIER-C,RT-BOM-DEL-01,4,446500.0,8394.1,20,3,10,186.9,203.9,27.0,57.6,10.0,65.0,65.0,1.0,0.0,1.5,0.0,999.0,0,0.0,0.0,0.0,0,0.0,0.0,110.0,0.86,5.7,0,On-Time
SH-2443,Chennai,Hyderabad,MARITIME,CARRIER-D,RT-MAA-HYD-01,3,676300.0,13044.1,3,5,10,407.9,445.0,22.6,-254.0,1.0,0.0,15.0,10.0,999.0,1.5,0.0,999.0,0,7.4,22.8,0.0,0,0.0,0.0,55.0,0.88,377.2,1,Major (> 3h)
SH-3003,Bengaluru,Chennai,MARITIME,CARRIER-D,RT-BLR-MAA-01,4,1596200.0,11300.6,21,3,10,205.4,224.1,15.6,172.4,1.0,0.0,15.0,10.0,999.0,1.5,0.0,999.0,0,7.4,27.5,0.0,0,6.8,3.29,30.0,0.88,17.8,0,Minor (< 1h)
SH-2819,Bengaluru,Hyderabad,ROAD,CARRIER-C,RT-BLR-HYD-01,2,1716800.0,8683.4,20,3,10,224.9,245.3,13.5,35.8,1.0,0.0,15.0,10.0,999.0,1.5,0.0,999.0,0,0.0,0.0,0.0,0,0.0,0.0,45.0,0.86,207.1,1,Major (> 3h)
SH-2969,Chennai,Hyderabad,ROAD,CARRIER-A,RT-MAA-HYD-01,3,604700.0,653.6,10,4,10,377.0,411.3,15.0,179.9,3.1,20.2,37.4,7.3,0.0,7.3,122.5,23.4,1,0.0,0.0,0.0,0,0.0,0.0,55.0,0.92,0.2,0,On-Time
SH-4444,Mumbai,Delhi,AIR,CARRIER-B,RT-BOM-DEL-01,3,1548800.0,11356.4,13,4,10,1249.5,1363.1,13.1,191.2,1.0,0.0,15.0,10.0,999.0,1.5,0.0,999.0,0,0.0,0.0,0.0,0,0.0,0.0,110.0,0.97,61.1,0,Moderate (1-3h)
SH-2959,Bengaluru,Hyderabad,AIR,CARRIER-B,RT-BLR-HYD-01,1,2485600.0,13942.4,22,4,10,256.3,279.6,7.7,210.9,1.0,0.0,15.0,10.0,999.0,1.5,0.0,999.0,0,0.0,0.0,0.0,0,0.0,0.0,45.0,0.97,39.6,0,Minor (< 1h)
SH-4403,Mumbai,Delhi,ROAD,CARRIER-A,RT-BOM-DEL-01,1,1993700.0,6437.4,14,3,10,1176.4,1283.3,30.0,231.6,10.0,65.0,65.0,1.0,0.0,1.5,0.0,999.0,0,0.0,0.0,0.0,0,0.0,0.0,110.0,0.92,13.9,0,On-Time
SH-2071,Chennai,Hyderabad,MARITIME,CARRIER-D,RT-MAA-HYD-01,3,2224500.0,7224.4,9,4,10,164.8,179.8,24.6,-133.5,1.0,0.0,15.0,10.0,999.0,1.5,0.0,999.0,0,7.4,27.5,0.0,0,6.8,3.29,55.0,0.88,401.3,1,Major (> 3h)
SH-3655,Mumbai,Delhi,ROAD,CARRIER-C,RT-BOM-DEL-01,4,2121700.0,13145.2,21,4,10,733.5,800.2,27.5,-44.1,3.1,20.2,37.4,7.2,0.0,1.5,0.0,999.0,0,0.0,0.0,0.0,0,0.0,0.0,110.0,0.86,194.1,1,Major (> 3h)
SH-2601,Bengaluru,Chennai,MARITIME,CARRIER-D,RT-BLR-MAA-01,3,403900.0,11702.0,1,5,10,258.8,282.3,14.1,89.0,1.0,0.0,15.0,10.0,999.0,1.5,0.0,999.0,0,7.4,22.8,0.0,0,0.0,0.0,30.0,0.88,2.3,0,On-Time
SH-4369,Chennai,Coimbatore,ROAD,CARRIER-A,RT-MAA-CJB-01,2,967700.0,17522.5,12,3,10,224.3,244.7,11.5,83.5,1.0,0.0,15.0,10.0,999.0,6.4,110.3,18.7,0,0.0,0.0,0.0,0,0.0,0.0,40.0,0.92,44.0,0,Minor (< 1h)
SH-4279,Mumbai,Delhi,ROAD,CARRIER-C,RT-BOM-DEL-01,2,668000.0,3287.6,2,4,10,713.7,778.6,27.5,-18.0,10.0,65.0,65.0,1.0,0.0,1.5,0.0,999.0,0,0.0,0.0,0.0,0,0.0,0.0,110.0,0.86,134.6,1,Moderate (1-3h)
SH-3614,Bengaluru,Chennai,ROAD,CARRIER-A,RT-BLR-MAA-01,2,644100.0,2950.7,18,4,10,208.1,227.0,8.5,84.0,1.0,0.0,15.0,10.0,999.0,1.5,0.0,999.0,0,0.0,0.0,0.0,0,0.0,0.0,30.0,0.92,14.1,0,On-Time
SH-2176,Mumbai,Pune,MARITIME,CARRIER-D,RT-BOM-PNQ-01,2,1091500.0,15853.5,20,4,10,101.9,111.2,7.8,-0.7,1.0,0.0,15.0,10.0,999.0,1.5,0.0,999.0,0,7.7,27.9,0.0,0,0.0,0.0,25.0,0.88,115.3,1,Moderate (1-3h)
SH-2477,Bengaluru,Hyderabad,ROAD,CARRIER-A,RT-BLR-HYD-01,2,1532800.0,13732.9,11,3,10,99.3,108.3,13.5,174.7,10.0,65.0,65.0,1.0,0.0,1.5,0.0,999.0,0,0.0,0.0,0.0,0,0.0,0.0,45.0,0.92,12.5,0,On-Time
SH-2229,Bengaluru,Chennai,ROAD,CARRIER-A,RT-BLR-MAA-01,2,381300.0,2281.7,20,4,10,212.6,231.9,8.5,89.6,1.0,0.0,15.0,10.0,999.0,1.5,0.0,999.0,0,0.0,0.0,0.0,0,0.0,0.0,30.0,0.92,1.0,0,On-Time
SH-2865,Chennai,Bengaluru,ROAD,CARRIER-C,RT-MAA-BLR-01,4,1886100.0,541.0,19,4,10,263.1,287.0,9.0,76.1,1.0,0.0,15.0,10.0,999.0,1.5,0.0,999.0,0,0.0,0.0,0.0,0,0.0,0.0,35.0,0.86,56.8,0,Minor (< 1h)
SH-4397,Bengaluru,Hyderabad,ROAD,CARRIER-C,RT-BLR-HYD-01,3,257500.0,8704.2,6,4,10,104.5,114.0,13.5,176.9,4.3,27.9,42.2,7.3,0.0,1.5,0.0,999.0,0,0.0,0.0,0.0,0,0.0,0.0,45.0,0.86,7.2,0,On-Time
SH-2508,Bengaluru,Chennai,MARITIME,CARRIER-D,RT-BLR-MAA-01,3,536100.0,13159.0,15,4,10,300.4,327.7,16.6,236.8,1.0,0.0,15.0,10.0,999.0,1.5,0.0,999.0,0,7.4,27.5,0.0,0,6.8,3.29,30.0,0.88,7.4,0,On-Time
SH-2850,Chennai,Bengaluru,MARITIME,CARRIER-D,RT-MAA-BLR-01,3,1941500.0,17567.5,8,4,10,143.7,156.8,15.6,177.1,1.0,0.0,15.0,10.0,999.0,1.5,0.0,999.0,0,7.4,27.5,0.0,0,6.8,3.29,35.0,0.88,6.8,0,On-Time
SH-2881,Mumbai,Delhi,AIR,CARRIER-B,RT-BOM-DEL-01,3,2084500.0,7942.7,12,3,10,163.9,178.8,10.1,58.5,1.0,0.0,15.0,10.0,999.0,1.5,0.0,999.0,0,0.0,0.0,0.0,0,0.0,0.0,110.0,0.97,3.6,0,On-Time
SH-4197,Mumbai,Delhi,ROAD,CARRIER-C,RT-BOM-DEL-01,1,380400.0,14761.6,21,4,10,354.3,386.5,27.0,-66.4,3.1,20.2,37.4,7.2,0.0,1.5,0.0,999.0,0,0.0,0.0,0.0,0,0.0,0.0,110.0,0.86,149.3,1,Moderate (1-3h)
SH-3234,Mumbai,Pune,AIR,CARRIER-B,RT-BOM-PNQ-01,1,1009600.0,14443.1,13,4,10,113.6,123.9,6.0,98.5,1.0,0.0,15.0,10.0,999.0,1.5,0.0,999.0,0,0.0,0.0,0.0,0,0.0,0.0,25.0,0.97,175.3,0,Moderate (1-3h)
SH-3707,Chennai,Bengaluru,MARITIME,CARRIER-D,RT-MAA-BLR-01,3,1439400.0,16038.5,4,4,10,219.3,239.2,15.6,175.7,1.0,0.0,15.0,10.0,999.0,1.5,0.0,999.0,0,7.4,27.5,0.0,0,6.8,3.29,35.0,0.88,10.2,0,On-Time
SH-2311,Bengaluru,Hyderabad,ROAD,CARRIER-C,RT-BLR-HYD-01,1,2098500.0,16807.0,21,4,10,477.3,520.7,12.5,115.8,1.0,0.0,15.0,10.0,999.0,1.5,0.0,999.0,0,0.0,0.0,0.0,0,0.0,0.0,45.0,0.86,9.8,0,On-Time
SH-3485,Bengaluru,Chennai,MARITIME,CARRIER-D,RT-BLR-MAA-01,3,2399800.0,3075.3,3,4,10,64.2,70.0,16.6,238.1,1.0,0.0,15.0,10.0,999.0,1.5,0.0,999.0,0,7.4,27.5,0.0,0,6.8,3.29,30.0,0.88,4.4,0,On-Time
SH-4066,Mumbai,Pune,ROAD,CARRIER-C,RT-BOM-PNQ-01,2,544000.0,8333.4,19,4,10,38.6,42.1,5.0,86.7,1.0,0.0,15.0,10.0,999.0,1.5,0.0,999.0,0,0.0,0.0,0.0,0,0.0,0.0,25.0,0.86,7.8,0,On-Time
SH-3355,Mumbai,Pune,ROAD,CARRIER-A,RT-BOM-PNQ-01,3,1236400.0,12016.7,19,3,10,120.5,131.5,6.5,164.6,1.0,0.0,15.0,10.0,999.0,1.5,0.0,999.0,0,0.0,0.0,0.0,0,0.0,0.0,25.0,0.92,36.3,0,Minor (< 1h)
SH-2883,Chennai,Bengaluru,ROAD,CARRIER-C,RT-MAA-BLR-01,2,1185500.0,6630.7,11,4,10,300.8,328.1,9.0,112.4,3.1,20.2,37.4,7.2,11.4,5.0,21.6,9.2,0,0.0,0.0,0.0,0,0.0,0.0,35.0,0.86,17.9,0,Minor (< 1h)
SH-2099,Bengaluru,Hyderabad,ROAD,CARRIER-C,RT-BLR-HYD-01,3,1425000.0,7059.6,7,3,10,394.4,430.3,12.0,84.3,10.0,65.0,65.0,1.0,0.0,1.5,0.0,999.0,0,0.0,0.0,0.0,0,0.0,0.0,45.0,0.86,13.4,0,On-Time
SH-3111,Mumbai,Pune,ROAD,CARRIER-A,RT-BOM-PNQ-01,3,598100.0,4857.7,22,4,10,66.1,72.1,4.5,59.1,1.0,0.0,15.0,10.0,999.0,1.5,0.0,999.0,0,0.0,0.0,0.0,0,0.0,0.0,25.0,0.92,2.1,0,On-Time
SH-3386,Mumbai,Delhi,ROAD,CARRIER-C,RT-BOM-DEL-01,2,555500.0,1539.2,19,3,10,260.5,284.2,28.0,85.9,10.0,65.0,65.0,1.0,0.0,1.5,0.0,999.0,0,0.0,0.0,0.0,0,0.0,0.0,110.0,0.86,42.8,0,Minor (< 1h)
SH-3427,Chennai,Bengaluru,AIR,CARRIER-B,RT-MAA-BLR-01,4,1386200.0,6392.6,1,5,10,269.0,293.5,3.9,69.3,1.0,0.0,15.0,10.0,999.0,1.5,0.0,999.0,0,0.0,0.0,0.0,0,0.0,0.0,35.0,0.97,33.6,0,Minor (< 1h)
SH-3781,Chennai,Bengaluru,AIR,CARRIER-B,RT-MAA-BLR-01,4,315100.0,17467.4,16,3,10,88.3,96.3,3.4,-8.1,1.0,0.0,15.0,10.0,999.0,1.5,0.0,999.0,0,0.0,0.0,0.0,0,0.0,0.0,35.0,0.97,85.6,1,Moderate (1-3h)
SH-3230,Mumbai,Delhi,MARITIME,CARRIER-D,RT-BOM-DEL-01,3,2160500.0,14890.3,10,3,10,263.6,287.6,49.8,161.7,1.0,0.0,15.0,10.0,999.0,1.5,0.0,999.0,0,7.7,27.9,0.0,0,0.0,0.0,110.0,0.88,25.2,0,Minor (< 1h)
SH-3687,Mumbai,Delhi,AIR,CARRIER-B,RT-BOM-DEL-01,1,1262300.0,10961.7,3,4,10,1246.2,1359.5,13.1,80.5,1.0,0.0,15.0,10.0,999.0,1.5,0.0,999.0,0,0.0,0.0,0.0,0,0.0,0.0,110.0,0.97,192.3,0,Major (> 3h)
SH-2281,Chennai,Hyderabad,MARITIME,CARRIER-D,RT-MAA-HYD-01,1,783800.0,4331.0,0,5,10,312.0,340.4,23.1,49.8,1.0,0.0,15.0,10.0,999.0,1.5,0.0,999.0,0,7.4,22.8,0.0,0,0.0,0.0,55.0,0.88,52.5,0,Minor (< 1h)
SH-4261,Chennai,Hyderabad,ROAD,CARRIER-C,RT-MAA-HYD-01,3,1542900.0,1199.7,20,3,10,534.5,583.1,13.0,54.6,1.0,0.0,15.0,10.0,999.0,7.0,40.9,25.8,0,0.0,0.0,0.0,0,0.0,0.0,55.0,0.86,12.8,0,On-Time
SH-4383,Chennai,Coimbatore,ROAD,CARRIER-C,RT-MAA-CJB-01,1,1332800.0,2170.6,11,3,10,333.9,364.3,10.5,51.9,3.5,22.8,39.0,6.8,0.0,7.2,150.6,18.7,0,0.0,0.0,0.0,0,0.0,0.0,40.0,0.86,19.0,0,Minor (< 1h)
SH-3156,Chennai,Hyderabad,MARITIME,CARRIER-D,RT-MAA-HYD-01,2,713400.0,6522.8,12,4,10,316.8,345.6,22.6,53.9,1.0,0.0,15.0,10.0,999.0,1.5,0.0,999.0,0,7.4,27.5,0.0,0,6.8,3.29,55.0,0.88,14.4,0,On-Time
SH-2388,Mumbai,Delhi,ROAD,CARRIER-A,RT-BOM-DEL-01,3,524800.0,6336.8,2,4,10,998.6,1089.4,28.0,104.1,10.0,65.0,65.0,1.0,0.0,1.5,0.0,999.0,0,0.0,0.0,0.0,0,0.0,0.0,110.0,0.92,37.5,0,Minor (< 1h)
SH-3797,Chennai,Coimbatore,ROAD,CARRIER-A,RT-MAA-CJB-01,3,526400.0,16283.0,22,4,10,131.6,143.6,11.0,87.4,8.2,53.3,57.8,2.6,37.7,1.5,0.0,999.0,0,0.0,0.0,0.0,0,0.0,0.0,40.0,0.92,6.1,0,On-Time
SH-2368,Bengaluru,Hyderabad,ROAD,CARRIER-A,RT-BLR-HYD-01,4,626900.0,16320.0,21,4,10,71.0,77.5,12.0,22.7,3.9,25.3,40.6,6.5,0.0,1.5,0.0,999.0,0,0.0,0.0,0.0,0,0.0,0.0,45.0,0.92,83.3,0,Moderate (1-3h)
SH-3566,Chennai,Bengaluru,MARITIME,CARRIER-D,RT-MAA-BLR-01,3,1261500.0,16980.4,4,4,10,159.0,173.5,14.6,116.8,1.0,0.0,15.0,10.0,999.0,1.5,0.0,999.0,0,7.4,27.5,0.0,0,6.8,3.29,35.0,0.88,7.5,0,On-Time
SH-3730,Chennai,Hyderabad,AIR,CARRIER-B,RT-MAA-HYD-01,3,940400.0,13110.1,23,4,10,98.0,106.9,5.2,53.9,1.0,0.0,15.0,10.0,999.0,1.5,0.0,999.0,0,0.0,0.0,0.0,0,0.0,0.0,55.0,0.97,14.4,0,On-Time
SH-2177,Chennai,Coimbatore,MARITIME,CARRIER-D,RT-MAA-CJB-01,2,2068600.0,4769.6,2,4,10,350.5,382.4,18.1,-132.7,1.0,0.0,15.0,10.0,999.0,1.5,0.0,999.0,0,7.4,27.5,0.0,0,6.8,3.29,40.0,0.88,231.7,1,Major (> 3h)
SH-4488,Mumbai,Pune,AIR,CARRIER-B,RT-BOM-PNQ-01,1,742400.0,9263.8,6,4,10,29.6,32.3,4.0,-16.0,1.0,0.0,15.0,10.0,999.0,1.5,0.0,999.0,0,0.0,0.0,0.0,0,0.0,0.0,25.0,0.97,166.9,1,Moderate (1-3h)
SH-3503,Bengaluru,Hyderabad,AIR,CARRIER-B,RT-BLR-HYD-01,4,2344100.0,4969.0,21,4,10,352.9,385.0,5.2,71.4,1.0,0.0,15.0,10.0,999.0,1.5,0.0,999.0,0,0.0,0.0,0.0,0,0.0,0.0,45.0,0.97,43.7,0,Minor (< 1h)
SH-2583,Chennai,Coimbatore,ROAD,CARRIER-C,RT-MAA-CJB-01,3,1181400.0,4253.8,3,5,10,366.8,400.1,10.5,54.0,8.2,53.3,57.8,2.6,37.7,7.0,70.1,21.8,0,0.0,0.0,0.0,0,0.0,0.0,40.0,0.86,14.2,0,On-Time
SH-2308,Mumbai,Pune,ROAD,CARRIER-C,RT-BOM-PNQ-01,2,2148400.0,9291.5,14,3,10,39.5,43.1,5.5,117.8,1.0,0.0,15.0,10.0,999.0,1.5,0.0,999.0,0,0.0,0.0,0.0,0,0.0,0.0,25.0,0.86,5.1,0,On-Time
SH-3816,Bengaluru,Chennai,ROAD,CARRIER-A,RT-BLR-MAA-01,2,1153500.0,16788.7,20,4,10,299.4,326.6,8.5,85.9,1.0,0.0,15.0,10.0,999.0,1.5,0.0,999.0,0,0.0,0.0,0.0,0,0.0,0.0,30.0,0.92,9.6,0,On-Time
SH-3429,Chennai,Bengaluru,ROAD,CARRIER-C,RT-MAA-BLR-01,2,326400.0,14106.0,17,3,10,107.3,117.1,11.0,142.0,1.0,0.0,15.0,10.0,999.0,6.4,110.3,18.7,0,0.0,0.0,0.0,0,0.0,0.0,35.0,0.86,124.6,0,Moderate (1-3h)
SH-2253,Mumbai,Delhi,ROAD,CARRIER-C,RT-BOM-DEL-01,2,2212900.0,6855.8,19,4,10,1105.7,1206.2,28.0,57.2,3.1,20.2,37.4,7.2,0.0,1.5,0.0,999.0,0,0.0,0.0,0.0,0,0.0,0.0,110.0,0.86,78.9,0,Moderate (1-3h)
SH-4215,Mumbai,Pune,ROAD,CARRIER-C,RT-BOM-PNQ-01,3,2485200.0,12115.4,13,4,10,135.0,147.3,5.0,86.6,10.0,65.0,65.0,1.0,0.0,1.5,0.0,999.0,0,0.0,0.0,0.0,0,0.0,0.0,25.0,0.86,8.0,0,On-Time
SH-2151,Bengaluru,Hyderabad,ROAD,CARRIER-C,RT-BLR-HYD-01,4,598700.0,5306.7,1,4,10,284.9,310.8,12.0,88.0,4.3,27.9,42.2,7.3,0.0,1.5,0.0,999.0,0,0.0,0.0,0.0,0,0.0,0.0,45.0,0.86,4.6,0,On-Time
SH-3807,Mumbai,Delhi,AIR,CARRIER-B,RT-BOM-DEL-01,3,2355600.0,8620.9,4,4,10,892.1,973.2,10.6,5.2,1.0,0.0,15.0,10.0,999.0,1.5,0.0,999.0,0,0.0,0.0,0.0,0,0.0,0.0,110.0,0.97,104.0,1,Moderate (1-3h)
SH-3475,Chennai,Bengaluru,ROAD,CARRIER-A,RT-MAA-BLR-01,4,1106100.0,13666.5,14,4,10,170.6,186.1,9.0,113.4,4.2,27.3,41.8,6.2,26.2,7.3,81.6,23.4,1,0.0,0.0,0.0,0,0.0,0.0,35.0,0.92,15.5,0,Minor (< 1h)
SH-3097,Chennai,Bengaluru,ROAD,CARRIER-C,RT-MAA-BLR-01,3,1822600.0,13345.0,7,3,10,294.2,320.9,8.0,-23.6,3.5,22.8,39.0,6.8,0.0,7.2,78.5,15.3,1,0.0,0.0,0.0,0,0.0,0.0,35.0,0.86,103.7,1,Moderate (1-3h)
SH-2682,Chennai,Bengaluru,MARITIME,CARRIER-D,RT-MAA-BLR-01,1,1839800.0,15033.9,5,5,10,267.8,292.1,14.1,23.7,1.0,0.0,15.0,10.0,999.0,1.5,0.0,999.0,0,7.4,22.8,0.0,0,0.0,0.0,35.0,0.88,87.5,0,Moderate (1-3h)
SH-2980,Mumbai,Pune,AIR,CARRIER-B,RT-BOM-PNQ-01,3,2239300.0,15353.6,3,4,10,60.9,66.4,4.0,117.6,1.0,0.0,15.0,10.0,999.0,1.5,0.0,999.0,0,0.0,0.0,0.0,0,0.0,0.0,25.0,0.97,5.6,0,On-Time
SH-2648,Chennai,Hyderabad,ROAD,CARRIER-C,RT-MAA-HYD-01,2,2196800.0,4985.1,10,3,10,435.6,475.2,14.0,114.9,3.5,22.8,39.0,6.8,0.0,7.2,150.6,18.7,0,0.0,0.0,0.0,0,0.0,0.0,55.0,0.86,12.1,0,On-Time
SH-4251,Chennai,Coimbatore,ROAD,CARRIER-A,RT-MAA-CJB-01,2,961700.0,14446.8,3,5,10,264.4,288.4,13.5,214.8,8.2,53.3,57.8,2.6,37.7,7.0,70.1,21.8,0,0.0,0.0,0.0,0,0.0,0.0,40.0,0.92,39.0,0,Minor (< 1h)
SH-3828,Bengaluru,Chennai,ROAD,CARRIER-C,RT-BLR-MAA-01,2,1040600.0,3144.0,4,5,10,61.1,66.7,8.5,83.4,6.0,39.0,49.0,6.5,0.0,7.0,92.4,21.8,0,0.0,0.0,0.0,0,0.0,0.0,30.0,0.86,15.5,0,Minor (< 1h)
SH-3848,Mumbai,Delhi,ROAD,CARRIER-C,RT-BOM-DEL-01,3,1922100.0,7842.1,15,3,10,419.5,457.6,27.5,75.5,10.0,65.0,65.0,1.0,0.0,1.5,0.0,999.0,0,0.0,0.0,0.0,0,0.0,0.0,110.0,0.86,34.0,0,Minor (< 1h)
SH-2513,Chennai,Coimbatore,MARITIME,CARRIER-D,RT-MAA-CJB-01,3,484300.0,862.3,16,3,10,184.3,201.1,20.1,179.4,1.0,0.0,15.0,10.0,999.0,1.5,0.0,999.0,0,7.4,27.5,0.0,0,6.8,3.29,40.0,0.88,1.5,0,On-Time
SH-2917,Bengaluru,Chennai,AIR,CARRIER-B,RT-BLR-MAA-01,4,2270400.0,8726.8,16,3,10,232.5,253.6,6.4,225.1,1.0,0.0,15.0,10.0,999.0,1.5,0.0,999.0,0,0.0,0.0,0.0,0,0.0,0.0,30.0,0.97,26.9,0,Minor (< 1h)
SH-4112,Bengaluru,Chennai,ROAD,CARRIER-A,RT-BLR-MAA-01,1,809300.0,15226.8,4,5,10,122.0,133.1,10.0,4.7,6.0,39.0,49.0,6.5,0.0,9.5,223.4,14.5,1,0.0,0.0,0.0,0,0.0,0.0,30.0,0.92,213.9,1,Major (> 3h)
SH-2094,Mumbai,Delhi,AIR,CARRIER-B,RT-BOM-DEL-01,2,2237900.0,2761.6,19,4,10,912.7,995.7,13.1,233.0,1.0,0.0,15.0,10.0,999.0,1.5,0.0,999.0,0,0.0,0.0,0.0,0,0.0,0.0,110.0,0.97,16.4,0,Minor (< 1h)
SH-3267,Chennai,Coimbatore,MARITIME,CARRIER-D,RT-MAA-CJB-01,2,866600.0,11950.9,15,4,10,246.0,268.4,21.1,232.3,1.0,0.0,15.0,10.0,999.0,1.5,0.0,999.0,0,7.4,27.5,0.0,0,6.8,3.29,40.0,0.88,18.1,0,Minor (< 1h)
SH-3782,Chennai,Bengaluru,ROAD,CARRIER-C,RT-MAA-BLR-01,3,655000.0,4303.7,3,5,10,85.5,93.3,10.0,178.7,6.0,39.0,49.0,6.5,0.0,7.0,92.4,21.8,0,0.0,0.0,0.0,0,0.0,0.0,35.0,0.86,3.0,0,On-Time
SH-2611,Mumbai,Pune,MARITIME,CARRIER-D,RT-BOM-PNQ-01,3,568100.0,13816.8,18,4,10,73.2,79.9,7.3,48.8,1.0,0.0,15.0,10.0,999.0,1.5,0.0,999.0,0,7.7,27.9,0.0,0,0.0,0.0,25.0,0.88,15.7,0,Minor (< 1h)
SH-4345,Chennai,Coimbatore,ROAD,CARRIER-C,RT-MAA-CJB-01,2,303100.0,2404.6,21,3,10,380.9,415.5,10.5,52.7,1.0,0.0,15.0,10.0,999.0,1.5,0.0,999.0,0,0.0,0.0,0.0,0,0.0,0.0,40.0,0.86,17.1,0,Minor (< 1h)
SH-3535,Mumbai,Pune,MARITIME,CARRIER-D,RT-BOM-PNQ-01,2,2026200.0,5155.8,17,3,10,129.3,141.1,10.3,179.2,1.0,0.0,15.0,10.0,999.0,1.5,0.0,999.0,0,7.7,27.9,0.0,0,0.0,0.0,25.0,0.88,123.7,0,Moderate (1-3h)
SH-4054,Chennai,Hyderabad,MARITIME,CARRIER-D,RT-MAA-HYD-01,3,443400.0,11589.5,12,3,10,368.8,402.3,23.1,35.7,1.0,0.0,15.0,10.0,999.0,1.5,0.0,999.0,0,7.4,27.5,0.0,0,6.8,3.29,55.0,0.88,98.8,1,Moderate (1-3h)
SH-3242,Mumbai,Delhi,ROAD,CARRIER-A,RT-BOM-DEL-01,1,661900.0,13644.3,2,4,10,709.1,773.6,28.0,119.5,10.0,65.0,65.0,1.0,0.0,1.5,0.0,999.0,0,0.0,0.0,0.0,0,0.0,0.0,110.0,0.92,1.2,0,On-Time
SH-3619,Bengaluru,Chennai,ROAD,CARRIER-C,RT-BLR-MAA-01,2,1737400.0,11534.2,2,5,10,233.2,254.4,9.0,22.9,6.0,39.0,49.0,6.5,0.0,7.0,92.4,21.8,0,0.0,0.0,0.0,0,0.0,0.0,30.0,0.86,119.3,0,Moderate (1-3h)
SH-3817,Chennai,Coimbatore,MARITIME,CARRIER-D,RT-MAA-CJB-01,3,1996200.0,16442.1,8,4,10,418.8,456.9,18.1,-40.2,1.0,0.0,15.0,10.0,999.0,1.5,0.0,999.0,0,7.4,27.5,0.0,0,6.8,3.29,40.0,0.88,126.7,1,Moderate (1-3h)
SH-2245,Mumbai,Pune,MARITIME,CARRIER-D,RT-BOM-PNQ-01,2,1455900.0,3463.1,20,4,10,104.1,113.6,9.3,179.1,1.0,0.0,15.0,10.0,999.0,1.5,0.0,999.0,0,7.7,27.9,0.0,0,0.0,0.0,25.0,0.88,2.0,0,On-Time
SH-3813,Mumbai,Pune,AIR,CARRIER-B,RT-BOM-PNQ-01,4,2047800.0,13056.2,11,3,10,78.6,85.7,6.0,233.7,1.0,0.0,15.0,10.0,999.0,1.5,0.0,999.0,0,0.0,0.0,0.0,0,0.0,0.0,25.0,0.97,14.8,0,On-Time
SH-3202,Chennai,Coimbatore,ROAD,CARRIER-C,RT-MAA-CJB-01,2,570400.0,1014.1,5,5,10,146.8,160.1,10.5,51.6,8.2,53.3,57.8,2.6,37.7,7.0,70.1,21.8,0,0.0,0.0,0.0,0,0.0,0.0,40.0,0.86,19.7,0,Minor (< 1h)
SH-2625,Chennai,Bengaluru,AIR,CARRIER-B,RT-MAA-BLR-01,4,235400.0,6595.2,20,3,10,60.4,65.9,5.4,179.7,1.0,0.0,15.0,10.0,999.0,1.5,0.0,999.0,0,0.0,0.0,0.0,0,0.0,0.0,35.0,0.97,0.7,0,On-Time
SH-2964,Mumbai,Delhi,AIR,CARRIER-B,RT-BOM-DEL-01,4,808600.0,12996.3,6,4,10,580.4,633.2,12.1,54.5,1.0,0.0,15.0,10.0,999.0,1.5,0.0,999.0,0,0.0,0.0,0.0,0,0.0,0.0,110.0,0.97,149.4,0,Moderate (1-3h)
SH-2626,Chennai,Bengaluru,ROAD,CARRIER-A,RT-MAA-BLR-01,3,974600.0,2793.8,5,5,10,209.2,228.2,10.0,177.3,6.0,39.0,49.0,6.5,0.0,9.5,222.6,21.7,1,0.0,0.0,0.0,0,0.0,0.0,35.0,0.92,3.5,0,On-Time
SH-4178,Mumbai,Pune,ROAD,CARRIER-C,RT-BOM-PNQ-01,3,1040200.0,11180.8,9,4,10,131.1,143.0,4.5,55.2,10.0,65.0,65.0,1.0,0.0,1.5,0.0,999.0,0,0.0,0.0,0.0,0,0.0,0.0,25.0,0.86,11.3,0,On-Time
SH-2550,Bengaluru,Hyderabad,AIR,CARRIER-B,RT-BLR-HYD-01,2,914400.0,16970.0,0,5,10,108.2,118.0,5.7,116.1,1.0,0.0,15.0,10.0,999.0,1.5,0.0,999.0,0,0.0,0.0,0.0,0,0.0,0.0,45.0,0.97,9.3,0,On-Time
SH-3446,Chennai,Bengaluru,MARITIME,CARRIER-D,RT-MAA-BLR-01,4,649100.0,16929.2,12,3,10,162.6,177.4,14.6,105.4,1.0,0.0,15.0,10.0,999.0,1.5,0.0,999.0,0,7.4,27.5,0.0,0,0.0,0.0,35.0,0.88,21.3,0,Minor (< 1h)
SH-3711,Bengaluru,Hyderabad,ROAD,CARRIER-A,RT-BLR-HYD-01,2,268400.0,4316.5,5,4,10,262.4,286.3,13.5,178.1,4.3,27.9,42.2,7.3,0.0,1.5,0.0,999.0,0,0.0,0.0,0.0,0,0.0,0.0,45.0,0.92,4.6,0,On-Time
SH-3102,Chennai,Bengaluru,AIR,CARRIER-B,RT-MAA-BLR-01,3,719000.0,4383.5,14,4,10,143.0,156.0,4.4,8.9,1.0,0.0,15.0,10.0,999.0,1.5,0.0,999.0,0,0.0,0.0,0.0,0,0.0,0.0,35.0,0.97,141.8,1,Moderate (1-3h)
SH-3283,Chennai,Bengaluru,AIR,CARRIER-B,RT-MAA-BLR-01,2,1564600.0,13685.2,7,3,10,76.7,83.7,4.4,67.8,1.0,0.0,15.0,10.0,999.0,1.5,0.0,999.0,0,0.0,0.0,0.0,0,0.0,0.0,35.0,0.97,64.8,0,Moderate (1-3h)
SH-3611,Mumbai,Delhi,AIR,CARRIER-B,RT-BOM-DEL-01,2,515800.0,2910.2,5,5,10,634.0,691.6,12.1,175.2,1.0,0.0,15.0,10.0,999.0,1.5,0.0,999.0,0,0.0,0.0,0.0,0,0.0,0.0,110.0,0.97,11.2,0,On-Time
SH-3171,Mumbai,Pune,ROAD,CARRIER-C,RT-BOM-PNQ-01,1,1171700.0,7566.0,1,4,10,106.8,116.5,4.5,-24.8,1.0,0.0,15.0,10.0,999.0,1.5,0.0,999.0,0,0.0,0.0,0.0,0,0.0,0.0,25.0,0.86,125.2,1,Moderate (1-3h)
SH-3009,Bengaluru,Chennai,MARITIME,CARRIER-D,RT-BLR-MAA-01,3,60300.0,5754.4,8,4,10,195.2,212.9,14.6,10.4,1.0,0.0,15.0,10.0,999.0,1.5,0.0,999.0,0,7.4,27.5,0.0,0,6.8,3.29,30.0,0.88,135.9,1,Moderate (1-3h)
SH-2369,Chennai,Coimbatore,AIR,CARRIER-B,RT-MAA-CJB-01,3,1986500.0,4498.5,13,4,10,237.8,259.4,4.3,-46.5,1.0,0.0,15.0,10.0,999.0,1.5,0.0,999.0,0,0.0,0.0,0.0,0,0.0,0.0,40.0,0.97,143.1,1,Moderate (1-3h)
SH-3490,Bengaluru,Chennai,MARITIME,CARRIER-D,RT-BLR-MAA-01,3,2130600.0,15627.2,5,4,10,46.2,50.4,16.6,207.6,1.0,0.0,15.0,10.0,999.0,1.5,0.0,999.0,0,7.4,27.5,0.0,0,6.8,3.29,30.0,0.88,44.5,0,Minor (< 1h)
SH-2191,Bengaluru,Hyderabad,ROAD,CARRIER-A,RT-BLR-HYD-01,1,108200.0,1201.9,9,3,10,482.7,526.6,11.5,57.6,10.0,65.0,65.0,1.0,0.0,1.5,0.0,999.0,0,0.0,0.0,0.0,0,0.0,0.0,45.0,0.92,5.8,0,On-Time
SH-3581,Chennai,Bengaluru,ROAD,CARRIER-C,RT-MAA-BLR-01,3,1006700.0,3786.1,19,4,10,164.3,179.2,9.0,96.7,1.0,0.0,15.0,10.0,999.0,1.5,0.0,999.0,0,0.0,0.0,0.0,0,0.0,0.0,35.0,0.86,28.5,0,Minor (< 1h)
SH-3519,Mumbai,Pune,ROAD,CARRIER-A,RT-BOM-PNQ-01,3,274700.0,11614.6,9,4,10,133.6,145.7,5.5,116.3,10.0,65.0,65.0,1.0,0.0,1.5,0.0,999.0,0,0.0,0.0,0.0,0,0.0,0.0,25.0,0.92,8.8,0,On-Time
SH-2796,Bengaluru,Chennai,ROAD,CARRIER-A,RT-BLR-MAA-01,2,167800.0,16774.8,3,4,10,124.6,135.9,8.5,83.2,1.0,0.0,15.0,10.0,999.0,7.0,40.9,25.8,0,0.0,0.0,0.0,0,0.0,0.0,30.0,0.92,16.0,0,Minor (< 1h)
SH-2950,Mumbai,Delhi,ROAD,CARRIER-C,RT-BOM-DEL-01,1,1098300.0,15275.1,11,3,10,380.7,415.3,27.5,72.5,10.0,65.0,65.0,1.0,0.0,1.5,0.0,999.0,0,0.0,0.0,0.0,0,0.0,0.0,110.0,0.86,41.2,0,Minor (< 1h)
SH-3690,Bengaluru,Hyderabad,AIR,CARRIER-B,RT-BLR-HYD-01,1,317100.0,12620.8,19,4,10,201.9,220.3,7.7,189.9,1.0,0.0,15.0,10.0,999.0,1.5,0.0,999.0,0,0.0,0.0,0.0,0,0.0,0.0,45.0,0.97,59.2,0,Minor (< 1h)
SH-2775,Mumbai,Delhi,ROAD,CARRIER-C,RT-BOM-DEL-01,2,1866300.0,12117.8,0,5,10,562.9,614.1,30.0,238.0,3.1,20.2,37.4,7.2,0.0,1.5,0.0,999.0,0,0.0,0.0,0.0,0,0.0,0.0,110.0,0.86,4.8,0,On-Time
SH-3620,Chennai,Hyderabad,ROAD,CARRIER-A,RT-MAA-HYD-01,1,1544500.0,4501.7,0,4,10,400.5,436.9,13.5,83.9,3.1,20.2,37.4,7.3,0.0,7.0,40.9,25.8,0,0.0,0.0,0.0,0,0.0,0.0,55.0,0.92,14.3,0,On-Time
SH-3183,Mumbai,Pune,AIR,CARRIER-B,RT-BOM-PNQ-01,4,1858900.0,16744.4,0,5,10,119.1,129.9,4.0,98.7,1.0,0.0,15.0,10.0,999.0,1.5,0.0,999.0,0,0.0,0.0,0.0,0,0.0,0.0,25.0,0.97,27.3,0,Minor (< 1h)
SH-3522,Mumbai,Pune,AIR,CARRIER-B,RT-BOM-PNQ-01,1,2177500.0,6048.6,10,3,10,86.8,94.7,3.5,-84.4,1.0,0.0,15.0,10.0,999.0,1.5,0.0,999.0,0,0.0,0.0,0.0,0,0.0,0.0,25.0,0.97,206.4,1,Major (> 3h)
SH-4356,Chennai,Hyderabad,MARITIME,CARRIER-D,RT-MAA-HYD-01,2,1040800.0,2410.7,17,4,10,268.5,292.9,25.6,238.5,1.0,0.0,15.0,10.0,999.0,1.5,0.0,999.0,0,7.4,27.5,0.0,0,0.0,0.0,55.0,0.88,3.5,0,On-Time
SH-3320,Bengaluru,Hyderabad,AIR,CARRIER-B,RT-BLR-HYD-01,2,248300.0,7392.4,6,3,10,68.5,74.7,6.7,100.8,1.0,0.0,15.0,10.0,999.0,1.5,0.0,999.0,0,0.0,0.0,0.0,0,0.0,0.0,45.0,0.97,96.1,0,Moderate (1-3h)
SH-2999,Chennai,Hyderabad,ROAD,CARRIER-C,RT-MAA-HYD-01,2,852200.0,14453.2,15,3,10,415.9,453.7,13.0,44.8,1.0,0.0,15.0,10.0,999.0,6.4,110.3,18.7,0,0.0,0.0,0.0,0,0.0,0.0,55.0,0.86,27.9,0,Minor (< 1h)
SH-2968,Bengaluru,Hyderabad,ROAD,CARRIER-C,RT-BLR-HYD-01,1,413200.0,16849.7,14,4,10,248.0,270.5,12.0,87.1,4.3,27.9,42.2,7.3,0.0,1.5,0.0,999.0,0,0.0,0.0,0.0,0,0.0,0.0,45.0,0.86,6.9,0,On-Time
SH-4192,Chennai,Bengaluru,MARITIME,CARRIER-D,RT-MAA-BLR-01,3,1121500.0,5522.2,20,3,10,80.3,87.6,16.6,230.9,1.0,0.0,15.0,10.0,999.0,1.5,0.0,999.0,0,7.4,27.5,0.0,0,6.8,3.29,35.0,0.88,21.4,0,Minor (< 1h)
SH-2970,Chennai,Coimbatore,ROAD,CARRIER-A,RT-MAA-CJB-01,3,69900.0,11447.1,22,3,10,240.4,262.3,12.5,171.9,1.0,0.0,15.0,10.0,999.0,7.0,40.9,25.8,0,0.0,0.0,0.0,0,0.0,0.0,40.0,0.92,19.0,0,Minor (< 1h)
SH-2653,Mumbai,Delhi,ROAD,CARRIER-C,RT-BOM-DEL-01,3,2389200.0,3539.1,10,4,10,870.2,949.3,30.0,193.8,10.0,65.0,65.0,1.0,0.0,1.5,0.0,999.0,0,0.0,0.0,0.0,0,0.0,0.0,110.0,0.86,108.7,0,Moderate (1-3h)
SH-2789,Chennai,Hyderabad,ROAD,CARRIER-A,RT-MAA-HYD-01,2,1809400.0,1129.0,12,4,10,158.4,172.8,14.0,59.9,3.1,20.2,37.4,7.3,0.0,7.3,81.6,23.4,1,0.0,0.0,0.0,0,0.0,0.0,55.0,0.92,76.3,0,Moderate (1-3h)
SH-2362,Chennai,Hyderabad,MARITIME,CARRIER-D,RT-MAA-HYD-01,3,930400.0,8015.9,20,3,10,465.7,508.0,22.6,48.7,1.0,0.0,15.0,10.0,999.0,1.5,0.0,999.0,0,7.4,27.5,0.0,0,6.8,3.29,55.0,0.88,26.6,0,Minor (< 1h)
SH-2244,Chennai,Bengaluru,MARITIME,CARRIER-D,RT-MAA-BLR-01,2,78900.0,4613.5,0,5,10,58.4,63.7,13.6,47.6,1.0,0.0,15.0,10.0,999.0,1.5,0.0,999.0,0,7.4,22.8,0.0,0,0.0,0.0,35.0,0.88,29.2,0,Minor (< 1h)
SH-3521,Mumbai,Delhi,MARITIME,CARRIER-D,RT-BOM-DEL-01,4,1653000.0,5773.1,9,4,10,825.9,901.0,48.8,111.6,1.0,0.0,15.0,10.0,999.0,1.5,0.0,999.0,0,7.7,27.9,0.0,0,0.0,0.0,110.0,0.88,19.7,0,Minor (< 1h)
SH-2558,Chennai,Hyderabad,MARITIME,CARRIER-D,RT-MAA-HYD-01,2,1392500.0,6517.4,0,4,10,74.5,81.3,25.6,235.0,1.0,0.0,15.0,10.0,999.0,1.5,0.0,999.0,0,7.4,27.5,0.0,0,6.8,3.29,55.0,0.88,11.7,0,On-Time
SH-3462,Bengaluru,Hyderabad,ROAD,CARRIER-C,RT-BLR-HYD-01,4,2197800.0,8667.8,21,4,10,57.2,62.4,12.0,8.9,3.9,25.3,40.6,6.5,0.0,1.5,0.0,999.0,0,0.0,0.0,0.0,0,0.0,0.0,45.0,0.86,102.8,1,Moderate (1-3h)
SH-4012,Chennai,Coimbatore,ROAD,CARRIER-A,RT-MAA-CJB-01,3,1638800.0,9810.2,10,3,10,272.6,297.4,13.5,142.6,3.5,22.8,39.0,6.8,0.0,7.2,150.6,18.7,0,0.0,0.0,0.0,0,0.0,0.0,40.0,0.92,115.1,0,Moderate (1-3h)
SH-2678,Mumbai,Pune,MARITIME,CARRIER-D,RT-BOM-PNQ-01,3,785600.0,6797.1,1,5,10,81.2,88.6,9.3,117.3,1.0,0.0,15.0,10.0,999.0,1.5,0.0,999.0,0,7.0,21.7,0.0,0,0.0,0.0,25.0,0.88,80.0,0,Moderate (1-3h)
SH-4424,Bengaluru,Chennai,ROAD,CARRIER-C,RT-BLR-MAA-01,3,1662400.0,11186.1,11,3,10,252.4,275.3,8.5,73.1,3.5,22.8,39.0,6.8,0.0,7.2,150.6,18.7,0,0.0,0.0,0.0,0,0.0,0.0,30.0,0.86,29.9,0,Minor (< 1h)
SH-3297,Chennai,Coimbatore,ROAD,CARRIER-C,RT-MAA-CJB-01,2,2433800.0,1857.3,20,4,10,374.4,408.4,11.5,119.8,1.0,0.0,15.0,10.0,999.0,1.5,0.0,999.0,0,0.0,0.0,0.0,0,0.0,0.0,40.0,0.86,0.4,0,On-Time
SH-3692,Chennai,Hyderabad,MARITIME,CARRIER-D,RT-MAA-HYD-01,2,689300.0,1374.9,5,4,10,97.0,105.8,22.6,-8.8,1.0,0.0,15.0,10.0,999.0,1.5,0.0,999.0,0,7.4,27.5,0.0,0,6.8,3.29,55.0,0.88,86.4,1,Moderate (1-3h)
SH-4019,Mumbai,Pune,MARITIME,CARRIER-D,RT-BOM-PNQ-01,2,1369700.0,4405.0,8,3,10,17.5,30.0,10.3,183.9,1.0,0.0,15.0,10.0,999.0,1.5,0.0,999.0,0,5.7,17.3,0.0,0,0.0,0.0,25.0,0.88,101.0,0,Moderate (1-3h)
SH-2336,Chennai,Hyderabad,ROAD,CARRIER-C,RT-MAA-HYD-01,3,2311900.0,9799.1,9,4,10,428.8,467.8,13.0,47.3,3.1,20.2,37.4,7.3,0.0,7.3,122.5,23.4,1,0.0,0.0,0.0,0,0.0,0.0,55.0,0.86,29.8,0,Minor (< 1h)
SH-4224,Bengaluru,Chennai,MARITIME,CARRIER-D,RT-BLR-MAA-01,4,152100.0,496.0,6,4,10,211.3,230.5,14.1,74.4,1.0,0.0,15.0,10.0,999.0,1.5,0.0,999.0,0,7.4,27.5,0.0,0,6.8,3.29,30.0,0.88,21.5,0,Minor (< 1h)
SH-2588,Mumbai,Delhi,MARITIME,CARRIER-D,RT-BOM-DEL-01,1,620200.0,12862.5,20,3,10,798.2,870.8,50.8,234.3,1.0,0.0,15.0,10.0,999.0,1.5,0.0,999.0,0,7.7,27.9,0.0,0,0.0,0.0,110.0,0.88,13.3,0,On-Time
SH-2024,Chennai,Coimbatore,ROAD,CARRIER-A,RT-MAA-CJB-01,3,1959700.0,11636.2,22,4,10,113.7,124.0,12.5,145.9,8.2,53.3,57.8,2.6,37.7,7.0,92.4,21.8,0,0.0,0.0,0.0,0,0.0,0.0,40.0,0.92,80.3,0,Moderate (1-3h)
SH-3479,Mumbai,Delhi,AIR,CARRIER-B,RT-BOM-DEL-01,1,213400.0,10855.1,23,4,10,1162.9,1268.6,10.6,21.8,1.0,0.0,15.0,10.0,999.0,1.5,0.0,999.0,0,0.0,0.0,0.0,0,0.0,0.0,110.0,0.97,89.4,0,Moderate (1-3h)
SH-2524,Bengaluru,Hyderabad,MARITIME,CARRIER-D,RT-BLR-HYD-01,2,1405800.0,12696.6,6,4,10,275.9,301.0,19.9,47.4,1.0,0.0,15.0,10.0,999.0,1.5,0.0,999.0,0,0.0,0.0,0.0,0,0.0,0.0,45.0,0.88,18.3,0,Minor (< 1h)
SH-3591,Chennai,Bengaluru,ROAD,CARRIER-C,RT-MAA-BLR-01,3,2379500.0,13657.1,17,3,10,63.9,69.7,8.0,20.6,1.0,0.0,15.0,10.0,999.0,6.4,110.3,18.7,0,0.0,0.0,0.0,0,0.0,0.0,35.0,0.86,92.7,1,Moderate (1-3h)
SH-3910,Bengaluru,Hyderabad,ROAD,CARRIER-C,RT-BLR-HYD-01,4,108700.0,11221.5,18,3,10,347.7,379.3,11.5,53.4,1.0,0.0,15.0,10.0,999.0,1.5,0.0,999.0,0,0.0,0.0,0.0,0,0.0,0.0,45.0,0.86,15.6,0,Minor (< 1h)
SH-2891,Chennai,Coimbatore,ROAD,CARRIER-A,RT-MAA-CJB-01,2,1912900.0,949.4,14,3,10,175.5,191.5,10.5,57.6,1.0,0.0,15.0,10.0,999.0,6.4,110.3,18.7,0,0.0,0.0,0.0,0,0.0,0.0,40.0,0.92,5.6,0,On-Time
SH-4120,Chennai,Bengaluru,ROAD,CARRIER-C,RT-MAA-BLR-01,3,73500.0,1016.5,0,5,10,76.6,83.6,8.5,85.4,8.2,53.3,57.8,2.6,37.7,1.5,0.0,999.0,0,0.0,0.0,0.0,0,0.0,0.0,35.0,0.86,10.7,0,On-Time
SH-3370,Mumbai,Pune,ROAD,CARRIER-A,RT-BOM-PNQ-01,2,243100.0,1994.7,20,4,10,83.8,91.4,6.5,156.5,1.0,0.0,15.0,10.0,999.0,1.5,0.0,999.0,0,0.0,0.0,0.0,0,0.0,0.0,25.0,0.92,29.2,0,Minor (< 1h)
SH-2574,Bengaluru,Hyderabad,AIR,CARRIER-B,RT-BLR-HYD-01,3,935800.0,4627.9,14,3,10,255.4,278.6,6.7,16.3,1.0,0.0,15.0,10.0,999.0,1.5,0.0,999.0,0,0.0,0.0,0.0,0,0.0,0.0,45.0,0.97,196.5,1,Major (> 3h)
SH-2007,Mumbai,Pune,ROAD,CARRIER-A,RT-BOM-PNQ-01,3,1970600.0,12024.8,2,4,10,106.9,116.6,7.5,149.5,1.0,0.0,15.0,10.0,999.0,1.5,0.0,999.0,0,0.0,0.0,0.0,0,0.0,0.0,25.0,0.92,129.0,0,Moderate (1-3h)
SH-4230,Chennai,Bengaluru,AIR,CARRIER-B,RT-MAA-BLR-01,1,410600.0,1377.7,20,4,10,69.9,76.3,5.4,-8.9,1.0,0.0,15.0,10.0,999.0,1.5,0.0,999.0,0,0.0,0.0,0.0,0,0.0,0.0,35.0,0.97,225.3,1,Major (> 3h)
SH-3150,Mumbai,Delhi,AIR,CARRIER-B,RT-BOM-DEL-01,3,1709000.0,4507.4,0,4,10,996.1,1086.7,12.1,168.5,1.0,0.0,15.0,10.0,999.0,1.5,0.0,999.0,0,0.0,0.0,0.0,0,0.0,0.0,110.0,0.97,27.1,0,Minor (< 1h)
SH-2765,Bengaluru,Chennai,MARITIME,CARRIER-D,RT-BLR-MAA-01,4,2273300.0,15730.2,0,4,10,115.8,126.3,14.6,97.4,1.0,0.0,15.0,10.0,999.0,1.5,0.0,999.0,0,7.4,27.5,0.0,0,6.8,3.29,30.0,0.88,36.4,0,Minor (< 1h)
SH-3657,Chennai,Hyderabad,ROAD,CARRIER-A,RT-MAA-HYD-01,4,1698800.0,14496.6,9,4,10,234.4,255.7,16.0,234.2,3.1,20.2,37.4,7.3,0.0,7.3,122.5,23.4,1,0.0,0.0,0.0,0,0.0,0.0,55.0,0.92,13.6,0,On-Time
SH-3562,Mumbai,Delhi,AIR,CARRIER-B,RT-BOM-DEL-01,3,278600.0,3724.1,14,3,10,527.0,574.9,10.6,69.4,1.0,0.0,15.0,10.0,999.0,1.5,0.0,999.0,0,0.0,0.0,0.0,0,0.0,0.0,110.0,0.97,48.4,0,Minor (< 1h)
SH-3944,Bengaluru,Chennai,AIR,CARRIER-B,RT-BLR-MAA-01,3,212500.0,12923.6,4,5,10,150.4,164.1,5.4,170.7,1.0,0.0,15.0,10.0,999.0,1.5,0.0,999.0,0,0.0,0.0,0.0,0,0.0,0.0,30.0,0.97,21.8,0,Minor (< 1h)
SH-2035,Chennai,Coimbatore,ROAD,CARRIER-A,RT-MAA-CJB-01,3,1760400.0,15116.0,6,3,10,358.1,390.7,13.5,153.5,3.5,22.8,39.0,6.8,0.0,7.2,150.6,18.7,0,0.0,0.0,0.0,0,0.0,0.0,40.0,0.92,116.4,0,Moderate (1-3h)
SH-2952,Bengaluru,Hyderabad,MARITIME,CARRIER-D,RT-BLR-HYD-01,2,1503200.0,15018.8,8,4,10,316.0,344.7,20.9,118.4,1.0,0.0,15.0,10.0,999.0,1.5,0.0,999.0,0,0.0,0.0,0.0,0,0.0,0.0,45.0,0.88,3.8,0,On-Time
SH-2963,Bengaluru,Chennai,AIR,CARRIER-B,RT-BLR-MAA-01,2,1282900.0,2304.7,22,4,10,86.1,93.9,4.4,115.5,1.0,0.0,15.0,10.0,999.0,1.5,0.0,999.0,0,0.0,0.0,0.0,0,0.0,0.0,30.0,0.97,10.6,0,On-Time
SH-3725,Chennai,Coimbatore,MARITIME,CARRIER-D,RT-MAA-CJB-01,2,2358000.0,10058.7,18,3,10,135.3,147.6,21.1,233.8,1.0,0.0,15.0,10.0,999.0,1.5,0.0,999.0,0,7.4,27.5,0.0,0,6.8,3.29,40.0,0.88,14.7,0,On-Time
SH-3345,Chennai,Bengaluru,ROAD,CARRIER-A,RT-MAA-BLR-01,1,727000.0,7617.5,23,3,10,60.7,66.2,11.0,235.8,1.0,0.0,15.0,10.0,999.0,1.5,0.0,999.0,0,0.0,0.0,0.0,0,0.0,0.0,35.0,0.92,9.8,0,On-Time
SH-3974,Chennai,Hyderabad,AIR,CARRIER-B,RT-MAA-HYD-01,1,2094900.0,5230.8,19,4,10,295.6,322.5,5.2,-10.4,1.0,0.0,15.0,10.0,999.0,1.5,0.0,999.0,0,0.0,0.0,0.0,0,0.0,0.0,55.0,0.97,87.2,1,Moderate (1-3h)
SH-2603,Chennai,Bengaluru,ROAD,CARRIER-A,RT-MAA-BLR-01,2,472700.0,15674.7,19,4,10,233.2,254.4,8.5,85.0,1.0,0.0,15.0,10.0,999.0,1.5,0.0,999.0,0,0.0,0.0,0.0,0,0.0,0.0,35.0,0.92,11.9,0,On-Time
SH-4327,Chennai,Bengaluru,AIR,CARRIER-B,RT-MAA-BLR-01,2,887100.0,12235.7,16,4,10,288.6,314.8,6.4,233.5,1.0,0.0,15.0,10.0,999.0,1.5,0.0,999.0,0,0.0,0.0,0.0,0,0.0,0.0,35.0,0.97,15.2,0,Minor (< 1h)
SH-4364,Bengaluru,Chennai,AIR,CARRIER-B,RT-BLR-MAA-01,3,1492600.0,13084.3,6,4,10,286.6,312.7,4.4,114.5,1.0,0.0,15.0,10.0,999.0,1.5,0.0,999.0,0,0.0,0.0,0.0,0,0.0,0.0,30.0,0.97,13.0,0,On-Time
SH-3336,Mumbai,Delhi,ROAD,CARRIER-C,RT-BOM-DEL-01,2,440000.0,17321.2,4,4,10,891.5,972.5,27.5,30.5,10.0,65.0,65.0,1.0,0.0,1.5,0.0,999.0,0,0.0,0.0,0.0,0,0.0,0.0,110.0,0.86,70.5,0,Moderate (1-3h)
SH-4063,Bengaluru,Hyderabad,AIR,CARRIER-B,RT-BLR-HYD-01,3,1708700.0,4405.2,15,4,10,306.3,334.1,7.7,231.6,1.0,0.0,15.0,10.0,999.0,1.5,0.0,999.0,0,0.0,0.0,0.0,0,0.0,0.0,45.0,0.97,19.9,0,Minor (< 1h)
SH-3629,Chennai,Bengaluru,ROAD,CARRIER-C,RT-MAA-BLR-01,2,1477900.0,17619.6,15,3,10,49.9,54.4,9.0,50.3,1.0,0.0,15.0,10.0,999.0,6.4,110.3,18.7,0,0.0,0.0,0.0,0,0.0,0.0,35.0,0.86,85.8,0,Moderate (1-3h)
SH-4183,Mumbai,Delhi,MARITIME,CARRIER-D,RT-BOM-DEL-01,2,928900.0,3020.0,23,4,10,1006.3,1097.8,47.8,-183.2,1.0,0.0,15.0,10.0,999.0,1.5,0.0,999.0,0,7.7,27.9,0.0,0,0.0,0.0,110.0,0.88,295.9,1,Major (> 3h)
SH-3334,Bengaluru,Hyderabad,MARITIME,CARRIER-D,RT-BLR-HYD-01,3,2446900.0,17867.1,9,3,10,79.6,86.8,19.9,22.5,1.0,0.0,15.0,10.0,999.0,1.5,0.0,999.0,0,0.0,0.0,0.0,0,0.0,0.0,45.0,0.88,53.7,0,Minor (< 1h)
SH-3928,Mumbai,Delhi,ROAD,CARRIER-A,RT-BOM-DEL-01,2,1827800.0,6904.7,19,4,10,464.3,506.5,30.0,196.0,3.1,20.2,37.4,7.2,0.0,1.5,0.0,999.0,0,0.0,0.0,0.0,0,0.0,0.0,110.0,0.92,58.2,0,Minor (< 1h)
SH-3458,Chennai,Hyderabad,AIR,CARRIER-B,RT-MAA-HYD-01,4,1086700.0,2613.5,19,4,10,551.2,601.3,8.2,232.5,1.0,0.0,15.0,10.0,999.0,1.5,0.0,999.0,0,0.0,0.0,0.0,0,0.0,0.0,55.0,0.97,17.7,0,Minor (< 1h)
SH-2328,Bengaluru,Chennai,ROAD,CARRIER-A,RT-BLR-MAA-01,2,247700.0,5959.6,23,3,10,37.1,40.5,8.0,57.2,1.0,0.0,15.0,10.0,999.0,1.5,0.0,999.0,0,0.0,0.0,0.0,0,0.0,0.0,30.0,0.92,6.6,0,On-Time
SH-2297,Bengaluru,Chennai,AIR,CARRIER-B,RT-BLR-MAA-01,2,1556800.0,16046.6,19,3,10,52.3,57.1,6.4,60.3,1.0,0.0,15.0,10.0,999.0,1.5,0.0,999.0,0,0.0,0.0,0.0,0,0.0,0.0,30.0,0.97,225.1,0,Major (> 3h)
SH-3869,Bengaluru,Hyderabad,ROAD,CARRIER-C,RT-BLR-HYD-01,2,1886600.0,16310.8,21,3,10,349.6,381.4,12.0,88.1,1.0,0.0,15.0,10.0,999.0,1.5,0.0,999.0,0,0.0,0.0,0.0,0,0.0,0.0,45.0,0.86,4.5,0,On-Time
SH-4422,Bengaluru,Hyderabad,MARITIME,CARRIER-D,RT-BLR-HYD-01,2,163700.0,3646.1,17,3,10,135.0,147.3,20.9,118.2,1.0,0.0,15.0,10.0,999.0,1.5,0.0,999.0,0,0.0,0.0,0.0,0,0.0,0.0,45.0,0.88,4.3,0,On-Time
SH-3957,Bengaluru,Hyderabad,ROAD,CARRIER-A,RT-BLR-HYD-01,3,985900.0,1621.5,20,3,10,277.2,302.4,12.0,89.8,1.0,0.0,15.0,10.0,999.0,1.5,0.0,999.0,0,0.0,0.0,0.0,0,0.0,0.0,45.0,0.92,0.5,0,On-Time
SH-4242,Bengaluru,Chennai,AIR,CARRIER-B,RT-BLR-MAA-01,3,87100.0,15195.1,13,4,10,135.7,148.0,4.4,35.7,1.0,0.0,15.0,10.0,999.0,1.5,0.0,999.0,0,0.0,0.0,0.0,0,0.0,0.0,30.0,0.97,103.9,0,Moderate (1-3h)
SH-4031,Chennai,Coimbatore,ROAD,CARRIER-A,RT-MAA-CJB-01,3,264700.0,14974.5,16,4,10,119.0,129.8,13.5,186.1,3.1,20.2,37.4,7.2,37.7,7.3,81.6,23.4,1,0.0,0.0,0.0,0,0.0,0.0,40.0,0.92,66.8,0,Moderate (1-3h)
SH-3241,Mumbai,Delhi,MARITIME,CARRIER-D,RT-BOM-DEL-01,3,2110000.0,3495.6,3,4,10,1113.3,1214.5,47.8,57.7,1.0,0.0,15.0,10.0,999.0,1.5,0.0,999.0,0,7.7,27.9,0.0,0,0.0,0.0,110.0,0.88,5.5,0,On-Time
SH-2913,Mumbai,Pune,ROAD,CARRIER-A,RT-BOM-PNQ-01,3,631400.0,12270.4,16,4,10,64.2,70.0,4.5,51.5,10.0,65.0,65.0,1.0,0.0,1.5,0.0,999.0,0,0.0,0.0,0.0,0,0.0,0.0,25.0,0.92,20.0,0,Minor (< 1h)
SH-3575,Mumbai,Pune,ROAD,CARRIER-C,RT-BOM-PNQ-01,2,1505500.0,10243.5,19,4,10,27.1,30.0,6.5,54.0,1.0,0.0,15.0,10.0,999.0,1.5,0.0,999.0,0,0.0,0.0,0.0,0,0.0,0.0,25.0,0.86,150.9,0,Moderate (1-3h)
SH-2407,Bengaluru,Hyderabad,AIR,CARRIER-B,RT-BLR-HYD-01,1,1508300.0,17712.0,18,4,10,225.3,245.8,5.2,39.2,1.0,0.0,15.0,10.0,999.0,1.5,0.0,999.0,0,0.0,0.0,0.0,0,0.0,0.0,45.0,0.97,67.7,0,Moderate (1-3h)
SH-2777,Mumbai,Delhi,ROAD,CARRIER-A,RT-BOM-DEL-01,3,1034100.0,13315.5,15,4,10,997.7,1088.4,29.0,177.1,10.0,65.0,65.0,1.0,0.0,1.5,0.0,999.0,0,0.0,0.0,0.0,0,0.0,0.0,110.0,0.92,6.8,0,On-Time
SH-2326,Chennai,Bengaluru,ROAD,CARRIER-A,RT-MAA-BLR-01,2,271400.0,9063.8,10,4,10,201.2,219.5,10.0,159.3,4.2,27.3,41.8,6.2,13.6,7.3,122.5,23.4,1,0.0,0.0,0.0,0,0.0,0.0,35.0,0.92,33.8,0,Minor (< 1h)
SH-3787,Chennai,Bengaluru,MARITIME,CARRIER-D,RT-MAA-BLR-01,1,1660700.0,16427.6,7,4,10,48.8,53.2,14.1,84.6,1.0,0.0,15.0,10.0,999.0,1.5,0.0,999.0,0,7.4,27.5,0.0,0,6.8,3.29,35.0,0.88,12.6,0,On-Time
SH-4217,Mumbai,Pune,MARITIME,CARRIER-D,RT-BOM-PNQ-01,3,262900.0,16546.5,23,4,10,55.9,61.0,10.3,178.8,1.0,0.0,15.0,10.0,999.0,1.5,0.0,999.0,0,7.7,27.9,0.0,0,0.0,0.0,25.0,0.88,75.8,0,Moderate (1-3h)
SH-2700,Chennai,Hyderabad,ROAD,CARRIER-C,RT-MAA-HYD-01,2,1147900.0,14473.3,13,4,10,370.6,404.3,14.0,114.4,3.1,20.2,37.4,7.3,0.0,7.3,81.6,23.4,1,0.0,0.0,0.0,0,0.0,0.0,55.0,0.86,13.1,0,On-Time
SH-2015,Chennai,Coimbatore,AIR,CARRIER-B,RT-MAA-CJB-01,4,2238900.0,9435.7,2,5,10,53.6,58.5,4.8,87.6,1.0,0.0,15.0,10.0,999.0,1.5,0.0,999.0,0,0.0,0.0,0.0,0,0.0,0.0,40.0,0.97,5.6,0,On-Time
SH-2944,Mumbai,Pune,MARITIME,CARRIER-D,RT-BOM-PNQ-01,1,250200.0,1159.7,17,4,10,44.2,48.2,7.3,57.0,1.0,0.0,15.0,10.0,999.0,1.5,0.0,999.0,0,7.7,27.9,0.0,0,0.0,0.0,25.0,0.88,7.2,0,On-Time
SH-2671,Bengaluru,Chennai,ROAD,CARRIER-C,RT-BLR-MAA-01,3,1790700.0,3677.7,12,3,10,200.9,219.2,10.0,175.0,1.0,0.0,15.0,10.0,999.0,6.4,110.3,18.7,0,0.0,0.0,0.0,0,0.0,0.0,30.0,0.86,11.6,0,On-Time
SH-2374,Mumbai,Pune,AIR,CARRIER-B,RT-BOM-PNQ-01,1,2474700.0,8983.8,13,4,10,55.1,60.1,3.0,-103.4,1.0,0.0,15.0,10.0,999.0,1.5,0.0,999.0,0,0.0,0.0,0.0,0,0.0,0.0,25.0,0.97,197.2,1,Major (> 3h)
SH-4366,Bengaluru,Chennai,AIR,CARRIER-B,RT-BLR-MAA-01,3,1146800.0,5784.4,18,3,10,101.1,110.3,3.4,56.5,1.0,0.0,15.0,10.0,999.0,1.5,0.0,999.0,0,0.0,0.0,0.0,0,0.0,0.0,30.0,0.97,8.2,0,On-Time
SH-4421,Bengaluru,Chennai,ROAD,CARRIER-A,RT-BLR-MAA-01,2,1601900.0,12101.3,3,4,10,222.1,242.3,10.0,95.9,1.0,0.0,15.0,10.0,999.0,7.0,40.9,25.8,0,0.0,0.0,0.0,0,0.0,0.0,30.0,0.92,104.0,0,Moderate (1-3h)
SH-2447,Bengaluru,Hyderabad,ROAD,CARRIER-A,RT-BLR-HYD-01,4,2052600.0,16715.5,4,5,10,289.8,316.1,14.5,163.6,3.9,25.3,40.6,6.5,0.0,1.5,0.0,999.0,0,0.0,0.0,0.0,0,0.0,0.0,45.0,0.92,100.9,0,Moderate (1-3h)
SH-3125,Chennai,Bengaluru,AIR,CARRIER-B,RT-MAA-BLR-01,1,2182900.0,5639.3,6,3,10,258.0,281.5,4.4,14.7,1.0,0.0,15.0,10.0,999.0,1.5,0.0,999.0,0,0.0,0.0,0.0,0,0.0,0.0,35.0,0.97,125.0,1,Moderate (1-3h)
SH-3037,Bengaluru,Hyderabad,ROAD,CARRIER-C,RT-BLR-HYD-01,4,1084800.0,11739.4,18,4,10,346.2,377.7,12.0,82.6,1.0,0.0,15.0,10.0,999.0,1.5,0.0,999.0,0,0.0,0.0,0.0,0,0.0,0.0,45.0,0.86,17.4,0,Minor (< 1h)
SH-3178,Mumbai,Delhi,MARITIME,CARRIER-D,RT-BOM-DEL-01,2,1097500.0,10884.5,15,3,10,1239.3,1352.0,50.8,216.2,1.0,0.0,15.0,10.0,999.0,1.5,0.0,999.0,0,7.7,27.9,0.0,0,0.0,0.0,110.0,0.88,33.1,0,Minor (< 1h)
SH-2332,Mumbai,Pune,MARITIME,CARRIER-D,RT-BOM-PNQ-01,3,978200.0,14823.7,6,4,10,120.1,131.0,7.8,84.6,1.0,0.0,15.0,10.0,999.0,1.5,0.0,999.0,0,7.7,27.9,0.0,0,0.0,0.0,25.0,0.88,12.8,0,On-Time
SH-2201,Bengaluru,Chennai,MARITIME,CARRIER-D,RT-BLR-MAA-01,3,271500.0,10742.5,11,4,10,235.1,256.5,15.6,174.8,1.0,0.0,15.0,10.0,999.0,1.5,0.0,999.0,0,7.4,27.5,0.0,0,6.8,3.29,30.0,0.88,12.1,0,On-Time
SH-3641,Chennai,Bengaluru,MARITIME,CARRIER-D,RT-MAA-BLR-01,1,1737500.0,4139.9,9,3,10,118.9,129.7,15.6,68.9,1.0,0.0,15.0,10.0,999.0,1.5,0.0,999.0,0,6.9,22.2,0.0,0,0.0,0.0,35.0,0.88,130.9,0,Moderate (1-3h)
SH-2943,Mumbai,Pune,MARITIME,CARRIER-D,RT-BOM-PNQ-01,2,1649200.0,5357.4,23,3,10,108.2,118.0,7.8,52.3,1.0,0.0,15.0,10.0,999.0,1.5,0.0,999.0,0,7.7,27.9,0.0,0,0.0,0.0,25.0,0.88,52.2,0,Minor (< 1h)
SH-2480,Chennai,Hyderabad,ROAD,CARRIER-A,RT-MAA-HYD-01,1,2191300.0,9324.5,14,4,10,228.8,249.6,14.0,-81.4,3.1,20.2,37.4,7.3,0.0,7.3,81.6,23.4,1,0.0,0.0,0.0,0,0.0,0.0,55.0,0.92,248.9,1,Major (> 3h)
SH-2637,Chennai,Bengaluru,ROAD,CARRIER-C,RT-MAA-BLR-01,3,1115300.0,14072.3,8,4,10,260.6,284.3,10.0,176.4,4.3,27.9,42.2,6.1,35.8,7.3,122.5,23.4,1,0.0,0.0,0.0,0,0.0,0.0,35.0,0.86,8.5,0,On-Time
SH-4010,Chennai,Coimbatore,ROAD,CARRIER-A,RT-MAA-CJB-01,4,2326100.0,15018.8,13,3,10,122.9,134.1,13.5,233.9,1.0,0.0,15.0,10.0,999.0,6.4,110.3,18.7,0,0.0,0.0,0.0,0,0.0,0.0,40.0,0.92,14.4,0,On-Time
SH-3631,Bengaluru,Hyderabad,ROAD,CARRIER-C,RT-BLR-HYD-01,3,1605400.0,12963.8,21,3,10,271.5,296.2,11.5,51.5,1.0,0.0,15.0,10.0,999.0,1.5,0.0,999.0,0,0.0,0.0,0.0,0,0.0,0.0,45.0,0.86,19.9,0,Minor (< 1h)
SH-3638,Mumbai,Delhi,MARITIME,CARRIER-D,RT-BOM-DEL-01,4,1325200.0,1834.1,10,4,10,645.0,703.6,48.8,116.5,1.0,0.0,15.0,10.0,999.0,1.5,0.0,999.0,0,7.7,27.9,0.0,0,0.0,0.0,110.0,0.88,8.3,0,On-Time
SH-2586,Mumbai,Delhi,AIR,CARRIER-B,RT-BOM-DEL-01,1,2396900.0,10602.2,9,4,10,549.3,599.2,10.6,85.0,1.0,0.0,15.0,10.0,999.0,1.5,0.0,999.0,0,0.0,0.0,0.0,0,0.0,0.0,110.0,0.97,11.7,0,On-Time
SH-2895,Chennai,Bengaluru,ROAD,CARRIER-A,RT-MAA-BLR-01,2,871700.0,14074.6,15,4,10,84.7,92.4,11.0,132.0,4.3,27.9,42.2,6.1,35.8,7.3,81.6,23.4,1,0.0,0.0,0.0,0,0.0,0.0,35.0,0.92,131.6,0,Moderate (1-3h)
SH-3303,Chennai,Coimbatore,ROAD,CARRIER-C,RT-MAA-CJB-01,4,267700.0,17178.4,19,4,10,121.5,132.5,13.5,230.6,1.0,0.0,15.0,10.0,999.0,1.5,0.0,999.0,0,0.0,0.0,0.0,0,0.0,0.0,40.0,0.86,22.2,0,Minor (< 1h)
SH-4484,Chennai,Bengaluru,ROAD,CARRIER-C,RT-MAA-BLR-01,1,1333200.0,17168.0,11,4,10,185.3,202.1,8.5,84.8,4.2,27.3,41.8,6.2,16.8,7.3,122.5,23.4,1,0.0,0.0,0.0,0,0.0,0.0,35.0,0.86,12.2,0,On-Time
SH-2224,Chennai,Coimbatore,ROAD,CARRIER-A,RT-MAA-CJB-01,2,461400.0,13386.5,6,4,10,247.5,270.0,11.5,119.9,3.1,20.2,37.4,7.2,37.7,7.3,122.5,23.4,1,0.0,0.0,0.0,0,0.0,0.0,40.0,0.92,0.2,0,On-Time
SH-4306,Chennai,Bengaluru,ROAD,CARRIER-A,RT-MAA-BLR-01,4,1561500.0,8527.5,16,3,10,70.9,77.3,9.0,112.5,1.0,0.0,15.0,10.0,999.0,6.4,110.3,18.7,0,0.0,0.0,0.0,0,0.0,0.0,35.0,0.92,17.6,0,Minor (< 1h)
SH-4198,Mumbai,Pune,ROAD,CARRIER-C,RT-BOM-PNQ-01,4,1552700.0,3260.9,1,4,10,25.4,30.0,4.5,-5.7,1.0,0.0,15.0,10.0,999.0,1.5,0.0,999.0,0,0.0,0.0,0.0,0,0.0,0.0,25.0,0.86,99.3,1,Moderate (1-3h)
SH-2672,Chennai,Coimbatore,MARITIME,CARRIER-D,RT-MAA-CJB-01,3,2069400.0,4799.7,23,3,10,276.7,301.9,18.6,84.1,1.0,0.0,15.0,10.0,999.0,1.5,0.0,999.0,0,7.4,27.5,0.0,0,6.8,3.29,40.0,0.88,14.0,0,On-Time
SH-4209,Chennai,Hyderabad,ROAD,CARRIER-C,RT-MAA-HYD-01,2,178300.0,3308.5,2,5,10,183.9,200.6,13.5,83.5,10.0,65.0,65.0,1.0,0.0,7.0,70.1,21.8,0,0.0,0.0,0.0,0,0.0,0.0,55.0,0.86,15.4,0,Minor (< 1h)
SH-2973,Chennai,Coimbatore,AIR,CARRIER-B,RT-MAA-CJB-01,2,1971900.0,11855.5,2,5,10,194.4,212.1,7.3,152.3,1.0,0.0,15.0,10.0,999.0,1.5,0.0,999.0,0,0.0,0.0,0.0,0,0.0,0.0,40.0,0.97,108.0,0,Moderate (1-3h)
SH-2027,Mumbai,Delhi,AIR,CARRIER-B,RT-BOM-DEL-01,3,545900.0,12567.4,7,4,10,672.8,734.0,10.6,84.5,1.0,0.0,15.0,10.0,999.0,1.5,0.0,999.0,0,0.0,0.0,0.0,0,0.0,0.0,110.0,0.97,13.1,0,On-Time
SH-2003,Mumbai,Pune,MARITIME,CARRIER-D,RT-BOM-PNQ-01,2,957600.0,8558.1,15,3,10,53.0,57.8,8.3,119.6,1.0,0.0,15.0,10.0,999.0,1.5,0.0,999.0,0,5.7,17.3,0.0,0,0.0,0.0,25.0,0.88,0.9,0,On-Time
SH-3100,Bengaluru,Chennai,MARITIME,CARRIER-D,RT-BLR-MAA-01,2,2125400.0,9023.1,23,4,10,303.8,331.4,15.6,176.2,1.0,0.0,15.0,10.0,999.0,1.5,0.0,999.0,0,7.4,27.5,0.0,0,0.0,0.0,30.0,0.88,9.0,0,On-Time
SH-4052,Mumbai,Pune,ROAD,CARRIER-C,RT-BOM-PNQ-01,2,1020300.0,16432.0,7,3,10,76.9,83.9,5.5,113.0,1.0,0.0,15.0,10.0,999.0,1.5,0.0,999.0,0,0.0,0.0,0.0,0,0.0,0.0,25.0,0.86,16.5,0,Minor (< 1h)
SH-4440,Bengaluru,Hyderabad,ROAD,CARRIER-A,RT-BLR-HYD-01,1,749800.0,514.7,17,3,10,445.9,486.4,12.0,2.4,1.0,0.0,15.0,10.0,999.0,1.5,0.0,999.0,0,0.0,0.0,0.0,0,0.0,0.0,45.0,0.92,105.1,1,Moderate (1-3h)
SH-3292,Chennai,Hyderabad,ROAD,CARRIER-A,RT-MAA-HYD-01,2,700100.0,5119.4,14,3,10,387.8,423.1,13.5,-4.1,1.0,0.0,15.0,10.0,999.0,6.4,110.3,18.7,0,0.0,0.0,0.0,0,0.0,0.0,55.0,0.92,117.7,1,Moderate (1-3h)
SH-3422,Mumbai,Delhi,MARITIME,CARRIER-D,RT-BOM-DEL-01,3,196000.0,2463.9,6,3,10,969.0,1057.1,49.8,171.7,1.0,0.0,15.0,10.0,999.0,1.5,0.0,999.0,0,7.7,27.9,0.0,0,0.0,0.0,110.0,0.88,19.6,0,Minor (< 1h)
SH-2256,Mumbai,Delhi,ROAD,CARRIER-C,RT-BOM-DEL-01,2,466400.0,17167.0,2,5,10,182.2,198.8,27.0,34.5,3.1,20.2,37.4,7.2,0.0,1.5,0.0,999.0,0,0.0,0.0,0.0,0,0.0,0.0,110.0,0.86,39.2,0,Minor (< 1h)
SH-3875,Chennai,Bengaluru,AIR,CARRIER-B,RT-MAA-BLR-01,1,1274300.0,17315.4,4,5,10,289.1,315.4,5.4,118.7,1.0,0.0,15.0,10.0,999.0,1.5,0.0,999.0,0,0.0,0.0,0.0,0,0.0,0.0,35.0,0.97,79.3,0,Moderate (1-3h)
SH-2403,Bengaluru,Hyderabad,AIR,CARRIER-B,RT-BLR-HYD-01,2,1133200.0,4983.1,23,4,10,333.4,363.7,4.7,59.1,1.0,0.0,15.0,10.0,999.0,1.5,0.0,999.0,0,0.0,0.0,0.0,0,0.0,0.0,45.0,0.97,2.2,0,On-Time
SH-3291,Chennai,Hyderabad,ROAD,CARRIER-C,RT-MAA-HYD-01,3,1906800.0,11051.0,22,4,10,506.3,552.3,16.0,237.1,10.0,65.0,65.0,1.0,0.0,7.0,92.4,21.8,0,0.0,0.0,0.0,0,0.0,0.0,55.0,0.86,6.9,0,On-Time
SH-2975,Chennai,Coimbatore,MARITIME,CARRIER-D,RT-MAA-CJB-01,3,481300.0,1235.6,12,4,10,271.5,296.2,20.1,169.4,1.0,0.0,15.0,10.0,999.0,1.5,0.0,999.0,0,7.4,27.5,0.0,0,6.8,3.29,40.0,0.88,24.9,0,Minor (< 1h)
SH-4435,Chennai,Coimbatore,MARITIME,CARRIER-D,RT-MAA-CJB-01,2,980200.0,11963.2,17,4,10,414.4,452.1,21.1,239.9,1.0,0.0,15.0,10.0,999.0,1.5,0.0,999.0,0,7.4,27.5,0.0,0,0.0,0.0,40.0,0.88,0.1,0,On-Time
SH-3258,Chennai,Coimbatore,AIR,CARRIER-B,RT-MAA-CJB-01,4,1454800.0,3923.5,10,3,10,178.7,194.9,5.3,-56.3,1.0,0.0,15.0,10.0,999.0,1.5,0.0,999.0,0,0.0,0.0,0.0,0,0.0,0.0,40.0,0.97,210.0,1,Major (> 3h)
SH-3223,Chennai,Coimbatore,MARITIME,CARRIER-D,RT-MAA-CJB-01,3,1036500.0,1814.4,23,3,10,101.2,110.4,21.1,199.9,1.0,0.0,15.0,10.0,999.0,1.5,0.0,999.0,0,7.4,27.5,0.0,0,6.8,3.29,40.0,0.88,69.6,0,Moderate (1-3h)
SH-3925,Chennai,Coimbatore,ROAD,CARRIER-A,RT-MAA-CJB-01,4,656300.0,2394.0,7,4,10,451.1,492.1,10.5,29.2,3.1,20.2,37.4,7.2,12.1,5.0,16.1,19.7,0,0.0,0.0,0.0,0,0.0,0.0,40.0,0.92,72.6,1,Moderate (1-3h)
SH-3567,Chennai,Bengaluru,MARITIME,CARRIER-D,RT-MAA-BLR-01,3,612400.0,15164.0,5,5,10,108.1,117.9,15.6,53.4,1.0,0.0,15.0,10.0,999.0,1.5,0.0,999.0,0,7.4,22.8,0.0,0,0.0,0.0,35.0,0.88,149.2,0,Moderate (1-3h)
SH-3457,Chennai,Hyderabad,MARITIME,CARRIER-D,RT-MAA-HYD-01,2,2368200.0,4700.9,3,4,10,294.4,321.2,23.6,112.2,1.0,0.0,15.0,10.0,999.0,1.5,0.0,999.0,0,7.4,27.5,0.0,0,6.8,3.29,55.0,0.88,18.4,0,Minor (< 1h)
SH-2202,Bengaluru,Chennai,ROAD,CARRIER-A,RT-BLR-MAA-01,3,1323400.0,6754.5,17,4,10,217.0,236.7,11.0,235.0,4.3,27.9,42.2,6.1,35.8,7.3,81.6,23.4,1,0.0,0.0,0.0,0,0.0,0.0,30.0,0.92,11.9,0,On-Time
SH-2360,Chennai,Coimbatore,MARITIME,CARRIER-D,RT-MAA-CJB-01,1,1304500.0,3148.3,17,4,10,395.3,431.2,20.1,169.3,1.0,0.0,15.0,10.0,999.0,1.5,0.0,999.0,0,7.4,27.5,0.0,0,0.0,0.0,40.0,0.88,25.1,0,Minor (< 1h)
SH-3589,Chennai,Bengaluru,MARITIME,CARRIER-D,RT-MAA-BLR-01,3,182600.0,14673.5,17,4,10,71.6,78.1,14.1,85.6,1.0,0.0,15.0,10.0,999.0,1.5,0.0,999.0,0,7.4,27.5,0.0,0,0.0,0.0,35.0,0.88,10.4,0,On-Time
SH-4476,Mumbai,Pune,MARITIME,CARRIER-D,RT-BOM-PNQ-01,3,798800.0,5270.1,21,4,10,31.6,34.5,9.3,178.3,1.0,0.0,15.0,10.0,999.0,1.5,0.0,999.0,0,7.7,27.9,0.0,0,0.0,0.0,25.0,0.88,4.0,0,On-Time
SH-2954,Chennai,Coimbatore,MARITIME,CARRIER-D,RT-MAA-CJB-01,4,1693300.0,7617.8,4,5,10,370.0,403.6,21.1,238.2,1.0,0.0,15.0,10.0,999.0,1.5,0.0,999.0,0,7.4,22.8,0.0,0,0.0,0.0,40.0,0.88,4.3,0,On-Time
SH-2982,Chennai,Coimbatore,MARITIME,CARRIER-D,RT-MAA-CJB-01,3,392900.0,11511.1,15,3,10,165.1,180.1,19.1,116.7,1.0,0.0,15.0,10.0,999.0,1.5,0.0,999.0,0,7.4,27.5,0.0,0,6.8,3.29,40.0,0.88,7.8,0,On-Time
SH-2906,Bengaluru,Hyderabad,MARITIME,CARRIER-D,RT-BLR-HYD-01,3,343800.0,14571.3,21,4,10,98.5,107.5,19.9,12.5,1.0,0.0,15.0,10.0,999.0,1.5,0.0,999.0,0,0.0,0.0,0.0,0,0.0,0.0,45.0,0.88,63.5,1,Moderate (1-3h)
SH-2731,Chennai,Bengaluru,ROAD,CARRIER-C,RT-MAA-BLR-01,2,2211200.0,17230.1,20,4,10,202.6,221.0,8.0,8.5,1.0,0.0,15.0,10.0,999.0,1.5,0.0,999.0,0,0.0,0.0,0.0,0,0.0,0.0,35.0,0.86,68.6,1,Moderate (1-3h)
SH-3190,Bengaluru,Chennai,ROAD,CARRIER-C,RT-BLR-MAA-01,4,2235600.0,5157.8,14,4,10,284.7,310.6,11.0,198.1,4.3,27.9,42.2,6.1,35.8,7.3,81.6,23.4,1,0.0,0.0,0.0,0,0.0,0.0,30.0,0.86,98.6,0,Moderate (1-3h)
SH-4371,Chennai,Coimbatore,MARITIME,CARRIER-D,RT-MAA-CJB-01,4,1154500.0,642.5,6,4,10,76.7,83.7,21.1,232.4,1.0,0.0,15.0,10.0,999.0,1.5,0.0,999.0,0,7.4,27.5,0.0,0,6.8,3.29,40.0,0.88,17.9,0,Minor (< 1h)
SH-2757,Chennai,Bengaluru,AIR,CARRIER-B,RT-MAA-BLR-01,2,1708900.0,640.9,23,4,10,200.9,219.2,3.9,63.8,1.0,0.0,15.0,10.0,999.0,1.5,0.0,999.0,0,0.0,0.0,0.0,0,0.0,0.0,35.0,0.97,36.7,0,Minor (< 1h)
SH-3449,Mumbai,Pune,ROAD,CARRIER-A,RT-BOM-PNQ-01,2,1850600.0,10735.5,14,3,10,39.2,42.8,4.5,18.7,1.0,0.0,15.0,10.0,999.0,1.5,0.0,999.0,0,0.0,0.0,0.0,0,0.0,0.0,25.0,0.92,51.9,0,Minor (< 1h)
SH-2327,Mumbai,Pune,ROAD,CARRIER-A,RT-BOM-PNQ-01,3,264000.0,8050.1,2,4,10,72.4,79.0,5.5,4.6,1.0,0.0,15.0,10.0,999.0,1.5,0.0,999.0,0,0.0,0.0,0.0,0,0.0,0.0,25.0,0.92,148.1,1,Moderate (1-3h)
SH-2704,Chennai,Hyderabad,MARITIME,CARRIER-D,RT-MAA-HYD-01,2,1398700.0,2081.0,19,3,10,368.4,401.9,23.1,85.7,1.0,0.0,15.0,10.0,999.0,1.5,0.0,999.0,0,7.4,27.5,0.0,0,6.8,3.29,55.0,0.88,10.0,0,On-Time
SH-4119,Mumbai,Delhi,MARITIME,CARRIER-D,RT-BOM-DEL-01,2,957900.0,17549.2,19,4,10,410.7,448.0,48.3,89.4,1.0,0.0,15.0,10.0,999.0,1.5,0.0,999.0,0,7.7,27.9,0.0,0,0.0,0.0,110.0,0.88,1.4,0,On-Time
SH-4091,Bengaluru,Hyderabad,ROAD,CARRIER-A,RT-BLR-HYD-01,3,1012500.0,5164.4,11,4,10,349.4,381.2,12.5,119.2,4.3,27.9,42.2,7.3,0.0,1.5,0.0,999.0,0,0.0,0.0,0.0,0,0.0,0.0,45.0,0.92,1.9,0,On-Time
SH-3684,Chennai,Bengaluru,ROAD,CARRIER-A,RT-MAA-BLR-01,2,522300.0,394.8,11,3,10,266.3,290.5,9.0,113.4,3.5,22.8,39.0,6.8,0.0,7.2,150.6,18.7,0,0.0,0.0,0.0,0,0.0,0.0,35.0,0.92,15.5,0,Minor (< 1h)
SH-2498,Bengaluru,Hyderabad,AIR,CARRIER-B,RT-BLR-HYD-01,3,2222700.0,11505.0,6,4,10,410.3,447.6,4.7,-19.7,1.0,0.0,15.0,10.0,999.0,1.5,0.0,999.0,0,0.0,0.0,0.0,0,0.0,0.0,45.0,0.97,99.2,1,Moderate (1-3h)
SH-3820,Mumbai,Pune,AIR,CARRIER-B,RT-BOM-PNQ-01,2,806300.0,11598.9,17,3,10,54.0,58.9,5.0,160.7,1.0,0.0,15.0,10.0,999.0,1.5,0.0,999.0,0,0.0,0.0,0.0,0,0.0,0.0,25.0,0.97,25.6,0,Minor (< 1h)
SH-3662,Bengaluru,Hyderabad,MARITIME,CARRIER-D,RT-BLR-HYD-01,2,1556800.0,8291.0,20,4,10,134.3,146.5,22.9,236.5,1.0,0.0,15.0,10.0,999.0,1.5,0.0,999.0,0,0.0,0.0,0.0,0,0.0,0.0,45.0,0.88,8.1,0,On-Time
SH-2842,Mumbai,Pune,AIR,CARRIER-B,RT-BOM-PNQ-01,1,627000.0,6210.2,19,4,10,91.9,100.3,3.0,44.0,1.0,0.0,15.0,10.0,999.0,1.5,0.0,999.0,0,0.0,0.0,0.0,0,0.0,0.0,25.0,0.97,37.5,0,Minor (< 1h)
SH-2618,Bengaluru,Hyderabad,MARITIME,CARRIER-D,RT-BLR-HYD-01,1,443800.0,585.4,6,4,10,379.1,413.6,19.9,55.3,1.0,0.0,15.0,10.0,999.0,1.5,0.0,999.0,0,0.0,0.0,0.0,0,0.0,0.0,45.0,0.88,11.0,0,On-Time
SH-2627,Mumbai,Pune,MARITIME,CARRIER-D,RT-BOM-PNQ-01,4,783200.0,12726.0,11,4,10,36.5,39.8,9.3,176.8,1.0,0.0,15.0,10.0,999.0,1.5,0.0,999.0,0,7.7,27.9,0.0,0,0.0,0.0,25.0,0.88,7.4,0,On-Time
SH-2920,Mumbai,Delhi,ROAD,CARRIER-C,RT-BOM-DEL-01,4,1472200.0,9243.1,6,3,10,1196.4,1305.2,28.0,113.8,1.0,0.0,15.0,10.0,999.0,1.5,0.0,999.0,0,0.0,0.0,0.0,0,0.0,0.0,110.0,0.86,14.6,0,On-Time
SH-3120,Chennai,Hyderabad,ROAD,CARRIER-A,RT-MAA-HYD-01,4,1169600.0,3127.7,15,4,10,66.8,72.9,16.0,52.9,3.1,20.2,37.4,7.3,0.0,7.3,81.6,23.4,1,0.0,0.0,0.0,0,0.0,0.0,55.0,0.92,225.6,0,Major (> 3h)
SH-4473,Chennai,Hyderabad,MARITIME,CARRIER-D,RT-MAA-HYD-01,1,1176300.0,8448.5,16,4,10,249.5,272.2,23.6,93.5,1.0,0.0,15.0,10.0,999.0,1.5,0.0,999.0,0,7.4,27.5,0.0,0,0.0,0.0,55.0,0.88,31.7,0,Minor (< 1h)
SH-2079,Bengaluru,Hyderabad,ROAD,CARRIER-C,RT-BLR-HYD-01,2,123600.0,2317.4,2,4,10,293.2,319.9,11.5,-5.9,4.3,27.9,42.2,7.3,0.0,1.5,0.0,999.0,0,0.0,0.0,0.0,0,0.0,0.0,45.0,0.86,78.0,1,Moderate (1-3h)
SH-4460,Chennai,Hyderabad,MARITIME,CARRIER-D,RT-MAA-HYD-01,3,2228900.0,4642.3,8,4,10,156.3,170.5,22.6,44.0,1.0,0.0,15.0,10.0,999.0,1.5,0.0,999.0,0,7.4,27.5,0.0,0,6.8,3.29,55.0,0.88,24.6,0,Minor (< 1h)
SH-3263,Bengaluru,Chennai,AIR,CARRIER-B,RT-BLR-MAA-01,2,453800.0,12428.9,22,4,10,83.4,91.0,3.9,16.0,1.0,0.0,15.0,10.0,999.0,1.5,0.0,999.0,0,0.0,0.0,0.0,0,0.0,0.0,30.0,0.97,89.2,0,Moderate (1-3h)
SH-4378,Chennai,Bengaluru,ROAD,CARRIER-A,RT-MAA-BLR-01,3,1031700.0,702.4,8,3,10,58.5,63.8,8.5,64.8,3.5,22.8,39.0,6.8,0.0,7.2,150.6,18.7,0,0.0,0.0,0.0,0,0.0,0.0,35.0,0.92,36.5,0,Minor (< 1h)
SH-3078,Bengaluru,Hyderabad,MARITIME,CARRIER-D,RT-BLR-HYD-01,3,940500.0,13464.3,0,4,10,156.5,170.7,21.9,126.0,1.0,0.0,15.0,10.0,999.0,1.5,0.0,999.0,0,0.0,0.0,0.0,0,0.0,0.0,45.0,0.88,64.1,0,Moderate (1-3h)
SH-3309,Bengaluru,Chennai,AIR,CARRIER-B,RT-BLR-MAA-01,3,2439000.0,6400.1,0,5,10,276.1,301.2,3.9,84.5,1.0,0.0,15.0,10.0,999.0,1.5,0.0,999.0,0,0.0,0.0,0.0,0,0.0,0.0,30.0,0.97,13.0,0,On-Time
SH-2426,Chennai,Hyderabad,MARITIME,CARRIER-D,RT-MAA-HYD-01,3,2101200.0,1034.1,12,3,10,382.3,417.1,23.1,71.5,1.0,0.0,15.0,10.0,999.0,1.5,0.0,999.0,0,7.4,27.5,0.0,0,6.8,3.29,55.0,0.88,28.2,0,Minor (< 1h)
SH-3622,Chennai,Coimbatore,ROAD,CARRIER-C,RT-MAA-CJB-01,3,1617200.0,17189.1,13,4,10,205.4,224.1,11.0,25.6,3.1,20.2,37.4,7.2,37.7,7.3,81.6,23.4,1,0.0,0.0,0.0,0,0.0,0.0,40.0,0.86,76.0,0,Moderate (1-3h)
SH-2517,Bengaluru,Hyderabad,MARITIME,CARRIER-D,RT-BLR-HYD-01,2,2232400.0,13010.4,18,3,10,257.3,280.7,22.9,239.3,1.0,0.0,15.0,10.0,999.0,1.5,0.0,999.0,0,0.0,0.0,0.0,0,0.0,0.0,45.0,0.88,1.7,0,On-Time
SH-3768,Chennai,Bengaluru,ROAD,CARRIER-C,RT-MAA-BLR-01,4,2234200.0,17078.7,0,5,10,98.3,107.2,9.0,115.2,8.2,53.3,57.8,2.6,37.7,1.5,0.0,999.0,0,0.0,0.0,0.0,0,0.0,0.0,35.0,0.86,11.2,0,On-Time
SH-4489,Bengaluru,Hyderabad,AIR,CARRIER-B,RT-BLR-HYD-01,3,938100.0,574.3,4,5,10,145.2,158.4,4.7,23.2,1.0,0.0,15.0,10.0,999.0,1.5,0.0,999.0,0,0.0,0.0,0.0,0,0.0,0.0,45.0,0.97,57.6,0,Minor (< 1h)
SH-3868,Mumbai,Delhi,ROAD,CARRIER-C,RT-BOM-DEL-01,2,566500.0,15092.6,5,4,10,696.6,759.9,29.0,173.5,10.0,65.0,65.0,1.0,0.0,1.5,0.0,999.0,0,0.0,0.0,0.0,0,0.0,0.0,110.0,0.86,15.3,0,Minor (< 1h)
SH-3936,Mumbai,Pune,ROAD,CARRIER-C,RT-BOM-PNQ-01,4,1693900.0,5626.8,11,4,10,118.0,128.7,5.5,118.2,10.0,65.0,65.0,1.0,0.0,1.5,0.0,999.0,0,0.0,0.0,0.0,0,0.0,0.0,25.0,0.86,4.2,0,On-Time
SH-3642,Chennai,Bengaluru,MARITIME,CARRIER-D,RT-MAA-BLR-01,3,873600.0,3363.6,22,4,10,211.0,230.2,14.6,113.6,1.0,0.0,15.0,10.0,999.0,1.5,0.0,999.0,0,7.4,27.5,0.0,0,0.0,0.0,35.0,0.88,15.2,0,Minor (< 1h)
SH-3585,Bengaluru,Chennai,ROAD,CARRIER-A,RT-BLR-MAA-01,3,2281300.0,15558.2,22,4,10,233.3,254.5,9.0,79.6,1.0,0.0,15.0,10.0,999.0,1.5,0.0,999.0,0,0.0,0.0,0.0,0,0.0,0.0,30.0,0.92,48.0,0,Minor (< 1h)
SH-3624,Chennai,Coimbatore,ROAD,CARRIER-C,RT-MAA-CJB-01,3,1444900.0,15477.0,16,3,10,405.6,442.5,10.5,-48.0,1.0,0.0,15.0,10.0,999.0,6.4,110.3,18.7,0,0.0,0.0,0.0,0,0.0,0.0,40.0,0.86,131.2,1,Moderate (1-3h)
SH-2582,Chennai,Coimbatore,AIR,CARRIER-B,RT-MAA-CJB-01,1,973100.0,14621.7,12,3,10,218.6,238.5,7.3,186.8,1.0,0.0,15.0,10.0,999.0,1.5,0.0,999.0,0,0.0,0.0,0.0,0,0.0,0.0,40.0,0.97,71.2,0,Moderate (1-3h)
SH-4068,Mumbai,Pune,MARITIME,CARRIER-D,RT-BOM-PNQ-01,2,339400.0,7545.2,23,4,10,42.8,46.7,7.8,77.3,1.0,0.0,15.0,10.0,999.0,1.5,0.0,999.0,0,7.7,27.9,0.0,0,0.0,0.0,25.0,0.88,29.9,0,Minor (< 1h)
SH-2193,Bengaluru,Hyderabad,AIR,CARRIER-B,RT-BLR-HYD-01,2,850900.0,5637.6,0,5,10,322.1,351.4,6.7,174.2,1.0,0.0,15.0,10.0,999.0,1.5,0.0,999.0,0,0.0,0.0,0.0,0,0.0,0.0,45.0,0.97,13.7,0,On-Time
SH-2064,Chennai,Coimbatore,MARITIME,CARRIER-D,RT-MAA-CJB-01,3,830100.0,14426.0,23,4,10,210.7,229.9,19.1,112.2,1.0,0.0,15.0,10.0,999.0,1.5,0.0,999.0,0,7.4,27.5,0.0,0,0.0,0.0,40.0,0.88,18.4,0,Minor (< 1h)
SH-3094,Chennai,Hyderabad,MARITIME,CARRIER-D,RT-MAA-HYD-01,3,82600.0,14048.8,4,5,10,91.5,99.8,24.6,132.7,1.0,0.0,15.0,10.0,999.0,1.5,0.0,999.0,0,7.4,22.8,0.0,0,0.0,0.0,55.0,0.88,61.9,0,Moderate (1-3h)
SH-3586,Chennai,Coimbatore,MARITIME,CARRIER-D,RT-MAA-CJB-01,3,1117300.0,2935.1,5,5,10,200.8,219.1,19.1,40.9,1.0,0.0,15.0,10.0,999.0,1.5,0.0,999.0,0,7.4,22.8,0.0,0,0.0,0.0,40.0,0.88,95.2,0,Moderate (1-3h)
SH-2382,Mumbai,Delhi,AIR,CARRIER-B,RT-BOM-DEL-01,4,576900.0,5718.0,15,4,10,1276.9,1393.0,11.1,62.5,1.0,0.0,15.0,10.0,999.0,1.5,0.0,999.0,0,0.0,0.0,0.0,0,0.0,0.0,110.0,0.97,74.4,0,Moderate (1-3h)
SH-3284,Mumbai,Pune,MARITIME,CARRIER-D,RT-BOM-PNQ-01,4,1482100.0,16296.8,21,3,10,41.3,45.1,8.3,97.0,1.0,0.0,15.0,10.0,999.0,1.5,0.0,999.0,0,7.7,27.9,0.0,0,0.0,0.0,25.0,0.88,54.2,0,Minor (< 1h)
SH-4358,Chennai,Hyderabad,ROAD,CARRIER-C,RT-MAA-HYD-01,1,300900.0,17452.3,9,3,10,216.1,235.7,13.0,52.6,3.5,22.8,39.0,6.8,0.0,7.2,150.6,18.7,0,0.0,0.0,0.0,0,0.0,0.0,55.0,0.86,17.4,0,Minor (< 1h)
SH-2827,Bengaluru,Hyderabad,ROAD,CARRIER-C,RT-BLR-HYD-01,2,2106700.0,3279.7,21,3,10,74.3,81.1,12.0,54.1,1.0,0.0,15.0,10.0,999.0,1.5,0.0,999.0,0,0.0,0.0,0.0,0,0.0,0.0,45.0,0.86,48.5,0,Minor (< 1h)
